customerID,Contract,tenure,MonthlyCharges,Churn,churn_probability,risk_level,in_test_set
7590-VHVEG,Month-to-month,1,29.85,No,70.4,High,False
5575-GNVDE,One year,34,56.95,No,2.1,Low,False
3668-QPYBK,Month-to-month,2,53.85,Yes,38.8,Medium,False
7795-CFOCW,One year,45,42.3,No,2.7,Low,False
9237-HQITU,Month-to-month,2,70.7,Yes,62.1,High,False
9305-CDSKC,Month-to-month,8,99.65,Yes,90.0,High,False
1452-KIOVK,Month-to-month,22,89.1,No,41.6,Medium,True
6713-OKOMC,Month-to-month,10,29.75,No,17.8,Low,True
7892-POOKP,Month-to-month,28,104.8,Yes,58.0,Medium,False
6388-TABGU,One year,62,56.15,No,1.9,Low,True
9763-GRSKD,Month-to-month,13,49.95,No,14.5,Low,False
7469-LKBCI,Two year,16,18.95,No,0.6,Low,False
8091-TTVAX,One year,58,100.35,No,24.8,Low,False
0280-XJGEX,Month-to-month,49,103.7,Yes,49.4,Medium,False
5129-JLPIS,Month-to-month,25,105.5,No,61.4,High,True
3655-SNQYZ,Two year,69,113.25,No,2.7,Low,False
8191-XWSZG,One year,52,20.65,No,1.7,Low,False
9959-WOFKT,Two year,71,106.7,No,7.5,Low,False
4190-MFLUW,Month-to-month,10,55.2,Yes,17.7,Low,True
4183-MYFRB,Month-to-month,21,90.05,No,45.5,Medium,False
8779-QRDMV,Month-to-month,1,39.65,Yes,86.5,High,False
1680-VDCWW,One year,12,19.8,No,4.1,Low,False
1066-JKSGK,Month-to-month,1,20.15,Yes,39.5,Medium,False
3638-WEABW,Two year,58,59.9,No,1.7,Low,False
6322-HRPFA,Month-to-month,49,59.6,No,7.4,Low,True
6865-JZNKO,Month-to-month,30,55.3,No,11.9,Low,False
6467-CHFZW,Month-to-month,47,99.35,Yes,53.4,Medium,False
8665-UTDHZ,Month-to-month,1,30.2,Yes,57.6,Medium,False
5248-YGIJN,Two year,72,90.25,No,0.6,Low,False
8773-HHUOZ,Month-to-month,17,64.7,Yes,27.8,Low,False
3841-NFECX,Two year,71,96.35,No,1.2,Low,False
4929-XIHVW,Month-to-month,2,95.5,No,70.8,High,False
6827-IEAUQ,One year,27,66.15,No,2.4,Low,False
7310-EGVHZ,Month-to-month,1,20.2,No,31.5,Medium,False
3413-BMNZE,Month-to-month,1,45.25,No,59.2,Medium,False
6234-RAAPL,Two year,72,99.9,No,0.7,Low,False
6047-YHPVI,Month-to-month,5,69.7,Yes,60.6,High,True
6572-ADKRS,Month-to-month,46,74.8,No,22.7,Low,False
5380-WJKOV,Month-to-month,34,106.35,Yes,51.6,Medium,True
8168-UQWWF,Month-to-month,11,97.85,Yes,86.3,High,False
8865-TNMNX,One year,10,49.55,No,6.4,Low,False
9489-DEDVP,Two year,70,69.2,No,2.3,Low,False
9867-JCZSP,One year,17,20.75,No,2.1,Low,False
4671-VJLCL,Two year,63,79.85,No,1.6,Low,False
4080-IIARD,Month-to-month,13,76.2,No,26.6,Low,False
3714-NTNFO,Month-to-month,49,84.5,No,44.3,Medium,False
5948-UJZLF,Month-to-month,2,49.25,No,35.6,Medium,False
7760-OYPDY,Month-to-month,2,80.65,Yes,69.5,High,False
7639-LIAYI,Two year,52,79.75,No,2.8,Low,False
2954-PIBKO,Two year,69,64.15,No,1.1,Low,True
8012-SOUDQ,Month-to-month,43,90.25,No,44.4,Medium,False
9420-LOJKX,Month-to-month,15,99.1,Yes,58.4,Medium,True
6575-SUVOI,Month-to-month,25,69.5,No,11.5,Low,False
7495-OOKFY,Month-to-month,8,80.65,Yes,70.3,High,True
4667-QONEA,One year,60,74.85,No,3.3,Low,False
1658-BYGOY,Month-to-month,18,95.45,Yes,69.5,High,False
8769-KKTPH,One year,63,99.65,No,16.2,Low,False
5067-XJQFU,One year,66,108.45,No,25.4,Low,False
3957-SQXML,Two year,34,24.95,No,1.3,Low,False
5954-BDFSG,Two year,72,107.5,No,6.2,Low,False
0434-CSFON,Month-to-month,47,100.5,No,52.1,Medium,False
1215-FIGMP,Month-to-month,60,89.9,No,23.5,Low,False
0526-SXDJP,Two year,72,42.1,No,1.7,Low,False
0557-ASKVU,One year,18,54.4,No,7.7,Low,False
5698-BQJOH,Month-to-month,9,94.4,Yes,73.3,High,True
5122-CYFXA,Month-to-month,3,75.3,No,37.4,Medium,False
8627-ZYGSZ,One year,47,78.9,No,20.8,Low,False
3410-YOQBQ,Two year,31,79.2,No,2.7,Low,False
3170-NMYVV,Two year,50,20.15,No,1.1,Low,False
7410-OIEDU,Month-to-month,10,79.85,No,40.6,Medium,False
2273-QCKXA,Month-to-month,1,49.05,No,30.3,Medium,False
0731-EBJQB,One year,52,20.4,No,4.9,Low,False
1891-QRQSA,Two year,64,111.6,No,6.5,Low,False
8028-PNXHQ,Two year,62,24.25,No,1.0,Low,True
5630-AHZIL,Month-to-month,3,64.5,No,22.4,Low,True
2673-CXQEU,One year,56,110.5,No,18.3,Low,False
6416-JNVRK,One year,46,55.65,No,8.8,Low,False
5590-ZSKRV,Month-to-month,8,54.65,No,12.2,Low,False
0191-ZHSKZ,Month-to-month,30,74.75,No,18.7,Low,False
3887-PBQAO,One year,45,25.9,No,3.4,Low,False
5919-TMRGD,Month-to-month,1,79.35,Yes,87.6,High,False
8108-UXRQN,Month-to-month,11,50.55,No,29.5,Low,False
9191-MYQKX,Month-to-month,7,75.15,Yes,56.9,Medium,False
9919-YLNNG,Month-to-month,42,103.8,No,33.0,Medium,False
0318-ZOPWS,Two year,49,20.15,No,1.4,Low,False
4445-ZJNMU,Month-to-month,9,99.3,No,84.2,High,True
4808-YNLEU,One year,35,62.15,No,5.0,Low,False
1862-QRWPE,Two year,48,20.65,No,1.0,Low,True
2796-NNUFI,Two year,46,19.95,No,1.1,Low,False
3016-KSVCP,Month-to-month,29,33.75,No,20.8,Low,False
4767-HZZHQ,Month-to-month,30,82.05,No,23.8,Low,False
2424-WVHPL,Month-to-month,1,74.7,No,59.0,Medium,False
7233-PAHHL,Two year,66,84.0,No,2.5,Low,False
6067-NGCEU,Month-to-month,65,111.05,No,18.2,Low,False
9848-JQJTX,Two year,72,100.9,No,5.6,Low,False
8637-XJIVR,Month-to-month,12,78.95,Yes,54.0,Medium,False
9803-FTJCG,One year,71,66.85,No,1.5,Low,False
0278-YXOOG,Month-to-month,5,21.05,Yes,12.3,Low,False
3212-KXOCR,Two year,52,21.0,No,1.9,Low,False
4598-XLKNJ,Month-to-month,25,98.5,Yes,68.7,High,False
6380-ARCEH,Month-to-month,1,20.2,No,34.4,Medium,False
3679-XASPY,Month-to-month,1,19.45,No,35.7,Medium,True
7123-WQUHX,One year,38,95.0,No,10.7,Low,False
5386-THSLQ,One year,66,45.55,No,8.4,Low,False
3192-NQECA,Two year,68,110.0,Yes,26.6,Low,False
6180-YBIQI,Month-to-month,5,24.3,No,35.6,Medium,False
6728-DKUCO,One year,72,104.15,No,6.5,Low,False
9750-BOOHV,One year,32,30.15,No,4.9,Low,False
8597-CWYHH,One year,43,94.35,No,22.3,Low,False
2848-YXSMW,Two year,72,19.4,No,0.6,Low,False
0486-HECZI,Month-to-month,55,96.75,Yes,32.8,Medium,True
4549-ZDQYY,One year,52,57.95,No,3.4,Low,False
5712-AHQNN,Month-to-month,43,91.65,No,31.0,Medium,False
4846-WHAFZ,Month-to-month,37,76.5,Yes,53.1,Medium,True
5256-SKJGO,Two year,64,54.6,No,3.1,Low,False
3071-VBYPO,Month-to-month,3,89.85,No,39.4,Medium,False
9560-BBZXK,Two year,36,31.05,No,2.6,Low,False
5299-RULOA,Month-to-month,10,100.25,Yes,83.5,High,False
8402-OOOHJ,Two year,41,20.65,No,0.9,Low,False
9445-ZUEQE,Month-to-month,27,85.2,No,28.1,Low,False
1091-SOZGA,One year,56,99.8,No,30.6,Medium,False
2928-HLDBA,Month-to-month,6,20.7,No,8.5,Low,False
0404-SWRVG,Month-to-month,3,74.4,Yes,73.6,High,False
6497-TILVL,Month-to-month,7,50.7,No,15.6,Low,True
7219-TLZHO,Month-to-month,4,20.85,No,13.9,Low,False
4622-YNKIJ,Two year,33,88.95,No,7.2,Low,False
4412-YLTKF,Month-to-month,27,78.05,Yes,47.0,Medium,True
6734-PSBAW,Two year,72,23.55,No,0.6,Low,False
3930-ZGWVE,Month-to-month,1,19.75,No,33.1,Medium,True
2639-UGMAZ,One year,71,56.45,No,10.6,Low,False
2876-GZYZC,Month-to-month,13,85.95,No,62.6,High,False
6207-WIOLX,Month-to-month,25,58.6,Yes,19.7,Low,False
8587-XYZSF,Two year,67,50.55,No,1.9,Low,False
3091-FYHKI,Month-to-month,1,35.45,Yes,77.9,High,False
2372-HWUHI,Month-to-month,2,44.35,Yes,49.3,Medium,False
7799-LGRDP,Two year,43,25.7,No,2.6,Low,False
7850-VWJUU,Month-to-month,23,75.0,No,20.2,Low,False
3774-VBNXY,Two year,64,20.2,No,0.6,Low,False
6217-KDYWC,Two year,57,19.6,No,3.2,Low,False
0390-DCFDQ,Month-to-month,1,70.45,Yes,82.6,High,True
3146-MSEGF,Two year,72,88.05,No,0.6,Low,False
4080-OGPJL,Month-to-month,8,71.15,Yes,21.7,Low,False
1095-WGNGG,Two year,61,101.05,No,6.5,Low,False
2636-SJDOU,One year,64,84.3,No,7.4,Low,False
1131-QQZEB,Two year,71,23.95,No,1.0,Low,False
5716-EZXZN,Two year,65,99.05,No,2.7,Low,False
6837-BJYDQ,One year,3,19.6,No,5.5,Low,False
2135-RXIHG,Month-to-month,1,45.65,Yes,70.1,High,False
6440-DKQGE,One year,30,64.5,No,3.1,Low,False
3466-BYAVD,Month-to-month,15,69.5,No,18.8,Low,False
3780-YVMFA,Month-to-month,8,68.55,No,28.4,Low,True
3874-EQOEP,Month-to-month,7,95.0,Yes,74.3,High,False
1679-JRFBR,One year,70,108.15,No,10.5,Low,False
9073-ZZIAY,Two year,62,86.1,No,1.6,Low,True
3077-RSNTJ,Month-to-month,6,19.7,No,11.4,Low,True
6551-GNYDG,Month-to-month,14,80.9,No,50.4,Medium,False
9167-APMXZ,Month-to-month,22,84.15,No,47.0,Medium,True
2749-CTKAJ,One year,22,20.15,No,2.4,Low,False
6371-NZYEG,Two year,16,64.25,No,2.5,Low,False
7554-NEWDD,Two year,10,25.7,No,2.6,Low,False
8992-VONJD,Month-to-month,13,56.0,No,25.0,Low,False
0867-MKZVY,Month-to-month,20,82.4,Yes,37.8,Medium,False
4482-EWFMI,Month-to-month,2,69.7,No,60.6,High,False
4648-YPBTM,Two year,53,73.9,No,2.8,Low,True
2907-ILJBN,One year,11,20.6,No,2.5,Low,True
6345-FZOQH,Two year,69,19.9,No,0.8,Low,True
3376-BMGFE,Month-to-month,4,70.9,Yes,59.1,Medium,False
5997-OPVFA,Two year,72,89.05,No,0.7,Low,False
3445-HXXGF,Month-to-month,58,45.3,Yes,45.2,Medium,False
1159-WFSGR,Month-to-month,16,20.4,No,8.9,Low,False
7654-YWJUF,One year,43,84.25,No,7.9,Low,True
1875-QIVME,Month-to-month,2,104.4,Yes,86.0,High,False
6727-IOTLZ,Two year,14,81.95,No,3.4,Low,False
0691-JVSYA,One year,53,94.85,Yes,19.3,Low,False
5918-VUKWP,One year,32,20.55,No,1.8,Low,False
1744-JHKYS,Month-to-month,34,24.7,No,10.4,Low,True
2656-FMOKZ,Month-to-month,15,74.45,Yes,62.4,High,False
2070-FNEXE,Month-to-month,7,76.45,Yes,40.1,Medium,True
5947-SGKCL,Month-to-month,15,105.35,No,50.0,Medium,False
3712-PKXZA,One year,61,20.55,No,2.2,Low,False
6317-YPKDH,Month-to-month,1,29.95,Yes,46.5,Medium,True
6582-OIVSP,Month-to-month,1,45.3,No,49.6,Medium,False
9367-WXLCH,Month-to-month,8,84.5,Yes,68.9,High,False
5524-KHNJP,One year,33,74.75,No,9.2,Low,True
1918-ZBFQJ,Month-to-month,13,79.25,Yes,57.6,Medium,False
1024-GUALD,Month-to-month,1,24.8,Yes,71.2,High,True
4827-USJHP,Month-to-month,20,51.8,No,19.8,Low,False
8167-GJLRN,Month-to-month,3,30.4,No,39.2,Medium,False
0956-SYCWG,One year,13,19.65,No,4.4,Low,False
8017-UVSZU,Month-to-month,40,56.6,No,15.6,Low,False
7100-FQPRV,One year,43,71.9,No,8.4,Low,False
2472-OVKUP,Month-to-month,6,91.0,Yes,68.1,High,False
2984-RGEYA,Two year,69,19.75,No,1.0,Low,True
9680-NIAUV,Two year,72,109.7,No,1.1,Low,False
2146-EGVDT,Two year,59,19.3,No,1.1,Low,False
2604-IJPDU,Month-to-month,20,96.55,No,45.1,Medium,True
9178-JHUVJ,Two year,24,24.1,No,1.8,Low,False
6168-YBYNP,Month-to-month,59,111.35,No,36.0,Medium,False
7255-SSFBC,Two year,72,112.25,No,2.0,Low,False
3645-DEYGF,Month-to-month,1,20.75,No,33.2,Medium,False
9323-HGFWY,One year,27,101.9,No,25.5,Low,False
8544-GOQSH,Month-to-month,14,80.05,No,42.7,Medium,False
3363-DTIVD,Two year,71,105.55,No,11.0,Low,False
7018-WBJNK,Month-to-month,13,78.3,No,50.1,Medium,True
9142-KZXOP,Month-to-month,44,68.85,No,21.8,Low,False
7674-YTAFD,One year,33,79.95,No,12.0,Low,False
6348-SNFUS,Two year,72,55.45,No,0.6,Low,False
1285-OKIPP,Month-to-month,1,79.9,Yes,84.1,High,False
7825-ECJRF,Month-to-month,19,106.6,Yes,55.8,Medium,False
1347-KTTTA,One year,64,102.45,No,11.9,Low,False
7841-TZDMQ,Month-to-month,2,46.0,Yes,47.8,Medium,False
4195-NZGTA,Month-to-month,1,25.25,No,56.6,Medium,False
7157-SMCFK,Two year,61,19.75,No,2.2,Low,True
4709-LKHYG,One year,29,20.0,No,2.8,Low,True
2504-DSHIH,Month-to-month,23,86.8,No,45.3,Medium,False
0699-NDKJM,Month-to-month,57,58.75,No,16.3,Low,False
9286-BHDQG,Two year,72,45.25,No,0.9,Low,True
0230-WEQUW,Two year,66,56.6,No,1.8,Low,False
2040-LDIWQ,Two year,65,84.2,No,4.1,Low,False
6496-JDSSB,Month-to-month,8,80.0,No,64.5,High,False
9408-SSNVZ,Month-to-month,4,70.15,Yes,61.6,High,False
4443-EMBNA,Two year,71,24.75,No,0.6,Low,False
6469-MRVET,One year,1,20.2,No,22.8,Low,False
0742-MOABM,Month-to-month,4,50.05,Yes,26.9,Low,True
5961-VUSRV,One year,12,19.35,No,4.5,Low,False
6778-JFCMK,One year,24,50.6,No,13.5,Low,False
6341-JVQGF,One year,31,81.15,No,8.5,Low,False
2232-DMLXU,Month-to-month,1,55.2,Yes,63.2,High,False
4811-JBUVU,Month-to-month,30,89.9,No,34.7,Medium,False
0945-TSONX,Two year,47,85.3,No,1.6,Low,False
2651-ZCBXV,Two year,54,108.0,No,16.7,Low,False
3316-UWXUY,Month-to-month,50,93.5,No,13.9,Low,False
8937-RDTHP,Month-to-month,1,84.6,Yes,71.9,High,False
7083-MIOPC,Two year,72,20.25,No,0.4,Low,False
1984-GPTEH,Month-to-month,29,25.15,No,10.5,Low,False
1251-KRREG,Month-to-month,2,54.4,Yes,52.7,Medium,False
0621-JFHOL,Two year,10,29.6,No,5.2,Low,False
9903-LYSAB,Month-to-month,18,73.15,No,55.8,Medium,False
0094-OIFMO,Month-to-month,11,95.0,Yes,71.7,High,False
9227-UAQFT,Two year,16,19.75,No,2.0,Low,False
7301-ABVAD,Two year,72,86.6,No,0.9,Low,False
6614-FHDBO,Two year,72,109.2,No,3.2,Low,False
7576-ASEJU,One year,41,74.7,No,9.8,Low,False
9058-HRZSV,Month-to-month,65,94.4,No,16.6,Low,False
4522-AKYLR,Month-to-month,13,54.8,No,36.1,Medium,False
0221-WMXNQ,Month-to-month,4,75.35,No,40.8,Medium,False
0303-UNCIP,One year,41,65.0,No,9.0,Low,False
9947-OTFQU,Month-to-month,15,74.4,Yes,64.4,High,False
0322-YINQP,Month-to-month,1,48.55,Yes,46.6,Medium,False
0959-WHOKV,One year,42,99.0,No,30.5,Medium,True
4075-JFPGR,One year,51,93.5,No,12.7,Low,True
4629-NRXKX,Month-to-month,2,70.4,Yes,52.2,Medium,False
9514-JDSKI,Month-to-month,1,40.2,Yes,79.3,High,False
3282-ZISZV,One year,32,83.7,No,11.2,Low,False
3675-YDUPJ,Month-to-month,10,19.85,No,10.4,Low,False
4111-BNXIF,Two year,67,59.55,No,3.5,Low,False
7017-VFHAY,Two year,61,115.1,No,3.6,Low,False
6655-LHBYW,One year,50,114.35,No,19.8,Low,False
4959-JOSRX,Month-to-month,2,44.6,Yes,51.7,Medium,False
5046-NUHWD,Month-to-month,29,45.0,No,25.9,Low,False
7273-TEFQD,Month-to-month,3,41.15,Yes,76.1,High,True
3606-TWKGI,Month-to-month,13,106.9,Yes,68.9,High,False
7529-ZDFXI,Month-to-month,57,89.85,No,36.6,Medium,True
7605-BDWDC,Two year,31,49.85,No,1.6,Low,False
1950-KSVVJ,One year,45,113.3,No,14.0,Low,False
0123-CRBRT,Two year,61,88.1,No,0.9,Low,True
6292-TOSSS,Two year,50,24.9,No,1.8,Low,True
3197-ARFOY,Month-to-month,19,105.0,No,43.5,Medium,True
6323-AYBRX,Two year,59,19.35,Yes,3.0,Low,False
7014-ZZXAW,Two year,71,24.25,No,0.7,Low,False
4385-GZQXV,Month-to-month,16,94.45,Yes,57.4,Medium,False
7633-MVPUY,Two year,57,59.75,No,2.4,Low,False
6366-ZGQGL,Month-to-month,1,24.8,Yes,51.2,Medium,False
4716-HHKQH,Month-to-month,20,107.05,No,54.2,Medium,False
5940-AHUHD,Month-to-month,1,70.6,Yes,69.5,High,False
6432-TWQLB,Month-to-month,5,85.4,Yes,74.2,High,False
4484-GLZOU,Month-to-month,52,105.05,Yes,51.0,Medium,False
3179-GBRWV,Month-to-month,21,64.95,No,14.0,Low,True
8645-KWHJO,Month-to-month,14,55.0,No,50.0,Medium,False
4130-MZLCC,Month-to-month,5,50.55,No,25.0,Low,False
0314-TKOSI,Month-to-month,6,55.15,No,18.2,Low,False
8229-MYEJZ,Month-to-month,10,51.2,No,23.6,Low,False
2080-SRCDE,Month-to-month,1,25.4,No,25.4,Low,False
9577-WJVCQ,Month-to-month,68,54.45,No,5.1,Low,False
9512-UIBFX,Month-to-month,18,95.15,Yes,31.4,Medium,True
6202-DYYFX,One year,22,76.0,No,15.1,Low,False
3808-HFKDE,Month-to-month,20,44.35,No,30.2,Medium,False
5583-SXDAG,Month-to-month,1,70.0,Yes,77.9,High,False
3488-PGMQJ,Month-to-month,8,74.5,Yes,59.5,Medium,False
3580-REOAC,Month-to-month,10,44.85,Yes,22.9,Low,False
7534-BFESC,Month-to-month,24,76.1,Yes,47.4,Medium,True
3727-OWVYD,One year,35,61.2,No,2.2,Low,False
2294-SALNE,One year,23,86.8,No,7.2,Low,False
4847-TAJYI,Month-to-month,6,89.35,No,75.5,High,False
1563-IWQEX,Month-to-month,12,19.7,No,10.2,Low,False
8203-XJZRC,Month-to-month,1,20.25,No,31.0,Medium,False
6556-DBKZF,Two year,71,76.05,No,3.6,Low,False
6851-WEFYX,Month-to-month,35,100.8,No,62.8,High,False
2985-JUUBZ,Month-to-month,40,74.55,No,31.2,Medium,False
6390-DSAZX,Month-to-month,1,73.6,Yes,66.6,High,False
0895-LMRSF,One year,23,64.9,No,10.4,Low,True
8098-LLAZX,Month-to-month,4,95.45,Yes,85.5,High,False
8266-VBFQL,Month-to-month,4,90.4,No,65.6,High,True
8181-YHCMF,Two year,68,60.3,No,1.4,Low,True
2240-HSJQD,Month-to-month,38,81.85,No,33.3,Medium,False
1248-DYXUB,Two year,52,24.8,No,1.2,Low,False
0265-EDXBD,Month-to-month,32,74.9,Yes,55.0,Medium,False
4115-BNPJY,Two year,29,75.55,No,1.2,Low,False
3167-SNQPL,Month-to-month,38,101.15,No,40.8,Medium,False
4091-TVOCN,One year,48,78.75,No,8.5,Low,False
1098-TDVUQ,Month-to-month,1,19.25,No,29.4,Low,False
7277-OZCGZ,Month-to-month,22,89.05,No,28.5,Low,True
1557-EMYVT,Two year,43,115.05,No,15.3,Low,False
2799-ARNLO,Month-to-month,5,69.35,No,64.3,High,False
7563-BIUPC,Month-to-month,5,80.6,Yes,69.1,High,False
5027-YOCXN,One year,51,110.05,No,17.4,Low,True
3973-SKMLN,Two year,71,19.9,No,0.7,Low,False
2321-OMBXY,One year,38,80.3,Yes,8.8,Low,False
2840-XANRC,Month-to-month,24,93.15,Yes,54.1,Medium,False
6745-JEFZB,Month-to-month,35,91.5,No,31.2,Medium,False
5020-ZSTTY,One year,54,82.45,Yes,8.2,Low,False
9880-TDQAC,Two year,72,60.0,No,2.4,Low,False
8705-WZCYL,Month-to-month,1,44.8,No,62.3,High,False
7102-JJVTX,One year,9,48.6,No,6.1,Low,False
8626-PTQGE,Two year,69,60.05,No,1.7,Low,True
4983-CLMLV,Month-to-month,52,102.7,No,33.3,Medium,True
5701-YVSVF,Month-to-month,11,82.9,No,58.1,Medium,False
5804-LEPIM,Month-to-month,2,70.35,Yes,64.7,High,False
5697-GOMBF,Month-to-month,28,35.9,No,33.2,Medium,False
2739-CACDQ,Month-to-month,17,82.65,No,47.0,Medium,False
9385-EHGDO,Two year,35,19.85,No,1.2,Low,False
9498-FIMXL,One year,8,19.2,No,2.1,Low,False
2379-GYFLQ,One year,46,94.9,No,17.9,Low,False
0122-OAHPZ,Month-to-month,7,73.85,Yes,71.9,High,False
2868-SNELZ,Month-to-month,2,80.6,Yes,67.3,High,False
4322-RCYMT,One year,68,75.8,Yes,11.2,Low,False
6680-NENYN,Two year,43,104.6,Yes,34.7,Medium,False
2088-IEBAU,Two year,68,88.15,No,3.5,Low,True
7982-VCELR,Month-to-month,36,94.8,No,26.0,Low,False
1343-EHPYB,Month-to-month,63,103.4,Yes,41.2,Medium,False
6035-BXTTY,Month-to-month,32,54.65,No,8.7,Low,False
6885-PKOAM,Two year,71,85.75,No,0.8,Low,False
7520-HQWJU,Month-to-month,66,67.45,No,8.0,Low,True
9639-BUJXT,One year,63,20.5,No,1.2,Low,False
5924-SNGKP,One year,41,20.25,No,2.1,Low,True
0021-IKXGC,Month-to-month,1,72.1,No,85.5,High,False
2034-GDRCN,Month-to-month,2,90.4,Yes,74.8,High,True
8966-SNIZF,Two year,70,19.45,No,1.2,Low,False
6243-OZGFH,Month-to-month,23,44.95,No,42.4,Medium,False
4654-DLAMQ,One year,64,97.0,No,6.3,Low,False
0513-RBGPE,Two year,37,62.8,No,1.7,Low,True
5160-UXJED,One year,17,44.6,No,5.6,Low,False
4115-NZRKS,Month-to-month,7,89.15,No,74.1,High,True
0219-YTZUE,Month-to-month,4,84.8,Yes,76.5,High,False
0623-IIHUG,Month-to-month,21,41.9,Yes,55.2,Medium,False
4572-DVCGN,Month-to-month,10,80.25,Yes,56.9,Medium,False
3351-NGXYI,Month-to-month,16,54.1,No,38.4,Medium,False
8984-EYLLL,Two year,64,105.25,No,9.8,Low,False
9057-MSWCO,Month-to-month,27,30.75,Yes,20.8,Low,False
9833-TGFHX,One year,42,97.1,No,18.4,Low,False
9294-TDIPC,Month-to-month,5,20.2,No,7.8,Low,False
5229-DTFYB,Two year,41,98.8,No,4.7,Low,False
0104-PPXDV,One year,58,50.3,No,3.8,Low,False
5176-LMJXE,Two year,47,20.55,No,1.1,Low,False
3583-KRKMD,Month-to-month,18,75.9,No,23.5,Low,False
1010-DIAUQ,Month-to-month,5,96.5,Yes,67.6,High,False
9069-LGEUL,Month-to-month,23,59.95,No,9.5,Low,False
7302-ZHMHP,Month-to-month,1,19.15,No,16.0,Low,False
9571-EDEBV,One year,71,98.65,No,22.9,Low,False
3520-FJGCV,Two year,72,112.6,No,1.5,Low,False
6563-VRERX,One year,33,20.6,No,1.8,Low,False
0259-GBZSH,Month-to-month,2,85.65,Yes,80.7,High,False
6122-EFVKN,Two year,24,35.75,No,1.6,Low,False
2805-EDJPQ,One year,56,99.75,No,16.2,Low,False
6862-CQUMB,Month-to-month,37,96.1,No,30.5,Medium,False
7156-MXBJE,One year,43,85.1,No,9.2,Low,False
6158-HDPXZ,Month-to-month,1,25.35,No,51.5,Medium,True
9601-BRXPO,Month-to-month,25,104.95,Yes,58.1,Medium,False
2863-IMQDR,Two year,61,89.65,No,2.0,Low,False
5686-CMAWK,One year,17,86.75,No,14.0,Low,False
5651-CRHKQ,One year,41,86.2,No,9.0,Low,False
6905-NIQIN,Month-to-month,1,50.65,Yes,47.2,Medium,False
8204-YJCLA,Two year,72,64.8,No,0.7,Low,False
5167-ZFFMM,Month-to-month,1,90.85,Yes,88.6,High,True
6583-SZVGP,Two year,48,108.1,No,27.5,Low,True
4895-TMWIR,Month-to-month,11,19.95,Yes,12.4,Low,False
0533-BNWKF,Month-to-month,55,85.45,Yes,40.3,Medium,False
1708-PBBOA,One year,42,54.75,No,14.1,Low,False
8782-LKFPK,Month-to-month,44,90.4,No,29.8,Low,False
5522-JBWMO,Month-to-month,1,44.0,No,49.4,Medium,False
3597-MVHJT,Month-to-month,27,95.6,No,51.4,Medium,False
9774-NRNAU,Month-to-month,27,84.8,No,24.4,Low,False
0224-RLWWD,Month-to-month,2,44.3,No,56.2,Medium,False
9967-ATRFS,Month-to-month,19,19.9,No,7.3,Low,False
3951-NJCVI,Month-to-month,42,95.05,No,53.7,Medium,False
2977-CEBSX,Two year,66,90.05,No,2.1,Low,False
0177-PXBAT,Month-to-month,33,109.9,No,34.8,Medium,False
6599-CEBNN,Month-to-month,34,73.95,Yes,36.2,Medium,False
2519-ERQOJ,Month-to-month,33,54.6,No,22.9,Low,False
5876-QMYLD,One year,23,20.05,No,2.1,Low,False
2277-AXSDC,One year,32,19.75,No,3.1,Low,False
9442-JTWDL,One year,11,20.05,No,2.5,Low,False
0979-PHULV,Month-to-month,69,99.45,Yes,55.1,Medium,True
3067-SVMTC,One year,68,55.9,No,2.3,Low,False
5495-GPSRW,Two year,20,19.7,No,2.3,Low,True
7606-BPHHN,Two year,72,19.8,No,0.7,Low,True
4742-DRORA,One year,60,95.4,No,7.6,Low,False
0111-KLBQG,Month-to-month,32,93.95,No,42.7,Medium,False
4800-VHZKI,Month-to-month,1,19.9,Yes,50.0,Medium,False
7989-CHGTL,Month-to-month,1,19.6,Yes,41.7,Medium,False
0334-GDDSO,Month-to-month,3,81.35,Yes,78.4,High,False
4163-NCJAK,One year,46,24.45,No,4.4,Low,False
5233-AOZUF,Month-to-month,29,74.95,No,44.4,Medium,False
5973-EJGDP,Month-to-month,51,87.35,No,28.5,Low,False
1996-DBMUS,Month-to-month,48,70.65,No,25.2,Low,False
7916-VCCPB,Month-to-month,16,73.25,No,33.9,Medium,False
4686-GEFRM,Two year,70,98.7,No,5.6,Low,False
5249-QYHEX,Two year,40,24.8,No,1.6,Low,False
0578-SKVMF,Month-to-month,22,83.3,Yes,34.6,Medium,False
5564-NEMQO,Month-to-month,1,75.3,Yes,82.3,High,False
2233-FAGXV,Month-to-month,5,24.3,No,15.0,Low,False
5605-IYGFG,Month-to-month,7,69.85,No,52.8,Medium,False
7663-ZTEGJ,One year,29,100.55,No,18.6,Low,False
3935-TBRZZ,One year,44,25.7,No,3.1,Low,False
8111-BKVDS,Month-to-month,10,40.7,No,17.1,Low,False
2055-SIFSS,Month-to-month,55,51.65,No,15.1,Low,False
2806-MLNTI,One year,52,105.1,No,33.9,Medium,False
8734-DKSTZ,Month-to-month,10,85.95,No,57.0,Medium,False
4360-PNRQB,Month-to-month,18,75.6,No,38.0,Medium,True
6152-ONASV,One year,68,58.25,No,2.4,Low,False
9063-ZGTUY,Month-to-month,61,19.4,Yes,11.9,Low,False
7781-HVGMK,Two year,72,65.2,No,0.6,Low,False
2181-UAESM,Month-to-month,2,53.45,No,37.5,Medium,False
2957-LOLHO,Month-to-month,12,45.4,Yes,23.4,Low,False
6048-NJXHX,Two year,41,19.75,No,4.6,Low,False
2320-SLKMB,Month-to-month,26,44.45,No,19.1,Low,False
4980-URKXC,One year,36,20.85,No,2.4,Low,False
4376-KFVRS,Two year,72,114.05,No,1.6,Low,True
5886-VLQVU,Month-to-month,35,89.85,No,27.1,Low,False
3577-AMVUX,Month-to-month,1,55.05,No,39.3,Medium,False
0771-WLCLA,Month-to-month,16,112.95,No,39.1,Medium,False
5628-RKIFK,Month-to-month,49,101.55,No,34.0,Medium,False
0206-TBWLC,One year,54,114.65,No,17.0,Low,False
2937-FTHUR,Month-to-month,18,64.8,No,23.4,Low,False
1910-FMXJM,Month-to-month,36,80.4,No,35.9,Medium,False
7752-XUSCI,Month-to-month,60,105.9,Yes,48.9,Medium,False
4110-PFEUZ,Month-to-month,1,69.55,Yes,77.1,High,False
0732-OCQOC,Two year,52,25.05,No,1.3,Low,True
5168-MSWXT,Month-to-month,8,94.75,No,70.7,High,False
1090-ESELR,Two year,72,105.5,No,2.4,Low,True
8592-PLTMQ,One year,64,24.7,No,1.3,Low,False
5760-WRAHC,Month-to-month,22,69.75,No,11.4,Low,False
8847-GEOOQ,Month-to-month,60,60.2,No,10.6,Low,False
0256-LTHVJ,Month-to-month,28,81.05,Yes,38.6,Medium,True
4785-FCIFB,Two year,61,24.4,No,0.9,Low,True
8313-NDOIA,Month-to-month,24,104.15,No,72.6,High,False
5149-CUZUJ,One year,28,92.9,No,10.0,Low,False
0942-KOWSM,Two year,30,80.8,No,2.3,Low,False
4237-CLSMM,Month-to-month,2,20.0,No,14.1,Low,True
1452-VOQCH,Month-to-month,1,75.1,No,85.6,High,False
4719-UMSIY,Month-to-month,6,19.65,No,9.8,Low,False
6614-VBEGU,Month-to-month,24,69.45,No,14.8,Low,False
0880-TKATG,Month-to-month,4,101.15,Yes,81.3,High,False
3811-VBYBZ,Month-to-month,7,99.8,Yes,88.7,High,False
1480-BKXGA,Two year,72,116.05,No,2.9,Low,False
2996-XAUVF,Two year,70,40.05,No,2.7,Low,False
9076-AXYIK,Two year,64,102.1,No,10.0,Low,False
5968-XQIVE,One year,72,89.7,No,8.9,Low,False
8896-RAZCR,Two year,44,19.9,No,1.0,Low,False
4640-UHDOS,Month-to-month,13,55.95,Yes,25.0,Low,True
4933-IKULF,One year,17,20.65,No,3.4,Low,False
3583-EKAPL,Month-to-month,1,55.0,Yes,77.6,High,False
1304-BCCFO,Month-to-month,9,70.05,No,31.2,Medium,False
4104-PVRPS,Month-to-month,24,53.6,No,6.9,Low,False
9399-APLBT,Month-to-month,1,74.7,Yes,80.0,High,False
2359-KMGLI,Month-to-month,24,80.25,Yes,49.4,Medium,False
3780-DDGSE,Month-to-month,35,76.05,No,19.0,Low,True
4431-EDMIQ,Month-to-month,7,75.7,No,20.8,Low,False
0306-JAELE,Month-to-month,5,96.1,Yes,72.4,High,False
6227-HWPWX,Month-to-month,15,69.0,Yes,26.9,Low,True
0486-LGCCH,Two year,11,19.65,No,1.6,Low,False
0447-BEMNG,Month-to-month,48,45.3,Yes,17.6,Low,True
4612-SSVHJ,Month-to-month,20,81.45,No,47.7,Medium,False
5168-MQQCA,One year,72,108.5,No,9.8,Low,False
5949-XIKAE,Month-to-month,8,83.55,Yes,64.5,High,False
7971-HLVXI,Two year,72,84.5,No,3.1,Low,True
9094-AZPHK,Month-to-month,15,100.15,No,76.2,High,False
3649-JPUGY,Two year,72,88.6,No,1.4,Low,True
4472-LVYGI,Two year,0,52.55,No,5.1,Low,False
8372-JUXUI,Month-to-month,1,74.35,Yes,82.5,High,False
3552-CTCYF,Two year,63,104.8,No,8.6,Low,False
6778-YSNIH,Month-to-month,2,59.0,No,50.0,Medium,False
0388-EOPEX,Month-to-month,2,74.4,Yes,52.3,Medium,True
5756-OZRIO,One year,61,64.05,No,5.5,Low,False
6579-JPICP,Month-to-month,1,20.4,No,29.2,Low,False
8205-OTCHB,One year,22,43.75,Yes,22.5,Low,False
4134-BSXLX,Month-to-month,28,60.9,No,4.8,Low,False
0505-SPOOW,Two year,70,19.8,No,0.9,Low,False
6235-VDHOM,Month-to-month,5,28.45,Yes,49.6,Medium,False
7783-YKGDV,Month-to-month,12,99.7,Yes,63.5,High,False
4374-YMUSQ,One year,34,116.25,No,15.4,Low,False
4513-CXYIX,Two year,71,80.7,No,1.9,Low,False
3957-HHLMR,One year,70,65.2,No,4.5,Low,False
7803-XOCCZ,Month-to-month,52,84.05,No,12.4,Low,True
5736-YEJAX,Two year,69,79.45,No,2.5,Low,False
5609-CEBID,Month-to-month,20,94.1,Yes,62.8,High,False
8981-FJGLA,Month-to-month,11,78.0,No,49.9,Medium,False
7218-HKQFK,Month-to-month,2,94.2,Yes,67.8,High,True
4636-QRJKY,Month-to-month,6,80.5,Yes,65.6,High,False
1135-LMECX,Month-to-month,1,19.85,No,33.8,Medium,False
4332-MUOEZ,One year,20,94.3,No,15.7,Low,True
8535-SFUTN,Month-to-month,61,106.45,No,45.7,Medium,False
5956-VKDTT,Month-to-month,5,74.35,Yes,77.0,High,False
8677-HDZEE,Month-to-month,56,105.45,No,30.9,Medium,False
2475-MROZF,Month-to-month,30,95.0,No,20.4,Low,False
9412-GHEEC,Month-to-month,40,104.8,Yes,45.4,Medium,False
3482-ABPKK,One year,28,54.3,No,2.5,Low,False
6705-LXORM,Month-to-month,5,70.05,No,54.8,Medium,True
0257-ZESQC,Month-to-month,27,75.2,Yes,22.3,Low,False
7531-GQHME,Month-to-month,12,20.05,No,6.3,Low,True
5174-ITUMV,One year,67,105.4,No,37.1,Medium,False
4109-CYRBD,Month-to-month,29,51.6,No,27.0,Low,False
0913-XWSCN,Month-to-month,55,85.5,No,24.1,Low,True
6825-UYPFK,Month-to-month,23,75.6,Yes,22.6,Low,True
8397-MVTAZ,Month-to-month,34,100.05,Yes,62.8,High,True
0750-EBAIU,One year,52,91.25,No,8.3,Low,False
8606-CIQUL,Two year,72,115.75,No,1.9,Low,False
3571-DPYUH,One year,58,94.7,No,11.2,Low,True
7601-GNDYK,Two year,35,19.6,No,1.2,Low,False
0356-OBMAC,Two year,56,99.9,No,6.0,Low,False
8067-NIOYM,Two year,24,21.1,No,1.2,Low,False
1403-GYAFU,Two year,70,20.05,No,0.6,Low,True
4234-XTNEA,Month-to-month,2,79.95,No,70.6,High,False
1297-VQDRP,One year,68,107.15,No,25.1,Low,False
9282-IZGQK,Month-to-month,1,85.0,Yes,90.7,High,False
5348-CAGXB,Month-to-month,12,89.55,No,69.4,High,False
0621-HJWXJ,Month-to-month,63,81.55,No,16.9,Low,False
5844-QVTAT,One year,33,58.45,No,3.6,Low,False
8905-IAZPF,One year,69,95.65,No,15.8,Low,False
5394-MEITZ,Two year,60,80.6,No,1.4,Low,False
6859-QNXIQ,Two year,72,113.1,No,1.1,Low,False
2782-LFZVW,Month-to-month,11,58.95,No,31.5,Medium,True
2866-IKBTM,Month-to-month,1,19.55,No,32.8,Medium,False
1342-JPNKI,Month-to-month,10,86.05,Yes,68.1,High,False
2817-NTQDO,Month-to-month,13,45.55,Yes,23.0,Low,False
7129-AZJDE,One year,34,78.95,No,23.0,Low,False
6986-IJDHX,Month-to-month,39,86.3,Yes,32.2,Medium,False
2560-PPCHE,One year,65,105.05,No,16.2,Low,False
4676-MQUEA,One year,50,101.9,No,17.2,Low,False
8138-EALND,Month-to-month,15,19.75,No,9.9,Low,False
3580-HYCSP,Two year,72,110.3,No,1.4,Low,False
1352-HNSAW,Two year,72,115.6,No,1.4,Low,False
2075-PUEPR,Two year,55,19.35,No,2.9,Low,True
1982-FEBTD,Two year,23,25.6,No,2.0,Low,False
5301-GAUUY,Month-to-month,32,80.35,Yes,37.8,Medium,True
5791-KAJFD,One year,56,68.75,No,5.4,Low,False
2654-VBVPB,Month-to-month,1,19.9,No,39.5,Medium,False
1154-HYWWO,One year,38,70.6,No,4.2,Low,False
2501-XWWTZ,Month-to-month,11,70.2,No,38.7,Medium,True
3716-UVSPD,Month-to-month,1,49.3,No,51.3,Medium,False
6815-ABQFQ,One year,56,107.25,No,34.0,Medium,True
7343-EOBEU,Month-to-month,3,23.6,No,19.1,Low,False
3701-SFMUH,Month-to-month,7,69.7,No,17.7,Low,False
6103-LIANB,Two year,59,99.5,No,12.2,Low,False
7319-VENRZ,Month-to-month,7,64.3,No,17.0,Low,False
5846-NEQVZ,Two year,71,70.85,No,0.9,Low,False
6967-QIQRV,One year,15,101.9,No,26.2,Low,False
5781-RFZRP,Two year,71,73.5,No,1.4,Low,False
0939-YAPAF,Month-to-month,35,100.25,Yes,60.2,High,False
0308-IVGOK,One year,11,40.4,No,10.9,Low,False
7293-LSCDV,Two year,60,19.25,No,0.9,Low,False
7025-WCBNE,Two year,47,59.6,No,2.9,Low,False
5756-JYOJT,One year,11,64.9,No,10.1,Low,False
4710-FDUIZ,One year,56,100.3,Yes,22.2,Low,False
6030-REHUX,Month-to-month,28,110.85,No,37.7,Medium,False
9548-LIGTA,Two year,61,81.05,No,1.2,Low,False
5150-LJNSR,One year,31,98.05,No,14.6,Low,False
8270-RKSAP,Month-to-month,9,70.5,No,55.4,Medium,False
6522-YRBXD,Month-to-month,35,94.55,No,35.1,Medium,False
2640-LYMOV,Month-to-month,2,19.65,No,17.1,Low,False
1218-VKFPE,Month-to-month,12,19.0,Yes,3.1,Low,True
3627-FHKBK,Month-to-month,1,75.3,Yes,62.1,High,True
2865-TCHJW,Month-to-month,4,89.2,Yes,81.6,High,True
1423-BMPBQ,Month-to-month,1,19.0,No,28.2,Low,False
2393-DIVAI,Month-to-month,3,20.0,No,18.0,Low,False
5192-EBGOV,Month-to-month,1,85.7,Yes,92.4,High,False
4568-KNYWR,Two year,52,63.25,No,1.6,Low,False
8752-IMQOS,One year,5,20.1,No,3.9,Low,False
0742-LAFQK,Two year,72,99.15,No,4.0,Low,False
0795-LAFGP,Two year,71,90.4,No,1.3,Low,False
0619-OLYUR,Two year,72,111.9,No,2.3,Low,False
5512-IDZEI,One year,46,24.9,No,4.6,Low,False
0459-SPZHJ,Two year,63,83.5,No,1.8,Low,False
0215-BQKGS,Month-to-month,30,84.3,No,28.4,Low,False
9244-ZVAPM,Month-to-month,1,45.6,No,48.8,Medium,False
0719-SYFRB,Month-to-month,12,61.65,Yes,13.6,Low,True
8208-EUMTE,Two year,16,54.85,No,3.4,Low,False
5172-MIGPM,Month-to-month,4,65.55,No,28.9,Low,False
1710-RCXUS,One year,51,90.35,No,19.2,Low,False
0374-FIUCA,Two year,65,20.4,No,0.8,Low,False
5839-SUYVZ,Month-to-month,16,74.55,No,42.8,Medium,False
5173-ZXXXL,One year,2,19.95,No,4.8,Low,False
1096-ADRUX,One year,66,74.25,No,13.0,Low,False
2001-MCUUW,Two year,46,108.65,No,23.9,Low,True
2731-GJRDG,One year,32,109.55,No,19.7,Low,False
4723-BEGSG,Two year,72,86.65,No,0.7,Low,False
6516-NKQBO,Two year,38,81.0,No,2.1,Low,False
8672-OAUPW,One year,51,47.85,No,5.6,Low,False
8207-DMRVL,Two year,72,114.55,No,1.8,Low,False
3419-SNJJD,Month-to-month,65,105.25,Yes,23.5,Low,False
6543-CPZMK,Month-to-month,9,29.95,Yes,40.7,Medium,True
4765-OXPPD,Month-to-month,9,65.0,Yes,10.9,Low,False
2804-ETQDK,Two year,66,20.55,No,0.6,Low,False
6689-VRRTK,One year,44,109.8,No,22.2,Low,False
7138-GIRSH,Two year,50,69.5,No,2.3,Low,False
9396-ZSFLL,Month-to-month,15,48.85,No,20.9,Low,False
6464-KEXXH,Month-to-month,8,25.25,No,33.0,Medium,False
7134-MJPDY,One year,66,102.85,No,26.1,Low,True
5240-CAOYT,Month-to-month,57,87.55,No,9.8,Low,True
4059-IIEBK,Month-to-month,7,78.55,No,69.0,High,False
4881-JVQOD,Month-to-month,10,34.55,No,38.9,Medium,False
0516-UXRMT,One year,62,92.05,No,6.5,Low,True
4851-BQDNX,One year,40,85.05,No,22.9,Low,False
5148-HKFIR,Two year,20,19.7,No,2.0,Low,False
1009-IRMNA,Month-to-month,7,20.0,Yes,10.3,Low,False
3003-CMDUU,Month-to-month,25,95.15,No,51.1,Medium,False
5016-IBERQ,Month-to-month,23,84.25,No,39.5,Medium,True
6797-UCJHZ,One year,66,104.6,No,17.7,Low,False
2469-DTSGX,Two year,72,111.65,No,2.0,Low,False
4554-YGZIH,Month-to-month,49,90.05,Yes,25.9,Low,False
5099-BAILX,Month-to-month,43,110.75,Yes,39.1,Medium,False
9931-KGHOA,Month-to-month,46,55.0,No,12.6,Low,True
1775-KWJKQ,Two year,72,89.85,No,0.5,Low,False
7665-VIGUD,One year,10,20.35,No,2.6,Low,False
9411-TPQQV,One year,40,54.55,No,9.2,Low,False
7207-RMRDB,Month-to-month,65,105.5,Yes,37.5,Medium,False
7954-MLBUN,Two year,31,99.45,No,6.9,Low,False
2077-DDHJK,Two year,68,70.9,No,1.9,Low,False
4913-EHYUI,One year,56,104.55,Yes,24.7,Low,False
0195-IESCP,Month-to-month,10,85.25,Yes,77.4,High,False
9574-BOSMD,Two year,68,25.4,No,0.8,Low,False
4580-TMHJU,Month-to-month,43,56.15,Yes,23.0,Low,False
0970-ETWGE,Month-to-month,1,89.55,Yes,86.1,High,True
4908-XAXAY,One year,49,89.85,No,15.1,Low,False
8404-VLQFB,Month-to-month,15,25.25,No,17.4,Low,False
1626-ERCMM,Month-to-month,20,94.55,Yes,72.3,High,False
0887-HJGAR,Month-to-month,1,45.7,Yes,59.0,Medium,False
2391-IPLOP,One year,50,69.65,No,8.2,Low,False
5644-PDMZC,Month-to-month,2,89.5,Yes,74.8,High,False
3509-GWQGF,Month-to-month,24,70.0,No,20.1,Low,False
9576-ANLXO,Month-to-month,3,69.55,Yes,57.8,Medium,True
2024-BASKD,Month-to-month,1,74.6,Yes,77.0,High,False
5845-BZZIB,Two year,35,20.1,No,0.9,Low,True
1140-UKVZG,Month-to-month,17,24.8,No,9.1,Low,False
4160-AMJTL,Month-to-month,8,19.65,Yes,19.6,Low,True
5183-SNMJQ,Month-to-month,10,95.1,No,56.0,Medium,False
8100-PNJMH,Two year,68,88.85,No,2.1,Low,False
7838-LAZFO,One year,45,78.8,No,6.3,Low,True
4464-JCOLN,One year,2,19.85,Yes,6.0,Low,True
2085-JVGAD,Month-to-month,37,20.35,No,4.6,Low,False
5650-VDUDS,Month-to-month,4,24.25,Yes,43.0,Medium,False
8095-WANWK,Month-to-month,10,45.25,No,17.8,Low,False
3030-ZKIWL,Month-to-month,1,20.05,No,39.6,Medium,False
9565-FLVCG,Two year,65,69.55,No,1.8,Low,False
8755-OGKNA,Two year,57,19.5,No,2.2,Low,False
2800-VEQXM,Month-to-month,3,74.75,No,59.8,Medium,False
7538-GWHML,Month-to-month,2,69.65,Yes,51.3,Medium,False
5533-RJFTJ,Month-to-month,49,30.2,No,19.0,Low,True
3859-CVCET,Month-to-month,4,45.65,Yes,31.7,Medium,False
0214-JHPFW,Two year,70,57.8,No,2.2,Low,False
5642-MHDQT,One year,53,19.85,No,5.2,Low,False
3088-FVYWK,Two year,53,25.55,No,1.5,Low,True
3276-HDUEG,Month-to-month,1,75.05,Yes,82.8,High,False
9092-GDZKO,Month-to-month,22,24.85,No,14.3,Low,False
0823-HSCDJ,Month-to-month,52,49.15,Yes,45.0,Medium,True
3729-OWRVL,Two year,65,110.35,No,19.6,Low,True
2324-AALNO,One year,48,24.55,No,2.8,Low,False
0822-GAVAP,Month-to-month,2,34.7,Yes,72.7,High,False
5760-IFJOZ,Month-to-month,3,107.95,No,64.1,High,False
2826-UWHIS,Month-to-month,45,81.4,No,20.8,Low,False
1448-PWKYE,Month-to-month,1,80.0,Yes,83.3,High,True
7501-IWUNG,Two year,61,73.8,No,1.3,Low,False
4957-TREIR,Month-to-month,3,64.4,No,23.1,Low,False
7251-LJBQN,One year,40,103.75,No,39.5,Medium,True
8040-MNRTF,Month-to-month,1,71.1,No,72.2,High,False
1536-HBSWP,Month-to-month,1,49.9,No,47.2,Medium,True
5313-FPXWG,One year,51,24.6,No,2.9,Low,True
0067-DKWBL,Month-to-month,2,49.25,Yes,59.1,Medium,False
0946-FKYTX,One year,52,30.1,No,5.0,Low,False
5076-YVXCM,Month-to-month,51,83.4,No,29.3,Low,False
8262-COGGB,Month-to-month,1,20.45,No,36.5,Medium,False
6663-JOCQO,One year,31,75.25,No,8.7,Low,False
9620-QJREV,One year,47,20.55,No,1.5,Low,False
2276-YDAVZ,Month-to-month,3,75.1,Yes,71.5,High,False
2682-KEVRP,One year,22,20.05,No,4.3,Low,False
2480-JZOSN,Month-to-month,1,20.65,No,44.0,Medium,False
0078-XZMHT,Two year,72,85.15,No,1.4,Low,False
5896-NPFWW,Month-to-month,3,50.15,Yes,54.4,Medium,False
9978-HYCIN,One year,47,84.95,No,13.2,Low,False
8338-QIUNR,Two year,72,66.5,No,0.7,Low,True
1525-LNLOJ,Two year,66,63.3,No,2.8,Low,True
9450-TRJUU,Month-to-month,35,83.15,No,47.1,Medium,True
1766-GKNMI,Month-to-month,29,84.9,No,57.7,Medium,False
6942-LBFDP,Month-to-month,2,20.55,No,20.6,Low,False
1456-TWCGB,Month-to-month,4,49.25,No,25.9,Low,False
7133-VBDCG,Month-to-month,25,79.85,Yes,24.6,Low,False
7596-ZYWBB,Two year,65,59.6,No,0.8,Low,False
8329-UTMVM,One year,27,104.65,No,27.3,Low,False
3014-WJKSM,Month-to-month,29,75.3,No,25.3,Low,False
3347-YJZZE,Month-to-month,29,80.1,No,13.0,Low,False
1029-QFBEN,Month-to-month,1,19.55,Yes,31.6,Medium,False
7929-DMBCV,Month-to-month,20,81.0,No,24.1,Low,False
9661-JALZV,Two year,58,24.7,No,1.5,Low,False
5433-KYGHE,Month-to-month,14,86.0,No,35.4,Medium,False
4312-KFRXN,Two year,72,25.4,No,0.5,Low,True
5575-TPIZQ,Month-to-month,46,89.15,No,22.8,Low,True
0114-IGABW,Two year,71,58.25,No,1.8,Low,False
9944-AEXBM,Month-to-month,32,85.65,No,42.2,Medium,True
1853-ARAAQ,Month-to-month,26,50.35,No,20.8,Low,False
6952-OMNWB,Month-to-month,68,80.35,No,27.8,Low,False
4697-LUPSU,One year,2,20.2,No,5.1,Low,False
8434-VGEQQ,Two year,61,20.55,No,0.7,Low,False
4952-YSOGZ,Month-to-month,4,85.95,Yes,81.7,High,False
1589-AGTLK,Month-to-month,3,45.35,Yes,55.4,Medium,False
5244-IRFIH,Month-to-month,33,94.5,Yes,60.6,High,False
6549-YMFAW,Month-to-month,9,21.25,No,16.1,Low,False
4950-HKQTE,Two year,22,26.25,No,2.3,Low,False
6786-OBWQR,Month-to-month,5,80.85,No,67.5,High,False
2684-EIWEO,Month-to-month,30,91.7,Yes,27.2,Low,False
2753-JMMCV,Two year,65,74.2,No,5.2,Low,False
6439-GTPCA,Month-to-month,45,87.25,Yes,28.3,Low,False
6621-YOBKI,Month-to-month,5,20.35,No,9.3,Low,False
1216-JWVUX,Month-to-month,25,75.5,No,36.4,Medium,False
7564-GHCVB,Two year,72,79.05,No,0.8,Low,False
1173-NOEYG,Month-to-month,27,90.15,No,33.4,Medium,False
7595-EHCDL,Month-to-month,32,50.6,No,13.7,Low,False
6647-ZEDXT,One year,30,110.45,No,16.2,Low,False
2521-NPUZR,Two year,70,101.0,No,3.6,Low,False
1307-TVUFB,Month-to-month,42,79.35,No,35.3,Medium,False
7503-MIOGA,Two year,72,89.85,No,0.6,Low,False
4381-MHQDC,Two year,47,65.0,No,1.7,Low,False
6923-JHPMP,Month-to-month,2,80.45,No,55.0,Medium,False
5138-WVKYJ,Month-to-month,10,98.55,Yes,72.8,High,False
4018-PPNDW,Two year,61,24.1,No,0.7,Low,True
1635-FJFCC,Month-to-month,5,44.05,No,33.2,Medium,False
2499-AJYUA,Two year,72,110.8,No,1.8,Low,False
6919-ELBGL,Two year,72,114.95,No,1.7,Low,True
3966-HRMZA,Month-to-month,3,75.05,No,58.3,Medium,True
6425-JWTDV,Two year,48,19.25,No,0.8,Low,False
8405-IGQFX,One year,63,90.05,No,6.3,Low,False
8224-IVVPA,Month-to-month,27,56.7,No,7.9,Low,False
9477-LGWQI,Two year,70,80.15,No,2.6,Low,False
1410-RSCMR,Month-to-month,7,71.35,No,14.3,Low,False
3115-CZMZD,Two year,0,20.25,No,4.2,Low,True
0139-IVFJG,Month-to-month,2,90.35,No,42.4,Medium,False
6683-VLCTZ,Month-to-month,20,98.55,Yes,79.8,High,False
5730-DBDSI,Two year,66,19.7,No,1.5,Low,False
0030-FNXPP,Month-to-month,3,19.85,No,15.3,Low,False
2189-WWOEW,Month-to-month,15,85.9,Yes,34.7,Medium,False
5684-FJVYR,Two year,72,90.35,No,0.4,Low,False
4013-GUXND,Month-to-month,1,20.8,No,36.9,Medium,True
1894-IGFSG,Month-to-month,22,89.25,Yes,41.0,Medium,True
7379-POKDZ,Month-to-month,3,70.3,Yes,61.7,High,False
1266-NZYUI,Two year,72,66.85,No,0.6,Low,False
7969-FFOWG,Two year,65,19.9,No,0.9,Low,False
4718-DHSMV,Month-to-month,11,35.8,No,32.9,Medium,False
5175-WLYXL,Month-to-month,22,78.85,No,38.7,Medium,False
7817-OMJNA,One year,14,20.4,No,2.0,Low,False
8728-SKJLR,Month-to-month,41,74.25,No,37.1,Medium,True
3137-NYQQI,One year,17,64.8,No,10.1,Low,False
7706-DZNKK,Month-to-month,11,20.45,No,7.3,Low,False
0236-HFWSV,Month-to-month,15,93.35,Yes,69.2,High,False
3900-AQPHZ,Month-to-month,1,19.9,Yes,42.0,Medium,False
5842-POCOP,Month-to-month,5,88.9,Yes,53.1,Medium,False
2037-XJFUP,One year,33,95.8,Yes,31.2,Medium,False
8823-RLPWL,Two year,72,110.65,No,1.1,Low,False
9505-SQFSW,Month-to-month,3,40.3,No,41.2,Medium,False
7314-OXENN,Month-to-month,2,82.0,Yes,77.6,High,False
3758-CKOQL,One year,59,107.0,No,14.1,Low,False
0322-CHQRU,Month-to-month,2,45.35,Yes,45.3,Medium,True
5676-CFLYY,Two year,71,73.35,No,2.0,Low,False
7521-AFHAB,Month-to-month,5,44.8,No,25.6,Low,False
0285-INHLN,Month-to-month,27,54.75,No,11.0,Low,False
4678-DVQEO,Month-to-month,1,52.2,Yes,54.4,Medium,True
5125-CNDSP,One year,63,40.6,No,3.4,Low,False
0691-IFBQW,One year,46,110.0,Yes,26.8,Low,False
4992-LTJNE,Two year,72,55.3,No,0.8,Low,False
2202-OUTMO,Month-to-month,34,60.85,No,6.2,Low,False
0810-BDHAW,One year,24,78.4,No,8.9,Low,False
0229-LFJAF,Two year,72,69.65,No,0.5,Low,False
7131-ZQZNK,Two year,60,59.85,No,1.1,Low,False
3442-ZHHCC,One year,68,76.9,No,9.8,Low,True
5726-CVNYA,Two year,8,19.85,No,1.7,Low,False
9871-ELEYA,Two year,34,67.65,No,1.5,Low,False
4257-GAESD,Month-to-month,6,45.0,No,39.9,Medium,False
5173-WXOQV,Month-to-month,2,64.2,No,31.8,Medium,False
2040-OBMLJ,One year,31,81.7,No,11.1,Low,True
6286-ZHAOK,Month-to-month,20,25.55,No,10.4,Low,False
3807-XHCJH,Month-to-month,1,20.0,No,43.8,Medium,False
3009-JWMPU,One year,62,96.75,Yes,32.6,Medium,False
5671-RQRLP,Two year,70,75.65,No,7.5,Low,True
1450-GALXR,Month-to-month,10,98.5,Yes,86.6,High,False
8859-AXJZP,Two year,39,23.8,No,1.4,Low,False
3174-AKMAS,Two year,46,64.2,No,2.0,Low,False
3138-BKYAV,Month-to-month,6,85.35,Yes,67.4,High,False
9926-PJHDQ,Two year,72,76.8,No,1.9,Low,True
7382-DFJTU,Month-to-month,18,55.2,No,19.5,Low,False
2798-NYLMZ,Two year,71,108.55,No,17.2,Low,True
4289-DTDKW,Month-to-month,40,101.3,Yes,61.5,High,False
1820-TQVEV,Month-to-month,1,69.55,Yes,84.5,High,True
2239-JALAW,One year,58,103.25,Yes,34.6,Medium,False
4853-RULSV,Two year,70,104.0,Yes,22.8,Low,False
8098-TDCBU,Two year,42,25.25,No,3.7,Low,False
3551-GAEGL,One year,34,30.4,No,5.5,Low,False
4785-NKHCX,Month-to-month,5,20.05,No,17.0,Low,False
3196-NVXLZ,Month-to-month,25,84.6,No,45.3,Medium,False
6275-YDUVO,Month-to-month,2,86.2,Yes,71.3,High,False
0036-IHMOT,One year,55,103.7,No,15.6,Low,False
0115-TFERT,Month-to-month,21,111.2,Yes,60.7,High,False
4178-EGMON,Two year,70,88.0,No,2.4,Low,False
4220-TINQT,Month-to-month,61,106.35,No,36.5,Medium,False
5318-YKDPV,Two year,43,79.15,No,1.4,Low,True
7975-TZMLR,One year,47,103.1,No,39.5,Medium,False
0295-QVKPB,Month-to-month,5,63.95,No,27.7,Low,False
4335-BSMJS,Two year,62,25.8,No,1.0,Low,False
2311-QYMUQ,Month-to-month,16,89.45,Yes,44.8,Medium,False
3643-AHCFP,Month-to-month,7,95.6,Yes,85.0,High,False
9146-JRIOX,Month-to-month,14,25.55,No,7.3,Low,False
3104-OWCGK,One year,60,90.95,Yes,8.6,Low,False
5337-IIWKZ,Month-to-month,34,44.85,No,18.4,Low,False
9101-BWFSS,One year,50,108.55,Yes,24.2,Low,False
9650-VBUOG,Two year,38,25.05,No,1.4,Low,False
3487-EARAT,One year,70,74.1,No,5.3,Low,True
2672-TGEFF,Month-to-month,37,88.8,No,38.8,Medium,False
9231-ZJYAM,Month-to-month,4,78.85,Yes,71.2,High,False
4250-WAROZ,Month-to-month,60,93.25,No,14.4,Low,False
8184-WMOFI,One year,62,71.4,No,2.9,Low,False
6982-SSHFK,Month-to-month,1,44.4,Yes,44.4,Medium,False
6092-QZVPP,Month-to-month,36,79.2,No,12.2,Low,False
4625-LAMOB,Two year,44,20.4,No,0.9,Low,False
0727-BMPLR,One year,55,100.0,Yes,45.5,Medium,False
0392-BZIUW,Two year,72,105.0,No,4.8,Low,False
1038-ZAGBI,One year,12,19.8,Yes,3.9,Low,False
6549-NNDYT,Month-to-month,13,30.85,No,19.4,Low,False
3027-ZTDHO,Month-to-month,1,89.9,Yes,86.2,High,False
0422-OHQHQ,One year,15,20.55,No,2.5,Low,False
6916-HIJSE,Two year,65,84.85,No,1.8,Low,False
2316-ESMLS,One year,12,33.15,No,5.8,Low,False
9778-OGKQZ,Two year,72,92.0,No,0.6,Low,False
7408-OFWXJ,Two year,72,89.8,No,0.4,Low,True
6007-TCTST,Two year,72,115.8,No,1.4,Low,False
2252-NKNSI,Two year,52,85.15,No,1.4,Low,False
8713-IGZSO,Month-to-month,2,24.85,No,18.3,Low,True
7905-TVXTA,Month-to-month,5,64.35,No,31.0,Medium,False
7695-PKLCZ,Two year,68,20.5,No,0.7,Low,False
2382-BCKQJ,One year,62,100.15,Yes,28.4,Low,False
8374-UULRV,Two year,72,86.05,No,0.6,Low,False
2207-NHRJK,Month-to-month,1,50.8,Yes,56.5,Medium,False
3224-DFQNQ,One year,66,89.0,No,6.7,Low,False
5275-PMFUT,Two year,72,64.8,No,0.5,Low,False
4795-UXVCJ,One year,26,19.8,No,1.8,Low,False
9777-IQHWP,Two year,64,93.4,No,3.5,Low,True
0947-MUGVO,Month-to-month,20,73.65,Yes,55.8,Medium,False
9944-HKVVB,Month-to-month,3,95.1,Yes,70.4,High,False
4124-MMETB,Month-to-month,22,94.65,Yes,57.5,Medium,False
3671-SHRSP,Month-to-month,4,80.6,Yes,59.2,Medium,False
0979-MOZQI,Two year,62,39.0,No,3.2,Low,True
2732-ISEZX,Month-to-month,5,20.5,No,13.4,Low,False
3313-QKNKB,One year,59,85.55,Yes,16.9,Low,True
0323-XWWTN,Two year,3,26.4,No,3.4,Low,False
1937-OTUKY,Two year,72,98.2,No,1.2,Low,False
1573-LGXBA,One year,57,97.55,No,21.5,Low,False
1764-VUUMT,Two year,66,19.95,No,0.7,Low,False
5073-WXOYN,Month-to-month,60,50.8,Yes,29.0,Low,False
4713-ZBURT,Two year,45,99.7,No,9.5,Low,False
3050-GBUSH,Month-to-month,3,34.8,No,54.0,Medium,False
0207-MDKNV,Month-to-month,15,105.1,Yes,55.1,Medium,False
7876-AEHIG,One year,51,60.15,No,8.0,Low,False
7945-HLKEA,One year,60,64.75,No,2.5,Low,False
9342-VNIMQ,Month-to-month,33,54.65,No,13.8,Low,False
9851-KIELU,Month-to-month,10,110.1,Yes,67.8,High,True
3523-BRGUW,One year,26,19.3,No,1.4,Low,False
3908-BLSYF,Month-to-month,6,83.9,Yes,60.7,High,True
3199-NPKCN,One year,67,111.25,No,24.1,Low,False
5170-PTRKA,One year,49,35.8,No,2.7,Low,True
4661-NJEUX,Month-to-month,1,20.05,No,47.8,Medium,False
2123-AGEEN,Month-to-month,7,84.35,No,71.3,High,False
1258-YMZNM,One year,27,110.5,No,22.1,Low,False
0048-LUMLS,One year,37,91.2,No,19.2,Low,True
7549-MYGPK,Month-to-month,63,100.55,Yes,23.5,Low,False
5898-IGSLP,Month-to-month,31,89.3,No,23.5,Low,False
3804-RVTGV,Month-to-month,50,103.85,Yes,47.1,Medium,False
6259-WJQLC,Month-to-month,32,81.1,No,42.4,Medium,False
9227-LUNBG,Month-to-month,1,24.6,Yes,56.4,Medium,True
7997-EASSD,One year,63,81.2,No,5.9,Low,True
0730-KOAVE,Month-to-month,30,94.3,No,37.2,Medium,True
8975-SKGRX,Two year,71,116.1,No,4.9,Low,False
0678-RLHVP,Two year,53,105.55,No,21.4,Low,False
4315-MURBD,Month-to-month,12,98.9,Yes,70.6,High,False
2267-FPIMA,Month-to-month,50,94.4,No,25.3,Low,False
1051-GEJLJ,Month-to-month,2,19.5,No,17.5,Low,True
9734-YWGEX,Month-to-month,9,98.3,Yes,80.2,High,False
2719-BDAQO,Month-to-month,17,93.85,Yes,43.6,Medium,False
5285-MVEHD,One year,56,105.6,No,22.4,Low,False
0379-DJQHR,Two year,67,81.35,No,2.7,Low,True
0781-LKXBR,Month-to-month,9,100.5,Yes,86.3,High,False
5543-QDCRY,Month-to-month,4,56.4,No,44.9,Medium,False
0297-RBCSG,One year,19,65.35,No,9.2,Low,True
4694-PHWFW,Month-to-month,8,19.95,No,8.7,Low,False
0835-JKADZ,Two year,71,111.25,No,4.9,Low,False
1907-UBQFC,Month-to-month,10,72.85,Yes,55.9,Medium,False
7508-SMHXL,Month-to-month,15,89.0,No,43.0,Medium,False
3865-YIOTT,One year,72,106.1,No,8.6,Low,False
5993-BQHEA,One year,12,20.05,No,2.3,Low,False
6024-RUGGH,Two year,72,25.2,No,0.5,Low,False
6513-EECDB,Month-to-month,1,73.55,Yes,87.4,High,False
3956-CJUST,Month-to-month,23,75.4,No,20.8,Low,False
4079-WWQQQ,Two year,72,65.55,No,1.0,Low,False
6103-BOCOU,Month-to-month,26,80.7,No,50.6,Medium,False
5149-TGWDZ,One year,21,104.55,No,31.3,Medium,False
7471-WNSUF,One year,60,24.15,No,1.9,Low,False
8942-DBMHZ,Month-to-month,12,20.45,No,5.7,Low,False
4301-VVZKA,Month-to-month,16,75.4,No,65.1,High,True
9199-PWQVC,One year,63,79.7,No,6.8,Low,False
4824-GUCBY,Month-to-month,22,81.7,No,29.2,Low,False
5393-HJZSM,Month-to-month,32,76.3,No,8.9,Low,False
7074-IEVOJ,Month-to-month,3,79.4,Yes,80.1,High,False
9625-QSTYE,Month-to-month,13,81.15,Yes,51.2,Medium,False
0862-PRCBS,Two year,68,103.75,No,8.0,Low,False
8812-ZRHFP,One year,30,86.45,No,19.7,Low,False
5146-CBVOE,Month-to-month,16,75.1,No,30.6,Medium,False
0454-OKRCT,Two year,33,80.6,No,3.6,Low,False
5787-KXGIY,Two year,72,19.3,No,0.4,Low,False
4750-ZRXIU,Month-to-month,4,84.6,Yes,84.0,High,True
4198-VFOEA,One year,12,33.6,No,7.6,Low,False
6630-UJZMY,Month-to-month,4,83.25,No,81.7,High,True
5709-LVOEQ,Two year,0,80.85,No,7.4,Low,True
6400-BWQKW,Month-to-month,6,79.05,Yes,61.1,High,False
2692-AQCPF,One year,65,108.05,No,16.4,Low,False
0347-UBKUZ,Month-to-month,15,19.9,No,8.1,Low,False
0835-DUUIQ,One year,24,21.05,No,2.2,Low,False
0811-GSDTP,Month-to-month,13,30.15,No,22.2,Low,False
7567-ECMCM,Month-to-month,24,79.85,No,28.0,Low,False
6115-ZTBFQ,Two year,72,65.5,No,0.9,Low,False
6353-BRMMA,Month-to-month,54,104.1,No,27.1,Low,False
6680-WKXRZ,Month-to-month,3,74.4,Yes,61.5,High,True
6231-WFGFH,Month-to-month,4,20.5,No,14.9,Low,False
9904-EHEVJ,Month-to-month,32,91.35,No,42.1,Medium,False
7028-DVOIQ,Month-to-month,35,99.05,Yes,67.0,High,False
6169-PPETC,Two year,35,20.5,No,0.7,Low,True
4208-UFFGW,Month-to-month,2,44.95,Yes,43.6,Medium,True
8584-KMVXD,Month-to-month,8,75.6,No,39.0,Medium,False
8467-WYNSR,Month-to-month,22,55.1,No,10.1,Low,False
0851-DFJKB,Month-to-month,15,58.95,No,16.6,Low,False
5382-SOYZL,Month-to-month,22,95.1,No,69.4,High,True
9448-REEVD,Month-to-month,1,44.7,Yes,43.7,Medium,False
3261-CQXOL,Two year,71,25.45,No,0.5,Low,False
8388-FYNPZ,Month-to-month,4,56.75,No,24.8,Low,False
4002-BQWPQ,Month-to-month,25,81.75,No,8.0,Low,True
5651-YLPRD,Month-to-month,32,86.1,No,45.1,Medium,True
2826-DXLQO,Month-to-month,7,29.8,No,32.8,Medium,False
4378-BZYFP,One year,17,20.5,No,2.7,Low,False
9489-UTFKA,Month-to-month,8,60.9,No,16.3,Low,False
4849-PYRLQ,Two year,56,73.25,No,2.2,Low,False
9117-SHLZX,Month-to-month,1,45.7,Yes,59.0,Medium,False
9889-TMAHG,Month-to-month,8,100.3,Yes,64.0,High,False
4541-RMRLG,Month-to-month,7,19.25,Yes,7.7,Low,True
7764-BDPEE,Month-to-month,3,20.85,No,13.7,Low,True
3429-IFLEM,Two year,71,77.35,No,0.8,Low,True
3158-MOERK,Month-to-month,2,96.0,Yes,86.4,High,False
7294-TMAOP,Month-to-month,1,90.55,Yes,84.1,High,False
5002-GCQFH,Month-to-month,49,93.85,No,29.2,Low,False
0556-FJEGU,Two year,58,70.1,No,1.3,Low,False
8919-FYFQZ,Month-to-month,44,30.35,Yes,36.4,Medium,False
0604-THJFP,Two year,59,75.95,No,1.2,Low,False
2834-JRTUA,Two year,71,108.05,Yes,21.0,Low,False
5875-YPQFJ,Month-to-month,1,69.9,Yes,83.2,High,False
5879-SESNB,Month-to-month,11,75.25,No,47.7,Medium,False
6646-QVXLR,One year,62,103.75,Yes,29.7,Low,True
6461-PPAXN,One year,35,54.95,No,3.6,Low,True
3318-ISQFQ,Month-to-month,20,19.5,No,9.8,Low,False
1106-HRLKZ,Two year,40,19.6,No,1.3,Low,False
2483-XSSMZ,One year,39,47.85,No,5.6,Low,False
8603-IJWDN,Month-to-month,1,86.6,Yes,90.6,High,False
8165-ZJRNM,Two year,72,23.75,No,0.4,Low,True
9369-XFEHK,Month-to-month,33,80.6,Yes,44.2,Medium,True
2604-XVDAM,Month-to-month,12,43.8,No,13.6,Low,False
3717-OFRTN,Month-to-month,1,19.75,No,29.8,Low,False
9046-JBFWA,Month-to-month,27,19.15,No,1.7,Low,False
3280-NMUVX,One year,34,19.6,No,1.7,Low,False
1206-EHBDD,Two year,56,80.3,No,2.3,Low,False
8361-LBRDI,Two year,58,24.35,No,1.4,Low,False
4883-KCPZJ,Two year,22,25.25,No,1.7,Low,False
9108-EQPNQ,Two year,10,26.1,No,2.2,Low,True
7277-KAMWT,Two year,13,20.0,No,1.2,Low,False
3842-IYKUE,Month-to-month,35,85.3,Yes,26.3,Low,False
6641-XRPSU,Month-to-month,34,70.0,Yes,34.1,Medium,False
1374-DMZUI,Month-to-month,4,94.3,Yes,87.1,High,False
2545-LXYVJ,Two year,72,20.7,No,0.5,Low,False
3234-VKACU,Month-to-month,2,70.3,No,38.5,Medium,False
8357-EQXFO,Month-to-month,7,95.35,Yes,75.3,High,False
1989-PRJHP,Month-to-month,27,75.5,Yes,40.9,Medium,True
8120-JDCAM,Month-to-month,4,69.55,No,56.1,Medium,False
8917-FAEMR,Two year,37,19.85,No,1.2,Low,False
7047-YXDMZ,Month-to-month,21,20.0,No,6.7,Low,False
2858-EIMXH,One year,53,95.85,No,29.4,Low,False
9524-EGPJC,Month-to-month,18,90.1,Yes,51.1,Medium,False
6993-OHLXR,Month-to-month,2,68.95,Yes,51.6,Medium,False
8818-XYFCQ,Month-to-month,32,99.55,Yes,47.8,Medium,False
6419-ZTTLE,One year,23,20.75,No,5.4,Low,False
0929-HYQEW,Month-to-month,3,50.15,No,30.5,Medium,False
6614-YOLAC,Two year,71,58.65,No,0.7,Low,False
7426-RHZGU,Month-to-month,9,95.9,No,62.2,High,False
4065-JJAVA,Month-to-month,1,49.5,No,51.2,Medium,False
4695-VADHF,Month-to-month,18,57.45,Yes,22.5,Low,True
3863-IUBJR,One year,12,53.65,Yes,13.2,Low,False
7649-SIJJF,Two year,71,80.1,No,0.9,Low,True
9361-YNQWJ,One year,64,24.4,No,1.9,Low,False
3748-FVMZZ,Month-to-month,4,40.05,No,54.1,Medium,False
9391-TTOYH,Month-to-month,23,19.5,No,8.4,Low,False
1452-XRSJV,Month-to-month,39,51.05,No,7.6,Low,False
3422-WJOYD,One year,28,54.35,No,3.1,Low,False
8242-SOQUO,Month-to-month,5,84.7,No,69.7,High,False
7460-ITWWP,Month-to-month,45,86.1,No,33.7,Medium,True
7147-AYBAA,Month-to-month,37,70.35,No,29.5,Low,False
7868-TMWMZ,Two year,60,110.0,No,6.6,Low,False
4822-RVYBB,Month-to-month,8,100.6,Yes,89.8,High,False
6732-FZUGP,One year,47,94.9,No,8.5,Low,False
8436-BJUMM,Month-to-month,26,83.75,Yes,55.8,Medium,False
4184-TJFAN,Month-to-month,3,88.3,Yes,54.6,Medium,False
8329-GWVPJ,Month-to-month,50,69.75,No,18.5,Low,False
1352-VHKAJ,Month-to-month,27,71.6,No,9.5,Low,False
4145-UQXUQ,Month-to-month,8,92.1,Yes,74.7,High,False
2632-TACXW,Two year,62,23.65,No,1.0,Low,True
8146-QQKZH,Two year,71,81.85,No,1.0,Low,False
1767-CJKBA,Two year,66,25.1,No,0.8,Low,True
6445-TNRXS,Two year,68,114.7,No,7.0,Low,True
4581-LNWUM,Month-to-month,13,49.15,No,45.0,Medium,True
4869-EPIUS,One year,56,80.9,No,18.5,Low,False
9948-YPTDG,Month-to-month,38,79.45,Yes,40.2,Medium,False
1236-WFCDV,Month-to-month,14,90.45,Yes,40.4,Medium,True
1915-OAKWD,One year,16,19.3,No,2.9,Low,False
7296-PIXQY,Month-to-month,14,70.2,No,39.0,Medium,False
4883-QICIH,Month-to-month,32,69.75,Yes,35.0,Medium,False
3354-OADJP,One year,8,54.25,No,6.1,Low,True
3524-WQDSG,Month-to-month,43,99.3,No,57.2,Medium,True
0810-DHDBD,One year,52,74.0,No,3.4,Low,False
4026-SKKHW,Month-to-month,3,50.25,No,34.5,Medium,False
2829-HYVZP,One year,29,19.8,No,2.6,Low,False
8329-IBCTI,Month-to-month,1,19.65,Yes,34.0,Medium,False
1271-SJBGZ,Month-to-month,12,43.65,Yes,47.2,Medium,False
3845-JHAMY,Month-to-month,16,35.5,No,28.2,Low,False
7013-PSXHK,One year,40,80.75,No,14.3,Low,False
5669-SRAIP,Month-to-month,5,39.5,Yes,53.7,Medium,False
5981-ITEMU,Month-to-month,40,97.1,Yes,45.8,Medium,False
3486-NPGST,One year,36,19.55,No,2.1,Low,False
6941-PMGEP,Month-to-month,5,80.0,Yes,70.7,High,False
1624-WOIWJ,Month-to-month,10,84.7,Yes,49.3,Medium,False
2074-GKOWZ,Month-to-month,2,89.55,Yes,71.8,High,False
0376-YMCJC,Month-to-month,23,90.6,Yes,49.1,Medium,True
6100-FJZDG,One year,26,20.05,No,2.5,Low,False
4829-ZLJTK,Two year,72,112.4,No,1.5,Low,False
1730-VFMWO,Month-to-month,34,50.2,No,6.3,Low,True
7143-BQIBA,Month-to-month,10,62.25,No,13.2,Low,False
3800-LYTRK,One year,14,55.7,No,4.7,Low,False
0634-SZPQA,Month-to-month,23,90.05,Yes,34.5,Medium,False
9646-NMHXE,Two year,47,19.65,No,1.5,Low,False
7030-NJVDP,Month-to-month,24,89.25,No,28.0,Low,False
5536-RTPWK,Month-to-month,49,99.05,Yes,47.9,Medium,False
8883-GRDWQ,One year,20,54.0,No,8.3,Low,False
6166-ILMNY,Month-to-month,2,69.75,Yes,50.9,Medium,True
3097-NNSPB,Month-to-month,2,49.05,Yes,48.5,Medium,False
7771-ZONAT,Two year,22,56.75,No,2.6,Low,False
0655-RBDUG,Month-to-month,7,98.05,Yes,89.0,High,True
2111-DWYHN,Month-to-month,1,21.1,No,27.8,Low,False
4194-WHFCB,Month-to-month,59,96.65,No,17.4,Low,False
4121-AGSIN,One year,58,24.5,No,2.7,Low,True
4361-BKAXE,Month-to-month,41,114.5,Yes,35.8,Medium,False
9845-PEEKO,Two year,59,79.2,No,4.7,Low,False
0455-XFASS,Month-to-month,3,69.55,No,60.4,High,False
0301-KOBTQ,Two year,32,20.05,No,1.4,Low,False
1751-NCDLI,Month-to-month,46,98.85,No,65.6,High,True
4367-NUYAO,Two year,0,25.75,No,6.1,Low,False
9878-TNQGW,Month-to-month,2,80.95,Yes,69.5,High,True
9170-ARBTB,One year,52,19.6,No,2.0,Low,False
4441-NIHPT,Month-to-month,13,74.3,Yes,57.8,Medium,False
8999-BOHSE,Month-to-month,11,89.7,Yes,64.7,High,False
7241-AJHFS,Month-to-month,32,87.65,No,17.0,Low,False
7029-RPUAV,Month-to-month,17,100.45,Yes,61.1,High,True
4546-FOKWR,Month-to-month,16,74.75,No,58.1,Medium,False
9036-CSKBW,One year,51,107.45,No,14.3,Low,False
5832-TRLPB,One year,29,75.35,No,8.3,Low,False
8590-YFFQO,Two year,70,64.95,No,1.1,Low,True
8659-IOOPU,Two year,71,100.45,No,2.2,Low,False
1338-CECEE,One year,41,68.5,No,5.7,Low,False
7439-DKZTW,Month-to-month,1,80.55,No,85.2,High,False
4646-QZXTF,Month-to-month,7,81.25,No,20.0,Low,False
4607-CHPCA,One year,25,90.4,Yes,28.6,Low,False
9742-XOKTS,One year,67,89.55,No,8.8,Low,False
6921-OZMFH,Month-to-month,5,55.7,No,30.5,Medium,False
9578-FOMUK,Month-to-month,15,24.8,No,17.5,Low,False
4712-UYOOI,Month-to-month,20,20.0,No,11.5,Low,False
8824-RWFXJ,Month-to-month,3,56.15,Yes,39.6,Medium,False
7722-CVFXN,One year,54,105.2,No,24.8,Low,False
8717-VCTXJ,One year,42,19.55,No,3.0,Low,True
7363-QTBIW,Month-to-month,9,79.75,No,62.4,High,True
4159-NAAIX,Two year,63,97.45,No,4.4,Low,False
0971-QIFJK,Two year,69,24.25,No,0.7,Low,False
9397-TZSHA,Two year,69,24.6,No,0.8,Low,False
3391-JSQEW,Month-to-month,40,50.15,No,11.6,Low,False
0343-QLUZP,Two year,60,39.6,No,2.7,Low,False
9763-PDTKK,Month-to-month,4,94.4,Yes,56.0,Medium,False
2176-LVPNX,Two year,71,89.85,No,0.8,Low,False
7627-JKIAZ,Month-to-month,37,78.95,Yes,40.2,Medium,False
3312-UUMZW,Month-to-month,32,98.85,No,49.5,Medium,True
1271-UODNO,Two year,39,53.85,No,3.3,Low,True
8461-EFQYM,One year,38,24.25,No,6.1,Low,False
6900-RBKER,Two year,52,89.45,No,7.4,Low,True
6891-JPYFF,Month-to-month,48,105.25,No,24.6,Low,False
1459-QNFQT,Two year,70,59.5,No,1.6,Low,True
1047-NNCBF,Month-to-month,20,70.55,No,25.8,Low,False
3696-XRIEN,One year,50,82.5,No,8.3,Low,False
4081-DYXAV,One year,19,44.85,Yes,30.7,Medium,False
0074-HDKDG,One year,25,61.6,No,4.0,Low,True
8791-GFXLZ,Month-to-month,12,49.05,No,23.4,Low,False
8111-SLLHI,Month-to-month,39,105.65,Yes,69.1,High,False
0927-LCSMG,Month-to-month,7,74.65,Yes,42.3,Medium,False
9330-DHBFL,One year,23,66.25,No,3.3,Low,True
0098-BOWSO,Month-to-month,27,19.4,No,13.7,Low,False
3452-ABWRL,Month-to-month,47,86.05,No,37.7,Medium,False
5859-HZYLF,Two year,26,19.15,No,0.4,Low,False
8257-RZAHR,Month-to-month,14,64.7,Yes,20.7,Low,False
5293-WXJAK,Month-to-month,11,104.05,Yes,84.3,High,False
3156-QLHBO,Month-to-month,2,19.25,No,6.7,Low,False
2208-NQBCT,Month-to-month,26,81.95,No,27.4,Low,False
1779-PWPMG,Two year,72,114.65,No,1.8,Low,False
6621-NRZAK,Two year,63,20.0,No,0.9,Low,False
0831-JNISG,Two year,71,19.8,No,0.8,Low,False
0774-IFUVM,Month-to-month,11,65.15,No,17.0,Low,False
3082-WQRVY,One year,14,19.65,No,4.4,Low,False
9553-DLCLU,Two year,13,88.95,No,3.3,Low,False
1641-BYBTK,Month-to-month,6,20.2,No,9.0,Low,False
2460-NGXBJ,Month-to-month,11,75.2,No,52.7,Medium,False
2446-ZKVAF,Month-to-month,18,56.8,No,19.9,Low,True
0841-NULXI,Month-to-month,1,35.55,Yes,77.9,High,True
3522-CDKHF,Month-to-month,32,75.5,No,26.3,Low,False
1430-SFQSA,One year,29,35.6,No,4.6,Low,False
0411-EZJZE,Month-to-month,3,60.25,No,58.5,Medium,False
7851-WZEKY,Month-to-month,2,95.15,Yes,83.5,High,False
8844-TONUD,Month-to-month,13,96.65,Yes,68.2,High,False
8807-ARQET,Month-to-month,41,40.35,No,26.8,Low,False
8992-CEUEN,Month-to-month,1,18.85,No,18.4,Low,True
4320-QMLLA,Month-to-month,7,54.85,No,23.9,Low,False
8777-PVYGU,One year,52,64.3,No,3.7,Low,True
8292-ITGYJ,Two year,45,24.65,No,1.8,Low,True
6870-ZWMNX,Two year,70,76.1,No,2.8,Low,False
0621-CXBKL,Two year,53,18.7,No,0.8,Low,False
5268-DSMNQ,One year,62,97.95,No,11.3,Low,False
5334-JLAXU,Month-to-month,60,94.1,No,17.3,Low,False
4086-YQSNZ,Month-to-month,3,80.4,Yes,71.8,High,False
6242-MBHPK,Month-to-month,23,95.1,No,58.5,Medium,False
5868-CZJDR,Month-to-month,1,31.35,Yes,60.6,High,False
9359-UGBTK,One year,67,72.35,No,5.5,Low,True
0135-NMXAP,Month-to-month,12,89.75,Yes,69.2,High,False
4782-OSFXZ,Two year,71,82.7,No,1.1,Low,False
6479-OAUSD,One year,25,19.9,No,1.8,Low,False
7129-ACFOG,Month-to-month,5,53.8,No,43.7,Medium,True
4189-NAKJS,One year,26,51.55,No,7.1,Low,False
5562-BETPV,One year,1,19.65,No,15.0,Low,False
1282-IHQAC,One year,70,44.05,No,7.6,Low,False
9127-FHJBZ,Two year,72,114.0,No,1.3,Low,False
6270-OMFIW,One year,60,94.4,Yes,20.6,Low,True
1641-RQDAY,Month-to-month,32,100.4,No,48.7,Medium,False
0107-WESLM,Month-to-month,1,19.85,Yes,45.5,Medium,False
6994-ORCWG,One year,14,54.25,No,11.9,Low,False
1346-UFHAX,Month-to-month,13,80.0,No,48.1,Medium,True
3992-YWPKO,Month-to-month,6,109.9,Yes,76.6,High,False
2933-XEUJM,Two year,46,79.2,No,2.2,Low,False
0125-LZQXK,Month-to-month,15,101.35,Yes,57.7,Medium,False
5461-QKNTN,Month-to-month,43,94.3,No,42.9,Medium,True
4835-YSJMR,Two year,39,49.8,No,1.5,Low,False
8399-YNDCH,Month-to-month,21,60.05,Yes,19.6,Low,False
3164-YAXFY,Month-to-month,57,53.75,No,33.9,Medium,False
0887-WBJVH,One year,53,93.45,No,20.6,Low,False
4660-IRIBM,Month-to-month,18,87.9,No,32.0,Medium,True
5673-FSSMF,Month-to-month,1,60.15,Yes,78.4,High,False
7670-ZBPOQ,One year,58,61.05,No,2.8,Low,False
8089-UZWLX,Two year,71,104.05,No,16.3,Low,True
0080-OROZO,One year,35,99.25,No,29.0,Low,False
3916-NRPAP,Month-to-month,3,85.7,No,58.8,Medium,False
6807-SIWJI,One year,38,104.85,No,29.6,Low,False
8221-HVAYI,Two year,35,69.15,No,1.6,Low,False
1579-KLYDT,Month-to-month,7,90.45,Yes,81.0,High,False
5232-NXPAY,Two year,47,74.45,No,2.1,Low,False
8967-SZQAS,Month-to-month,14,50.45,No,21.4,Low,False
4468-KAZHE,Month-to-month,20,60.0,No,29.6,Low,False
0455-ENTCR,Two year,66,85.25,No,4.8,Low,False
8944-AILEF,Month-to-month,15,19.45,No,8.4,Low,False
5542-NKVRU,Two year,42,20.75,No,1.1,Low,False
7126-RBHSD,Month-to-month,17,78.9,No,38.3,Medium,False
5370-IIVVL,One year,37,104.5,No,26.0,Low,False
6789-HJBWG,Month-to-month,12,49.4,No,37.2,Medium,False
3927-NLNRY,One year,53,94.25,Yes,21.2,Low,False
9087-EYCPR,Two year,60,25.0,No,0.9,Low,False
6791-YBNAK,Month-to-month,18,25.55,No,16.4,Low,False
6358-LYNGM,Month-to-month,1,74.9,Yes,85.2,High,False
6077-BDPXA,Month-to-month,3,70.15,No,60.9,High,True
0013-MHZWF,Month-to-month,9,69.4,No,19.4,Low,True
5494-HECPR,Month-to-month,1,80.25,Yes,88.2,High,False
8268-YDIXR,One year,56,93.15,No,9.5,Low,False
9824-BEMCV,Month-to-month,17,69.0,Yes,55.8,Medium,False
1373-ORVIZ,Month-to-month,11,66.35,Yes,31.4,Medium,False
4291-SHSBH,Month-to-month,7,69.55,No,56.4,Medium,False
6980-IMXXE,Two year,69,20.2,No,0.5,Low,False
9866-QEVEE,Month-to-month,19,86.0,Yes,45.9,Medium,True
9897-KXHCM,Month-to-month,3,80.3,Yes,70.8,High,False
0040-HALCW,Two year,54,20.4,No,1.5,Low,True
0784-GTUUK,One year,62,23.75,No,2.9,Low,False
7979-CORPM,Month-to-month,24,90.55,Yes,49.5,Medium,False
2294-DMMUS,Month-to-month,62,70.45,No,13.8,Low,True
0872-JCPIB,Month-to-month,17,65.75,No,18.3,Low,False
3055-MJDSB,Month-to-month,9,24.6,No,33.0,Medium,False
9091-WTUUY,Two year,64,69.25,No,0.9,Low,False
1618-CFHME,Month-to-month,2,75.9,Yes,76.3,High,False
3165-HDOEW,Month-to-month,1,45.85,Yes,58.5,Medium,False
6581-NQCBA,Month-to-month,16,49.95,Yes,46.3,Medium,False
7115-IRDHS,Two year,72,24.65,No,0.5,Low,False
8496-DMZUK,One year,30,90.4,No,7.1,Low,False
2040-VZIKE,Month-to-month,49,100.85,No,32.6,Medium,False
9068-VPWQQ,Two year,61,75.35,No,1.3,Low,False
0178-SZBHO,Month-to-month,47,87.2,No,29.3,Low,False
0384-RVBPI,Month-to-month,20,64.4,No,8.3,Low,False
1689-MRZQR,Month-to-month,34,78.3,Yes,40.1,Medium,False
1299-AURJA,Two year,70,24.7,No,0.6,Low,False
4525-VZCZG,One year,54,105.85,No,18.1,Low,False
1543-LLLFT,One year,61,98.3,No,9.2,Low,False
5835-BEQEU,Month-to-month,3,76.95,Yes,75.8,High,False
2788-CJQAQ,One year,13,19.45,No,2.5,Low,True
5565-FILXA,Month-to-month,16,96.15,Yes,74.0,High,False
0319-QZTCO,Month-to-month,3,58.7,No,35.9,Medium,False
2120-SMPEX,Month-to-month,25,20.15,No,7.3,Low,False
0096-FCPUF,Month-to-month,30,64.5,No,8.1,Low,False
0668-OGMHD,Month-to-month,21,28.5,No,32.4,Medium,True
5552-ZNFSJ,Month-to-month,1,45.3,Yes,58.0,Medium,False
2223-KAGMX,Month-to-month,15,19.4,Yes,10.2,Low,False
6507-ZJSUR,Month-to-month,23,90.45,No,52.9,Medium,True
9408-HRXRK,Month-to-month,45,105.15,No,29.7,Low,False
5593-SUAOO,One year,24,83.15,No,10.5,Low,False
7321-PKUYW,Month-to-month,11,90.15,Yes,56.3,Medium,False
2833-SLKDQ,Month-to-month,1,45.05,Yes,48.6,Medium,False
6766-HFKLA,Two year,56,103.2,No,7.6,Low,True
7595-EUIVN,Month-to-month,1,75.8,Yes,76.6,High,False
7617-EYGLW,Month-to-month,1,19.45,No,34.7,Medium,False
2026-TGDHM,Month-to-month,7,79.3,Yes,67.7,High,False
9220-ZNKJI,Two year,55,88.8,No,4.0,Low,True
4030-VPZBD,Month-to-month,2,30.9,Yes,56.0,Medium,False
2226-ICFDO,Two year,72,85.9,No,0.7,Low,False
0723-VSOBE,One year,45,34.2,No,14.8,Low,False
5529-GIBVH,Two year,47,20.15,No,1.3,Low,False
4187-CINZD,One year,46,95.25,Yes,17.7,Low,False
9992-UJOEL,Month-to-month,2,50.3,No,45.6,Medium,True
4741-WWJQZ,Month-to-month,2,80.15,No,52.3,Medium,False
6625-UTXEW,Month-to-month,12,51.25,No,37.4,Medium,False
6818-WOBHJ,Month-to-month,68,89.6,Yes,30.0,Low,False
6244-BESBM,Two year,69,95.2,No,4.4,Low,False
1004-NOZNR,One year,56,94.8,No,10.8,Low,False
1251-STYSZ,Month-to-month,4,80.25,No,62.6,High,False
2612-PHGOX,Two year,64,76.1,No,2.3,Low,False
2408-TZMJL,One year,59,110.15,Yes,25.5,Low,False
8480-PPONV,Two year,62,115.55,No,5.1,Low,False
8780-IHCRN,Two year,63,24.65,No,0.8,Low,False
4598-ZADCK,One year,53,53.6,No,9.3,Low,False
1257-SXUXQ,Month-to-month,5,19.45,No,9.8,Low,False
9681-KYGYB,Month-to-month,49,88.2,No,28.8,Low,False
7182-OVLBJ,Two year,62,101.15,No,4.4,Low,False
5095-ETBRJ,Two year,55,56.8,No,1.3,Low,False
7005-CYUIL,Two year,71,99.4,No,2.3,Low,False
4821-WQOYN,Two year,72,20.1,No,0.5,Low,True
4730-AWNAU,One year,36,60.7,No,6.4,Low,False
3452-FLHYD,One year,25,20.95,No,3.2,Low,False
2388-LAESQ,Two year,72,114.85,No,1.8,Low,True
9531-NSBMR,One year,36,19.25,No,1.9,Low,False
6260-ONULR,Month-to-month,1,62.8,No,67.6,High,False
4389-UEFCZ,Two year,72,105.5,No,7.1,Low,False
8711-LOBKY,Two year,59,19.85,No,1.8,Low,True
9134-CEQMF,Month-to-month,7,89.5,Yes,77.3,High,False
8985-OOPOS,One year,1,74.1,No,23.2,Low,True
8800-ZKRFW,Month-to-month,30,107.5,No,27.9,Low,False
2616-FLVQC,Two year,64,19.55,No,1.2,Low,True
9968-FFVVH,One year,63,68.8,No,1.9,Low,True
3108-PCCGG,Two year,72,84.45,No,1.0,Low,False
7993-PYKOF,Month-to-month,8,75.0,Yes,43.0,Medium,False
8390-FESFV,Two year,62,84.5,No,2.1,Low,True
3022-BEXHZ,Two year,67,111.2,No,15.5,Low,False
5027-XWQHA,Month-to-month,6,44.75,Yes,27.2,Low,False
6248-TKCQV,Two year,70,80.6,No,2.8,Low,False
6729-GDNGC,Month-to-month,20,80.7,No,32.1,Medium,True
6198-ZFIOJ,Month-to-month,5,75.6,No,56.9,Medium,False
5989-OMNJE,One year,24,57.6,No,13.9,Low,False
4566-QVRRW,Month-to-month,11,44.05,Yes,31.5,Medium,False
1291-CUOCY,Two year,72,110.6,No,2.5,Low,False
9795-SHUHB,Two year,66,58.2,No,0.8,Low,False
3230-IUALN,Two year,45,81.0,No,1.1,Low,False
0042-RLHYP,Two year,69,19.7,No,0.9,Low,False
8519-IMDHU,Month-to-month,15,85.6,Yes,58.3,Medium,False
4945-RVMTE,Month-to-month,28,59.55,No,11.2,Low,True
0201-OAMXR,One year,70,115.55,Yes,22.6,Low,False
1866-NXPSP,One year,36,75.55,No,5.8,Low,False
3372-KWFBM,Month-to-month,16,86.6,Yes,64.1,High,False
7831-QGOXH,Month-to-month,18,85.2,Yes,64.3,High,False
6393-WRYZE,Month-to-month,34,97.65,Yes,65.4,High,False
3941-XTSKM,One year,42,45.1,No,12.8,Low,False
1661-CZBAU,One year,48,70.95,No,5.3,Low,False
6599-RCLCJ,Month-to-month,47,109.55,Yes,48.6,Medium,False
9831-BPFRI,One year,39,89.55,Yes,15.5,Low,False
5158-RIVOP,Two year,11,20.9,No,1.5,Low,False
9788-YTFGE,Month-to-month,7,19.95,No,10.4,Low,True
9277-JOOMO,Month-to-month,3,24.6,No,15.4,Low,False
1907-YLNYW,Month-to-month,8,66.7,No,27.5,Low,False
1725-MIMXW,Month-to-month,1,19.45,Yes,40.6,Medium,False
8947-YRTDV,One year,32,94.8,No,11.4,Low,False
3161-ONRWK,One year,60,65.85,No,1.8,Low,True
0114-RSRRW,Month-to-month,10,19.95,No,11.1,Low,False
4565-NLZBV,Two year,71,24.65,No,0.6,Low,False
0031-PVLZI,Month-to-month,4,20.35,Yes,12.0,Low,False
7206-GZCDC,Month-to-month,1,69.25,Yes,88.4,High,False
6682-VCIXC,One year,43,51.25,No,5.3,Low,False
4791-QRGMF,One year,59,99.5,Yes,36.1,Medium,False
6475-VHUIZ,Month-to-month,23,54.25,No,13.8,Low,False
3910-MRQOY,Two year,72,19.4,No,0.8,Low,True
0661-WCQNQ,One year,22,56.25,No,4.5,Low,False
7537-RBWEA,Month-to-month,1,25.15,No,58.8,Medium,False
4656-CAURT,Two year,69,23.95,No,0.9,Low,False
0121-SNYRK,One year,50,35.4,No,2.7,Low,True
1768-ZAIFU,Month-to-month,1,25.2,Yes,79.3,High,True
4671-LXRDQ,Month-to-month,2,45.0,Yes,45.9,Medium,False
3733-LSYCE,Month-to-month,15,75.35,No,33.3,Medium,False
6265-FRMTQ,Two year,31,20.4,No,0.9,Low,False
1934-SJVJK,Month-to-month,1,20.15,Yes,39.5,Medium,False
3838-OZURD,Month-to-month,66,105.0,Yes,51.4,Medium,False
1371-DWPAZ,Two year,0,56.05,No,3.3,Low,False
9269-CQOOL,Month-to-month,3,54.7,Yes,44.0,Medium,False
2017-CCBLH,Two year,8,20.0,No,2.1,Low,False
7690-KPNCU,One year,64,73.05,No,5.3,Low,True
0536-BGFMZ,Month-to-month,28,20.5,No,4.3,Low,False
2293-IJWPS,One year,57,100.75,No,34.3,Medium,True
2845-HSJCY,Month-to-month,14,87.25,Yes,56.7,Medium,True
5469-NUJUR,Two year,19,19.95,No,1.7,Low,True
1184-PJVDB,Month-to-month,10,79.95,Yes,65.3,High,False
2625-TRCZQ,Month-to-month,51,49.65,No,35.6,Medium,False
4102-HLENU,Two year,67,65.65,No,1.3,Low,False
7266-GSSJX,Month-to-month,11,20.45,No,10.8,Low,True
7722-VJRQD,Two year,72,60.95,No,0.8,Low,False
7073-QETQY,One year,66,20.35,No,2.8,Low,False
9415-DPEWS,Month-to-month,18,88.35,Yes,54.0,Medium,False
5624-RYAMH,Month-to-month,9,19.5,No,16.9,Low,False
0196-JTUQI,Month-to-month,9,75.2,No,62.9,High,False
7130-YXBRO,Month-to-month,48,111.45,No,32.8,Medium,False
9272-LSVYH,Month-to-month,10,70.15,No,34.7,Medium,False
7943-RQCHR,Month-to-month,9,94.75,Yes,81.2,High,False
3793-MMFUH,Month-to-month,13,95.05,Yes,70.6,High,False
3249-ZPQRG,Month-to-month,4,78.45,Yes,64.0,High,False
2568-BRGYX,Month-to-month,4,70.2,Yes,60.1,High,False
3084-DOWLE,Two year,72,92.0,No,0.5,Low,False
1084-MNSMJ,Two year,51,85.5,No,1.2,Low,False
7721-JXEAW,Month-to-month,59,41.05,Yes,31.5,Medium,False
7249-WBIYX,Month-to-month,10,85.6,Yes,75.9,High,True
4238-HFHSN,Month-to-month,61,82.15,No,27.5,Low,False
6250-CGGUN,One year,54,84.4,No,7.9,Low,False
5478-JJVZK,Month-to-month,33,60.9,No,8.0,Low,False
7596-IIWYC,Two year,27,20.25,No,1.1,Low,False
6567-HOOPW,Month-to-month,1,79.2,Yes,90.8,High,False
9793-WECQC,Month-to-month,23,95.3,No,29.9,Low,False
4291-HPAXL,Month-to-month,1,19.85,No,31.5,Medium,False
8999-YPYBV,Two year,45,84.35,No,1.0,Low,False
1839-FBNFR,Two year,39,19.85,No,1.3,Low,False
3164-AALRN,One year,5,70.0,Yes,30.6,Medium,False
3071-MVJCD,Two year,72,82.3,No,0.5,Low,True
1697-BCSHV,Month-to-month,58,66.8,No,9.7,Low,False
0562-KBDVM,Two year,70,44.6,No,1.2,Low,False
1131-SUEKT,One year,61,98.45,No,12.6,Low,True
3717-OEAUQ,Month-to-month,2,70.7,No,49.3,Medium,True
4538-WNTMJ,One year,46,24.95,No,2.7,Low,False
3334-CTHOL,Month-to-month,1,49.95,Yes,53.7,Medium,True
4704-ERYFC,Month-to-month,22,69.25,Yes,45.6,Medium,False
9432-RUVSL,Two year,48,102.5,No,5.6,Low,False
8060-HIWJJ,Two year,64,86.55,No,2.0,Low,False
7684-XSZIY,Two year,72,24.3,No,0.5,Low,False
9089-UOWJG,Month-to-month,12,58.35,No,20.4,Low,True
8621-MNIHH,Month-to-month,34,94.25,Yes,45.2,Medium,True
8039-ACLPL,Two year,72,68.75,No,0.5,Low,False
9885-AIBVB,Month-to-month,29,85.8,No,50.2,Medium,False
1934-MKPXS,One year,33,20.1,No,1.9,Low,False
2592-YKDIF,Month-to-month,1,20.35,No,30.8,Medium,False
2272-JKMSI,One year,62,110.8,No,10.7,Low,False
0471-LVHGK,One year,41,73.0,Yes,21.1,Low,False
9518-RWHZL,One year,64,100.05,Yes,30.4,Medium,False
8714-CTZJW,Month-to-month,4,82.85,No,68.1,High,False
3569-EDBPQ,Month-to-month,24,84.35,No,33.6,Medium,True
3131-NWVFJ,One year,14,19.55,No,2.8,Low,False
7521-YXVZY,Month-to-month,3,19.95,No,13.5,Low,False
5419-CONWX,Month-to-month,4,99.8,Yes,76.6,High,True
6240-EURKS,Month-to-month,18,35.0,Yes,43.5,Medium,False
2373-NTKOD,Month-to-month,8,66.25,No,39.6,Medium,False
1970-KKFWL,Two year,35,23.3,No,1.7,Low,False
6960-HVYXR,Month-to-month,1,76.0,Yes,83.4,High,False
9337-SRRNI,Two year,66,25.3,No,0.9,Low,False
0895-UADGO,Two year,8,44.55,No,3.6,Low,False
5678-VFNEQ,One year,71,104.1,No,14.6,Low,False
5977-CKHON,Month-to-month,43,92.55,No,32.0,Medium,False
7024-OHCCK,Month-to-month,2,93.85,Yes,87.2,High,False
2692-BUCFV,Month-to-month,29,101.45,No,39.0,Medium,False
7861-UVUFT,Month-to-month,15,84.3,Yes,53.6,Medium,True
1830-GGFNM,Two year,65,94.55,No,2.4,Low,False
5302-BDJNT,Month-to-month,35,95.5,No,29.2,Low,False
5223-UZAVK,One year,64,100.3,No,11.9,Low,False
4859-ZSRDZ,Two year,58,55.5,No,2.6,Low,False
5651-WYIPH,Month-to-month,18,49.85,No,23.0,Low,False
9350-VLHMB,Month-to-month,67,89.55,No,29.6,Low,False
3498-LZGQZ,Two year,63,19.15,No,1.1,Low,False
8785-CJSHH,Month-to-month,60,99.8,No,40.4,Medium,True
5357-TZHPP,Month-to-month,9,84.4,Yes,76.0,High,True
3870-SPZSI,Two year,70,113.05,No,4.5,Low,False
0680-DFNNY,Month-to-month,15,101.1,Yes,77.4,High,False
7560-QRBXH,One year,48,19.95,No,2.0,Low,False
7077-XJMET,Month-to-month,12,74.15,No,36.2,Medium,False
8752-GHJFU,One year,71,92.0,No,3.7,Low,False
6896-SRVYQ,Month-to-month,44,73.85,No,34.0,Medium,False
7767-UXAGJ,Month-to-month,1,50.45,Yes,71.6,High,False
4652-ODEVH,Two year,45,24.45,No,1.5,Low,False
6510-UPNKS,One year,23,24.8,No,4.0,Low,False
6718-BDGHG,One year,43,64.85,No,7.1,Low,False
9046-DQMTP,Month-to-month,35,20.75,No,4.2,Low,False
6439-LAJXL,Month-to-month,9,68.95,No,15.4,Low,False
1571-SAVHK,Month-to-month,12,99.95,Yes,82.1,High,False
9052-VKDUW,Month-to-month,65,109.4,No,17.2,Low,False
9546-CQJSU,Month-to-month,2,91.4,Yes,81.9,High,False
1666-JZPZT,Month-to-month,27,49.0,No,9.1,Low,False
5777-KJIRB,One year,40,50.25,No,3.9,Low,False
0506-LVNGN,Month-to-month,5,75.55,Yes,58.5,Medium,True
7677-SJJJK,One year,8,19.9,No,2.7,Low,True
2480-EJWYP,One year,58,97.8,No,31.4,Medium,True
3253-HKOKL,One year,52,100.3,No,13.4,Low,False
7055-HNEOJ,Month-to-month,3,55.8,No,33.4,Medium,True
5514-YQENT,Two year,41,111.15,No,9.3,Low,True
3211-AAPKX,Month-to-month,20,98.55,No,57.5,Medium,False
8445-DNBAE,Month-to-month,1,50.05,No,61.7,High,True
2951-QOQTK,Month-to-month,4,80.8,Yes,64.3,High,False
2958-NHPPS,Month-to-month,23,20.85,No,10.2,Low,True
6806-YDEUL,Month-to-month,6,19.5,No,15.8,Low,False
1735-XMJVH,Month-to-month,8,19.35,No,10.7,Low,False
6890-PFRQX,Month-to-month,18,69.5,No,14.4,Low,True
0222-CNVPT,Month-to-month,52,48.8,No,27.4,Low,False
5899-OUVKV,Month-to-month,31,94.5,No,42.8,Medium,False
8681-ICONS,Month-to-month,29,20.65,No,4.8,Low,False
1621-YNCJH,Two year,36,106.05,No,10.4,Low,False
3473-XIIIT,Month-to-month,16,100.0,Yes,74.4,High,False
6362-QHAFM,One year,42,108.3,No,47.6,Medium,False
7893-IXHRQ,Month-to-month,1,20.55,Yes,37.7,Medium,True
3070-BDOQC,Two year,60,99.65,No,8.8,Low,False
2952-QAYZF,Month-to-month,5,85.3,Yes,78.3,High,False
6234-PFPXL,Month-to-month,22,95.9,No,34.3,Medium,True
9824-QCJPK,One year,36,20.0,No,2.1,Low,True
4763-PGDPO,Month-to-month,4,70.4,Yes,50.6,Medium,False
4283-IVYCI,Month-to-month,9,64.95,No,11.1,Low,False
1866-OBPNR,Month-to-month,1,74.6,No,65.6,High,False
8205-MQUGY,Month-to-month,12,49.2,No,26.7,Low,False
8970-ANWXO,One year,23,73.75,No,10.3,Low,True
9480-BQJEI,One year,62,92.3,No,8.4,Low,True
5394-SVGJV,Month-to-month,37,98.8,Yes,37.8,Medium,False
6979-TNDEU,Month-to-month,8,19.2,No,3.5,Low,False
9777-WJJPR,Month-to-month,31,88.65,No,34.8,Medium,False
9283-LZQOH,Month-to-month,13,74.4,Yes,50.8,Medium,True
7079-QRCBC,Month-to-month,24,98.75,Yes,78.9,High,False
9495-SKLKD,Month-to-month,45,95.95,No,32.8,Medium,False
6048-UWKAL,Two year,69,105.4,No,7.7,Low,False
5067-DGXLL,Month-to-month,2,20.25,No,11.5,Low,False
5469-CTCWN,One year,61,106.0,Yes,17.4,Low,True
9851-QXEEQ,Month-to-month,41,104.7,Yes,63.4,High,False
6281-FKEWS,One year,44,49.05,No,26.3,Low,False
8898-KASCD,One year,39,35.55,No,4.0,Low,False
9242-TKFSV,Two year,72,65.1,No,0.7,Low,False
9290-SHCMB,Month-to-month,13,96.85,No,62.6,High,False
0743-HNPFG,One year,51,69.75,No,3.9,Low,False
2277-BKJKN,Two year,71,99.2,No,6.7,Low,False
9809-IMGCQ,Month-to-month,22,96.7,Yes,73.1,High,False
5208-HFSBT,Month-to-month,2,55.05,Yes,48.7,Medium,False
5035-PGZXH,One year,56,106.8,No,30.8,Medium,False
8695-WDYEA,Month-to-month,1,51.25,No,38.5,Medium,False
6543-JXSOO,One year,23,57.75,No,3.5,Low,False
8016-ZMGMO,One year,66,70.85,No,6.3,Low,False
8605-ITULD,Month-to-month,1,19.55,No,32.8,Medium,False
3254-YRILK,Month-to-month,19,88.2,Yes,63.7,High,False
6416-YJTTB,Month-to-month,11,79.5,No,38.0,Medium,False
2667-WYLWJ,One year,8,19.75,Yes,5.1,Low,False
4472-VESGY,Month-to-month,52,98.15,No,17.0,Low,False
3195-TQDZX,Month-to-month,3,20.25,No,22.3,Low,False
3128-YOVTD,Month-to-month,51,79.15,No,15.7,Low,False
0529-ONKER,Month-to-month,15,75.65,Yes,54.3,Medium,False
1728-CXQBE,Month-to-month,64,94.25,No,29.1,Low,False
7041-TXQJH,Month-to-month,37,40.2,No,21.8,Low,False
5014-GSOUQ,Two year,13,19.95,No,1.4,Low,False
5724-BIDBU,One year,49,55.35,No,11.4,Low,False
0481-SUMCB,One year,45,102.15,No,34.0,Medium,False
1769-GRUIK,Month-to-month,18,71.1,No,45.5,Medium,False
5240-IJOQT,Month-to-month,1,74.7,Yes,88.5,High,False
8819-WFGGJ,Two year,68,54.1,No,4.5,Low,False
7427-AUFPY,Two year,54,19.65,No,1.7,Low,False
2811-POVEX,Month-to-month,23,88.45,No,30.8,Medium,False
1092-GANHU,Month-to-month,17,76.65,Yes,39.0,Medium,True
7898-PDWQE,Two year,71,80.4,No,0.9,Low,False
9972-EWRJS,Two year,67,19.25,No,0.7,Low,False
9314-IJWSQ,Month-to-month,14,84.8,No,68.9,High,False
0661-XEYAN,Month-to-month,1,25.8,Yes,73.9,High,False
5799-JRCZO,Two year,63,19.5,No,0.7,Low,False
1921-KYSAY,One year,41,68.6,No,12.6,Low,False
6198-RTPMF,Month-to-month,17,92.6,No,52.7,Medium,False
2924-KHUVI,One year,56,100.55,No,33.3,Medium,True
1925-GMVBW,Month-to-month,5,20.55,No,11.0,Low,False
7881-EVUAD,Month-to-month,2,42.6,Yes,63.2,High,True
6184-DYUOB,Month-to-month,3,19.6,No,19.5,Low,True
9207-ZPANB,One year,37,67.45,No,5.1,Low,False
5766-XQXMQ,Month-to-month,29,68.85,Yes,7.9,Low,False
9327-QSDED,Month-to-month,8,43.55,No,20.4,Low,True
1656-DRSMG,Month-to-month,63,109.85,No,25.1,Low,False
3012-VFFMN,Month-to-month,7,20.65,No,7.1,Low,False
2984-AFWNC,Month-to-month,3,95.4,No,56.1,Medium,False
0640-YJTPY,Two year,72,21.0,No,0.6,Low,False
8096-LOIST,Month-to-month,19,56.2,No,38.7,Medium,False
9764-REAFF,Two year,59,18.4,No,0.9,Low,False
3703-VAVCL,Month-to-month,2,90.0,Yes,56.4,Medium,False
7107-UBYKY,Month-to-month,35,25.75,No,12.0,Low,False
4881-GQJTW,Month-to-month,14,19.6,No,5.6,Low,False
8519-QJGJD,Month-to-month,14,75.35,Yes,38.6,Medium,False
7876-DNYAP,Two year,69,19.8,No,0.7,Low,False
7905-NJMXS,Month-to-month,7,64.2,No,20.9,Low,False
2882-WDTBA,Two year,69,75.75,No,2.0,Low,False
2091-GPPIQ,Two year,72,78.95,No,2.1,Low,False
6326-MTTXK,Month-to-month,8,100.85,Yes,74.5,High,False
5071-FBJFS,Month-to-month,4,50.3,No,29.1,Low,False
2796-UUZZO,Month-to-month,63,80.3,No,12.7,Low,False
2429-AYKKO,Two year,72,19.85,No,0.7,Low,False
9798-OPFEM,Two year,46,21.1,No,3.3,Low,False
0330-IVZHA,Month-to-month,5,69.95,Yes,53.3,Medium,True
3794-NFNCH,Month-to-month,30,50.0,No,11.4,Low,True
5193-QLVZB,Two year,63,104.75,No,12.5,Low,False
7114-AEOZE,Two year,60,19.85,No,1.6,Low,True
2886-KEFUM,One year,63,107.5,Yes,20.7,Low,False
5522-NYKPB,Month-to-month,25,85.9,No,32.5,Medium,False
4237-RLAQD,Month-to-month,1,45.85,Yes,59.0,Medium,True
9957-YODKZ,Month-to-month,6,80.8,No,77.5,High,False
6518-KZXCB,Two year,22,25.25,No,1.9,Low,False
2245-ADZFJ,Two year,31,80.55,No,2.5,Low,True
7776-QGYJC,Month-to-month,39,81.5,No,24.7,Low,False
9313-QOLTZ,Month-to-month,26,20.9,No,5.5,Low,True
9651-GTSAQ,One year,53,106.1,Yes,26.0,Low,False
3186-BAXNB,Month-to-month,1,91.7,Yes,66.9,High,False
4672-FOTSD,Month-to-month,12,67.25,No,24.1,Low,True
0637-YLETY,Month-to-month,16,95.6,Yes,48.4,Medium,False
9818-XQCUV,Month-to-month,2,20.35,No,11.1,Low,False
7338-ERIVA,One year,39,45.05,No,3.7,Low,True
1157-BQCUW,Month-to-month,1,74.95,Yes,85.2,High,False
8259-NFJTV,Month-to-month,7,34.65,No,15.2,Low,False
3223-DWFIO,Month-to-month,4,69.35,No,50.5,Medium,False
2660-EMUBI,Month-to-month,10,95.35,Yes,82.8,High,False
6968-GMKPR,Month-to-month,55,81.55,No,26.6,Low,False
4751-ERMAN,Two year,72,75.4,No,1.4,Low,True
1436-ZMJAN,Month-to-month,10,67.8,No,29.5,Low,True
3292-PBZEJ,Month-to-month,11,111.4,No,75.1,High,True
0799-DDIHE,Month-to-month,15,46.3,No,25.7,Low,False
3070-FNFZQ,Two year,23,20.4,No,0.9,Low,False
2812-SFXMJ,Month-to-month,1,20.05,No,37.6,Medium,False
7675-OZCZG,Month-to-month,3,45.0,Yes,48.0,Medium,False
5014-WUQMG,One year,47,96.1,No,15.3,Low,True
5312-TSZVC,One year,15,19.65,No,3.2,Low,False
2003-CKLOR,Month-to-month,66,99.5,Yes,33.1,Medium,False
0993-OSGPT,One year,68,60.65,No,3.0,Low,False
9254-RBFON,One year,17,98.6,Yes,23.3,Low,True
1205-WNWPJ,Month-to-month,7,59.5,Yes,23.0,Low,True
9391-EOYLI,Month-to-month,12,80.45,Yes,60.3,High,False
7108-DGVUU,One year,21,71.7,No,12.5,Low,False
2782-JEEBU,Month-to-month,21,36.0,No,19.1,Low,False
5127-BZENZ,One year,56,65.2,No,2.7,Low,False
2720-FVBQP,Month-to-month,6,48.95,No,37.6,Medium,True
9906-NHHVC,Two year,65,53.5,No,5.3,Low,True
4522-XRWWI,One year,42,80.45,No,7.6,Low,False
3766-EJLFL,Two year,68,109.05,No,15.7,Low,True
5939-SXWHM,Two year,48,26.3,No,1.4,Low,False
8152-UOBNY,One year,50,106.8,No,30.8,Medium,False
7351-KYHQH,Month-to-month,7,64.95,No,37.5,Medium,False
7643-RCHXS,Two year,63,19.35,No,2.9,Low,False
8246-SHFGA,Month-to-month,17,21.1,No,7.2,Low,False
8387-MOJJT,Month-to-month,42,77.95,Yes,32.6,Medium,False
0620-XEFWH,Month-to-month,4,18.85,No,3.9,Low,False
6485-QXWWE,Two year,62,26.0,No,0.7,Low,False
2761-OCIAX,Month-to-month,2,74.7,Yes,65.4,High,True
7321-VGNKU,Month-to-month,2,70.35,No,62.0,High,False
5327-CNLUQ,Two year,48,96.9,No,5.6,Low,False
7552-KEYGT,Two year,27,19.55,No,1.3,Low,False
5816-JMLGY,Two year,70,80.4,No,2.0,Low,False
3068-OMWZA,Month-to-month,1,88.8,Yes,92.5,High,False
2927-QRRQV,One year,46,94.65,No,26.3,Low,False
6032-KRXXO,Month-to-month,30,90.25,Yes,48.5,Medium,False
7459-RRWQZ,Month-to-month,15,64.65,Yes,21.5,Low,False
6265-SXWBU,One year,69,95.75,No,9.5,Low,False
7941-RCJOW,Two year,65,19.55,No,1.0,Low,False
6374-NTQLP,Two year,72,104.1,No,3.9,Low,True
4154-AQUGT,Month-to-month,13,89.05,Yes,50.1,Medium,True
2387-KDZQY,One year,17,20.1,No,3.1,Low,False
3584-WKTTW,One year,51,111.55,No,27.9,Low,False
3399-BMLVW,Two year,51,60.5,No,1.4,Low,False
1971-DTCZB,Two year,72,90.95,No,0.5,Low,False
3092-IGHWF,One year,67,87.4,Yes,12.9,Low,False
3374-PZLXD,Month-to-month,34,19.7,No,7.5,Low,False
3813-DHBBB,Two year,67,50.95,No,1.9,Low,False
2812-REYAT,One year,49,20.05,No,2.8,Low,True
6518-PPLMZ,Two year,53,19.4,No,3.2,Low,False
4939-KYYPY,Month-to-month,27,59.45,No,9.6,Low,False
8017-LXHFA,Month-to-month,23,94.75,Yes,56.6,Medium,False
5930-GBIWP,Two year,69,81.5,No,2.7,Low,False
6022-KOUQO,Month-to-month,2,29.05,No,29.4,Low,False
6352-TWCAU,Month-to-month,35,86.45,Yes,53.0,Medium,False
2361-UPSND,One year,46,70.6,No,6.6,Low,False
6035-RIIOM,Two year,54,97.2,No,9.7,Low,False
2929-QNSRW,One year,56,98.25,Yes,35.6,Medium,False
1262-OPMFY,Month-to-month,9,75.75,Yes,51.1,Medium,False
9504-DSHWM,Month-to-month,20,59.2,No,12.1,Low,False
5035-BVCXS,Month-to-month,11,75.9,No,41.2,Medium,False
6267-DCFFZ,Month-to-month,30,90.05,No,56.9,Medium,False
3533-UVMOM,Two year,68,70.95,No,2.0,Low,False
2439-LYPMQ,Month-to-month,38,102.6,No,60.5,High,True
4248-QPAVC,Month-to-month,17,85.35,Yes,43.9,Medium,True
1899-VXWXM,One year,48,106.1,Yes,37.7,Medium,False
1478-VPOAD,Month-to-month,1,43.8,No,50.5,Medium,False
9995-HOTOH,Two year,63,59.0,No,3.4,Low,False
2988-PLAHS,One year,3,69.95,No,36.1,Medium,True
1371-OJCEK,One year,48,24.35,No,3.0,Low,False
4999-IEZLT,One year,66,29.45,No,2.4,Low,False
8883-ANODQ,Two year,68,84.4,No,4.6,Low,False
4690-LLKUA,Month-to-month,17,45.05,Yes,42.3,Medium,True
2351-RRBUE,One year,7,20.65,No,3.1,Low,False
5980-BDHPY,Two year,72,87.1,No,0.7,Low,False
1498-DQNRX,Month-to-month,29,19.85,No,5.7,Low,False
9469-WEJBT,Month-to-month,37,90.35,No,23.1,Low,False
3331-HQDTW,Month-to-month,34,109.8,Yes,24.4,Low,True
9490-DFPMD,Month-to-month,42,84.65,Yes,54.1,Medium,False
2581-VKIRT,One year,59,65.5,No,1.8,Low,False
5442-XSDCW,Month-to-month,11,79.5,Yes,50.2,Medium,False
7426-WEIJX,Month-to-month,60,80.95,No,15.9,Low,True
2851-MMUTZ,Month-to-month,27,56.15,No,9.4,Low,False
3049-NDXFL,Month-to-month,1,85.8,Yes,85.6,High,False
8580-AECUZ,Month-to-month,1,79.1,Yes,90.4,High,False
3307-TLCUD,Month-to-month,17,34.4,No,20.2,Low,False
6625-FLENO,Two year,58,20.75,No,1.5,Low,True
2967-MXRAV,One year,1,18.8,No,7.1,Low,True
7963-GQRMY,Month-to-month,3,44.3,Yes,31.7,Medium,False
8189-HBVRW,Month-to-month,53,90.8,No,15.0,Low,False
4163-KIUHY,Month-to-month,35,25.6,No,14.0,Low,False
1228-FZFRV,Month-to-month,50,105.95,Yes,39.4,Medium,False
3500-NSDOA,Two year,68,70.8,No,2.9,Low,False
1171-TYKUR,Month-to-month,47,25.4,No,12.6,Low,False
3761-FLYZI,Month-to-month,65,108.8,No,24.2,Low,False
2058-DCJBE,Month-to-month,5,69.75,Yes,62.1,High,False
5364-XYIRR,Month-to-month,51,94.65,Yes,50.3,Medium,False
4829-AUOAX,Month-to-month,46,96.05,Yes,33.7,Medium,True
1219-NNDDO,Month-to-month,9,76.85,No,66.7,High,False
8388-DMKAE,Two year,8,20.25,No,1.8,Low,False
4403-BWPAY,One year,14,24.8,No,5.7,Low,False
9659-QEQSY,Month-to-month,45,115.65,No,29.6,Low,False
5405-ZMYXQ,Month-to-month,8,74.6,No,63.4,High,False
5047-LHVLY,Month-to-month,1,50.15,Yes,64.2,High,False
1442-OKRJE,One year,66,103.15,No,20.8,Low,False
4737-AQCPU,Two year,72,72.1,No,0.7,Low,False
9158-VCTQB,Month-to-month,41,113.6,Yes,36.6,Medium,False
2808-CHTDM,Two year,23,25.1,No,1.5,Low,False
6311-UEUME,Month-to-month,29,78.9,Yes,54.6,Medium,False
0793-TWELN,Month-to-month,4,80.15,No,61.5,High,False
3283-WCWXT,Two year,6,25.4,No,2.1,Low,False
1060-ENTOF,One year,67,105.4,No,10.4,Low,False
0999-QXNSA,Month-to-month,7,45.75,No,31.3,Medium,False
5451-MHQOF,One year,56,24.45,No,2.8,Low,False
4836-WNFNO,Two year,72,25.0,No,0.5,Low,False
9225-BZLNZ,Two year,72,85.25,No,2.0,Low,False
0354-VXMJC,Two year,23,19.6,No,0.8,Low,False
4422-QVIJA,Month-to-month,35,50.15,No,7.3,Low,False
9365-SRSZE,Month-to-month,27,70.55,No,36.2,Medium,False
6839-ITVZJ,Month-to-month,26,60.05,Yes,16.9,Low,False
8332-OSJDW,One year,12,26.4,No,3.6,Low,False
4735-BJKOU,Two year,40,20.15,No,1.2,Low,True
0274-JKUJR,Month-to-month,7,58.85,No,21.0,Low,False
5740-YHGTW,Month-to-month,70,97.55,No,22.8,Low,False
8917-SZTTJ,Two year,60,19.65,No,1.4,Low,False
1696-MZVAU,One year,39,25.25,No,7.6,Low,False
7359-WWYJV,Two year,72,114.45,No,2.3,Low,True
0375-HVGXO,Month-to-month,1,34.7,Yes,76.1,High,False
4906-ZHGPK,One year,54,70.7,No,7.0,Low,False
8593-WHYHV,Month-to-month,3,85.3,Yes,83.4,High,True
3795-GWTRD,Two year,63,75.55,No,0.6,Low,True
1298-PHBTI,Two year,71,84.8,No,4.8,Low,False
6223-DHJGV,One year,42,20.65,No,2.1,Low,True
6961-MJKBO,Two year,47,20.45,No,1.0,Low,False
6097-EQISJ,One year,66,102.45,Yes,22.3,Low,False
4423-YLHDV,Month-to-month,21,104.4,Yes,63.9,High,False
8158-WPEZG,Month-to-month,11,35.65,No,36.3,Medium,True
0107-YHINA,Month-to-month,1,99.75,Yes,94.2,High,False
4918-FYJNT,Month-to-month,55,90.45,No,20.5,Low,False
0727-BNRLG,Two year,69,97.65,No,6.6,Low,True
4854-CIDCF,Month-to-month,3,73.85,No,55.8,Medium,False
8640-SDGKB,Month-to-month,4,74.4,Yes,44.5,Medium,False
3280-MRDOF,Two year,30,69.1,No,2.6,Low,False
6435-SRWBJ,Month-to-month,5,82.75,No,72.1,High,False
9964-WBQDJ,Two year,71,24.4,No,0.7,Low,False
6303-KFWSL,One year,29,55.25,No,10.7,Low,False
1702-CCFNJ,Month-to-month,52,61.35,No,9.1,Low,False
8932-CZHRQ,One year,68,76.75,No,7.2,Low,False
0386-CWRGM,Two year,46,19.4,No,1.4,Low,False
5515-RUGKN,Month-to-month,8,54.75,No,29.3,Low,False
0404-AHASP,Two year,72,19.7,No,0.6,Low,False
7279-NMVJC,One year,17,19.9,No,2.9,Low,True
2081-VEYEH,Month-to-month,3,107.95,No,68.0,High,False
6407-UTSLV,Month-to-month,2,83.8,No,67.4,High,False
4116-TZAQJ,Month-to-month,9,74.25,Yes,47.7,Medium,False
9060-HJJRW,One year,51,56.4,No,18.2,Low,False
2587-YNLES,Two year,6,20.1,No,1.8,Low,False
7398-SKNQZ,Month-to-month,3,94.9,No,74.8,High,False
5935-FCCNB,Month-to-month,17,94.2,No,70.1,High,False
1958-RNRKS,Month-to-month,30,49.9,No,14.5,Low,False
5136-RGMZO,Month-to-month,31,71.05,No,19.2,Low,True
8345-MVDYC,Two year,45,81.65,No,1.6,Low,True
8226-BXGES,One year,64,89.45,No,3.9,Low,False
3877-JRJIP,Month-to-month,1,59.85,Yes,77.7,High,True
8375-DKEBR,Month-to-month,1,69.6,Yes,88.4,High,True
9705-IOVQQ,One year,61,99.0,No,17.2,Low,False
1015-OWJKI,Month-to-month,1,19.05,No,17.2,Low,True
7511-YMXVQ,Month-to-month,9,45.4,Yes,62.7,High,False
2040-XBAVJ,Two year,72,114.45,No,1.1,Low,False
7551-JOHTI,Month-to-month,1,19.5,Yes,33.6,Medium,False
8887-IPQNC,Month-to-month,7,44.25,No,27.0,Low,False
8646-JCOMS,One year,66,90.55,No,8.6,Low,True
9804-ICWBG,Month-to-month,1,69.9,Yes,83.2,High,True
1222-KJNZD,Month-to-month,40,20.4,No,5.0,Low,False
0106-GHRQR,Month-to-month,16,71.4,No,31.8,Medium,False
5318-IXUZF,Month-to-month,2,87.15,Yes,64.4,High,False
3768-VHXQO,Two year,67,24.85,No,1.0,Low,False
8952-WCVCD,One year,41,104.45,No,26.4,Low,False
2418-TPEUN,Two year,56,19.8,No,2.1,Low,False
3963-RYFNS,Two year,72,116.45,No,1.3,Low,False
3198-VELRD,Month-to-month,3,84.75,Yes,80.3,High,False
8540-ZQGEA,Two year,54,20.05,No,1.8,Low,False
1320-REHCS,Month-to-month,52,110.75,No,41.8,Medium,False
4137-JOPHL,Two year,50,89.7,No,3.0,Low,True
9436-ZBZCT,Month-to-month,14,89.95,Yes,69.7,High,False
7801-CEDNV,One year,27,48.7,No,3.3,Low,False
2057-BOYKM,Two year,72,96.6,No,0.8,Low,False
3658-QQJYD,One year,62,74.3,No,6.0,Low,False
1803-BGNBD,Month-to-month,12,54.3,No,31.0,Medium,False
0134-XWXCE,One year,44,74.85,No,10.8,Low,True
6950-TWMYB,Two year,54,79.95,No,2.6,Low,False
5848-FHRFC,Two year,68,20.05,No,0.8,Low,False
2243-FNMMI,Month-to-month,20,19.4,No,8.0,Low,False
2511-MORQY,One year,50,54.9,No,7.6,Low,True
5356-KZCKT,Two year,58,24.45,No,1.8,Low,False
9470-XCCEM,Month-to-month,35,89.65,No,33.2,Medium,False
6519-CFDBX,Month-to-month,2,45.4,No,68.1,High,False
3902-MIVLE,Two year,63,75.7,No,0.9,Low,False
0409-WTMPL,One year,58,110.65,No,19.4,Low,False
8763-KIAFH,One year,27,20.55,No,2.2,Low,True
3669-WHAFY,Two year,71,115.15,No,1.9,Low,False
3055-VTCGS,One year,63,58.55,No,4.5,Low,True
3144-KMTWZ,Month-to-month,71,93.25,No,14.6,Low,False
7279-BUYWN,Month-to-month,41,113.2,Yes,47.3,Medium,True
7156-MHUGY,Month-to-month,13,90.5,Yes,72.7,High,False
7198-GLXTC,Month-to-month,2,79.0,Yes,62.8,High,True
2007-QVGAW,Two year,68,19.35,No,1.3,Low,False
5207-PLSTK,Month-to-month,1,48.75,No,46.4,Medium,True
2307-FYNNL,Two year,65,109.05,No,23.1,Low,True
5605-XNWEN,Two year,72,25.0,No,0.9,Low,False
2155-AMQRX,Month-to-month,28,54.9,No,14.2,Low,True
6181-AXXYF,Two year,72,24.75,No,0.5,Low,False
5091-HFAZW,Month-to-month,2,91.15,No,54.6,Medium,False
0516-VRYBW,One year,18,20.15,Yes,2.5,Low,False
2519-LBNQL,One year,60,104.35,No,30.5,Medium,False
8623-ULFNQ,Month-to-month,26,66.05,No,20.7,Low,True
8380-PEFPE,Month-to-month,1,71.65,Yes,78.1,High,True
5687-DKDTV,Month-to-month,4,20.35,Yes,12.8,Low,False
1568-LJSZU,Two year,68,92.2,No,2.2,Low,False
7530-HDYDS,Month-to-month,38,84.25,Yes,28.5,Low,False
7789-HKSBS,One year,42,105.2,No,37.8,Medium,False
7416-CKTEP,Two year,57,19.6,No,3.3,Low,False
2586-CWXVV,Month-to-month,54,30.4,No,23.8,Low,False
3096-IZETN,Month-to-month,12,78.1,Yes,44.8,Medium,False
2348-KCJLT,One year,44,61.5,No,4.4,Low,False
8401-EMUWF,Month-to-month,42,69.4,No,12.2,Low,True
4193-IBKSW,Two year,72,24.75,No,0.5,Low,False
5377-NDTOU,Two year,71,91.05,No,0.6,Low,False
5922-ABDVO,Month-to-month,19,89.65,Yes,36.5,Medium,False
2474-LCNUE,Month-to-month,23,73.65,No,15.6,Low,False
0839-QNXME,Two year,30,19.4,No,1.2,Low,False
3506-OVLKD,One year,35,26.2,No,2.8,Low,True
9172-ANCRX,Month-to-month,10,98.7,Yes,84.3,High,False
6650-VJONK,Month-to-month,1,43.85,No,50.5,Medium,False
2178-PMGCJ,Month-to-month,22,69.7,No,30.6,Medium,True
7492-TAFJD,Two year,7,38.55,No,3.9,Low,True
2773-MADBQ,Two year,36,53.1,No,1.6,Low,False
6016-LVTJQ,Month-to-month,34,20.65,No,3.9,Low,False
7860-KSUGX,Two year,72,64.45,No,0.5,Low,False
8966-KZXXA,Two year,36,25.1,No,1.3,Low,False
6910-HADCM,Month-to-month,1,76.35,Yes,80.0,High,True
4816-LXZYW,Month-to-month,23,79.15,Yes,49.6,Medium,False
9606-PBKBQ,Month-to-month,32,85.0,Yes,63.5,High,False
5149-QYTTU,One year,71,95.15,No,2.1,Low,False
2070-XYMFH,Month-to-month,23,79.35,No,37.4,Medium,False
2085-BOJKI,One year,17,96.65,No,31.0,Medium,False
0817-HSUSE,Month-to-month,1,75.5,No,54.8,Medium,False
5442-PPTJY,Two year,12,19.7,No,1.7,Low,False
1927-QEWMY,Two year,72,20.5,No,0.5,Low,True
1663-MHLHE,Month-to-month,1,19.2,No,15.4,Low,False
5663-QBGIS,Two year,72,98.35,No,3.0,Low,False
4450-MDZFX,Month-to-month,60,74.35,No,13.9,Low,False
6701-DHKWQ,Two year,61,51.35,No,1.6,Low,False
7554-AKDQF,Month-to-month,6,45.65,No,24.7,Low,False
3536-IQCTX,Month-to-month,32,85.3,Yes,53.4,Medium,False
4911-BANWH,Month-to-month,31,86.55,Yes,42.5,Medium,False
8496-EJAUI,Month-to-month,19,73.85,Yes,40.7,Medium,False
0794-YVSGE,Two year,72,20.3,No,0.4,Low,True
5423-BHIXO,Month-to-month,32,54.2,No,20.3,Low,False
6908-VVYHM,Month-to-month,65,90.65,No,29.9,Low,False
2959-EEXWB,Month-to-month,45,50.9,No,20.5,Low,False
1839-UMACK,One year,42,25.05,No,4.4,Low,False
3030-YDNRM,Month-to-month,8,74.85,No,67.3,High,True
7321-KKSDU,Two year,32,20.5,No,0.8,Low,False
3402-XRIUO,Month-to-month,22,63.55,No,13.3,Low,False
3132-TVFDZ,Month-to-month,57,44.85,Yes,48.2,Medium,False
8286-AFUYI,Month-to-month,1,47.95,No,45.1,Medium,False
8080-DDEMJ,Month-to-month,1,45.1,Yes,68.0,High,True
8356-WUAOJ,Month-to-month,1,45.0,No,65.5,High,False
6365-MTGZX,Month-to-month,24,96.0,Yes,46.3,Medium,False
1349-WXNGG,Month-to-month,1,20.05,Yes,37.2,Medium,False
8058-DMYRU,Month-to-month,54,90.05,No,40.3,Medium,True
9350-ZXYJC,Two year,4,25.3,No,4.6,Low,False
6990-YNRIO,Two year,65,108.65,Yes,17.3,Low,False
8958-JPTRR,One year,56,24.3,No,4.7,Low,False
6959-GQEGV,Month-to-month,45,75.95,No,15.0,Low,False
3173-WSSUE,Two year,71,19.7,No,0.6,Low,False
1265-HVPZB,One year,59,66.4,No,2.5,Low,True
4115-UMJFQ,One year,69,35.75,No,8.2,Low,False
7369-TRPFD,One year,19,18.8,No,1.0,Low,True
1098-KFQEC,Two year,55,19.4,No,1.8,Low,False
7190-XHTWJ,One year,38,19.3,No,1.7,Low,False
0621-TWIEM,Month-to-month,10,45.55,Yes,40.1,Medium,False
3537-RYBHH,Month-to-month,47,67.45,No,13.8,Low,False
2485-ITVKB,Month-to-month,2,35.1,Yes,76.0,High,True
3669-OYSJI,Month-to-month,1,46.2,Yes,46.7,Medium,False
1612-EOHDH,Month-to-month,1,45.15,Yes,58.3,Medium,False
6702-OHFWR,Month-to-month,1,43.3,Yes,85.1,High,False
5296-BFCYD,Two year,46,20.1,No,1.1,Low,True
4510-PYUSH,Month-to-month,38,57.15,Yes,13.6,Low,False
9359-JANWS,Two year,65,58.9,No,1.0,Low,False
7517-SAWMO,Month-to-month,19,73.2,Yes,45.4,Medium,False
4143-HHPMK,Month-to-month,52,85.35,Yes,34.1,Medium,False
3279-DYZQM,Two year,71,19.45,No,0.9,Low,False
7054-LGEQW,Month-to-month,1,45.95,Yes,49.6,Medium,True
0523-VNGTF,Month-to-month,52,50.5,No,28.5,Low,False
9575-IWCAZ,One year,6,25.1,No,5.3,Low,False
7105-MXJLL,One year,26,60.7,No,7.5,Low,False
7064-FRRSW,One year,48,99.0,No,42.2,Medium,False
7940-UQQUG,One year,64,104.4,No,9.1,Low,False
0923-PNFUB,Month-to-month,3,83.75,Yes,51.4,Medium,True
3961-SXAXY,Month-to-month,1,44.05,No,50.5,Medium,False
7010-BRBUU,Two year,72,24.1,No,0.5,Low,False
3566-HJGPK,Month-to-month,1,45.55,No,59.0,Medium,False
3062-ICYZQ,Month-to-month,51,93.8,No,26.8,Low,False
9938-PRCVK,Two year,41,19.7,No,1.5,Low,False
0973-KYVNF,Two year,72,70.65,No,0.6,Low,False
5129-HHMZC,Two year,43,86.45,No,1.6,Low,False
9637-CDTKZ,Two year,72,114.1,No,1.5,Low,True
3946-JEWRQ,One year,47,95.2,No,30.2,Medium,False
7873-CVMAW,Two year,72,88.55,No,0.6,Low,False
0463-WZZKO,Month-to-month,3,20.75,No,14.6,Low,True
3494-JCHRQ,Month-to-month,1,70.05,Yes,81.8,High,False
6474-FVJLC,Month-to-month,2,86.0,Yes,83.6,High,False
4524-QCSSM,Month-to-month,26,44.65,No,23.4,Low,True
5832-EXGTT,Month-to-month,29,60.2,No,7.5,Low,False
8840-DQLGN,Month-to-month,35,100.5,Yes,22.6,Low,True
2039-JONDJ,One year,27,55.45,No,3.2,Low,False
7217-JYHOQ,Month-to-month,24,70.3,No,6.3,Low,False
6695-FRVEC,Two year,67,60.4,No,1.0,Low,False
4547-LYTDD,Month-to-month,16,72.65,Yes,48.5,Medium,True
9894-QMIMJ,One year,23,55.8,No,3.1,Low,False
8069-YQQAJ,Month-to-month,14,31.1,No,26.4,Low,False
6770-XUAGN,Month-to-month,1,21.0,Yes,48.1,Medium,True
4193-ORFCL,Month-to-month,1,45.1,Yes,61.8,High,False
1636-NTNCO,Month-to-month,4,50.95,No,50.9,Medium,False
3466-WAESX,Month-to-month,16,69.1,No,32.9,Medium,True
9281-PKKZE,Month-to-month,46,43.95,No,27.2,Low,False
3638-VBZTA,Two year,68,86.5,No,1.9,Low,False
7459-IMVYU,Month-to-month,38,69.95,No,10.8,Low,False
7776-QWNFX,Month-to-month,30,50.4,Yes,16.3,Low,False
6689-TCZHQ,Month-to-month,5,78.95,Yes,62.5,High,False
8563-OYMQY,Month-to-month,17,90.95,No,32.4,Medium,False
0754-EEBDC,Two year,4,19.9,No,2.5,Low,False
5777-ZPQNC,One year,12,20.15,No,3.9,Low,False
1951-IEYXM,Two year,72,90.6,No,0.5,Low,False
3318-NMQXL,Month-to-month,3,92.0,No,73.6,High,False
3143-ILDAL,Month-to-month,56,94.45,Yes,30.3,Medium,False
1022-RKXDR,One year,41,24.85,No,3.6,Low,False
2361-FJWNO,One year,40,36.0,No,4.8,Low,False
2272-UOINI,Month-to-month,7,78.5,No,24.7,Low,False
8232-UTFOZ,Two year,69,19.95,No,0.6,Low,False
3750-YHRYO,One year,7,20.65,No,2.7,Low,True
6637-KYRCV,Month-to-month,5,30.5,No,47.5,Medium,False
5668-MEISB,Two year,72,106.1,No,1.6,Low,False
0129-QMPDR,One year,44,20.5,No,2.2,Low,False
7188-CBBBA,One year,65,95.5,No,18.4,Low,False
5356-CSVSQ,Month-to-month,3,64.6,No,41.3,Medium,False
3221-CJMSG,Month-to-month,24,51.1,No,9.2,Low,False
4720-VSTSI,Month-to-month,44,84.8,Yes,30.2,Medium,False
3219-JQRSL,Two year,72,89.1,No,0.7,Low,False
2801-NISEI,Month-to-month,24,54.95,No,12.8,Low,False
3946-MHCZW,Month-to-month,1,50.9,Yes,51.1,Medium,False
4623-ZKHLY,Month-to-month,22,20.45,No,7.3,Low,False
6732-VAILE,Two year,70,85.95,No,2.9,Low,False
8201-AAXCB,Month-to-month,25,60.35,No,17.7,Low,False
7696-CFTAT,Two year,37,19.8,No,1.2,Low,False
1845-CSBRZ,Month-to-month,22,85.35,No,37.8,Medium,False
2123-VSCOT,Two year,59,72.1,No,1.6,Low,False
6651-AZVTJ,Month-to-month,49,99.8,Yes,59.8,Medium,True
4566-GOLUK,Month-to-month,47,107.35,Yes,36.1,Medium,False
2484-DGXPZ,Month-to-month,31,19.55,Yes,8.1,Low,False
2018-QKYGT,Month-to-month,1,81.05,No,83.8,High,False
2792-VPPET,Month-to-month,3,20.5,No,22.5,Low,False
7409-JURKQ,One year,53,111.8,No,23.7,Low,False
3247-MHJKM,Month-to-month,1,20.2,No,34.4,Medium,False
1964-SVLEA,One year,20,19.7,No,4.2,Low,False
4587-NUKOX,Month-to-month,3,79.1,Yes,53.8,Medium,False
7297-DVYGA,One year,51,19.85,No,2.6,Low,False
2239-CGBUZ,One year,51,60.5,No,3.8,Low,False
0854-UYHZD,Two year,13,19.55,No,1.3,Low,False
7243-LCGGZ,Month-to-month,1,20.9,No,41.3,Medium,False
8267-KFGYD,Month-to-month,1,21.05,No,28.5,Low,False
4890-VMUAV,One year,63,71.5,No,2.8,Low,False
9261-WDCAF,Month-to-month,3,54.65,No,38.8,Medium,False
3764-MNMOI,Two year,46,19.2,No,0.4,Low,False
7442-YGZFK,Month-to-month,1,49.8,No,54.0,Medium,False
0420-BWTPW,Month-to-month,8,25.5,Yes,23.6,Low,False
8229-BUJHX,Two year,71,20.5,No,0.5,Low,False
7449-HVPIV,Month-to-month,55,90.4,No,25.4,Low,False
5504-WSIUR,One year,70,90.25,No,8.5,Low,False
8183-ONMXC,Month-to-month,2,80.75,Yes,61.9,High,False
8466-PZBLH,Two year,67,104.6,No,13.3,Low,False
9614-RMGHA,Month-to-month,65,91.85,Yes,26.0,Low,False
8735-IJJEG,Month-to-month,14,50.2,No,14.1,Low,False
0564-MUUQK,Month-to-month,20,95.5,No,32.5,Medium,False
5054-IEXZT,Month-to-month,1,75.35,Yes,79.2,High,False
5834-ASPWA,Month-to-month,1,75.45,Yes,86.1,High,False
0701-RFGFI,Month-to-month,49,95.4,No,36.9,Medium,False
0019-EFAEP,Two year,72,101.3,No,1.2,Low,True
5619-PTMIK,Month-to-month,46,53.1,No,15.9,Low,False
3737-XBQDD,Month-to-month,24,84.85,No,37.5,Medium,False
5882-CMAZQ,Month-to-month,5,34.25,No,31.1,Medium,False
5846-QFDFI,Month-to-month,33,88.6,No,20.7,Low,False
4445-KWOKW,One year,42,60.15,No,5.6,Low,False
3511-APPBJ,One year,23,99.95,No,34.6,Medium,False
7967-HYCDE,Month-to-month,8,70.7,No,39.6,Medium,False
2430-RRYUW,One year,66,54.8,No,3.0,Low,False
3948-XHGNA,Month-to-month,24,49.55,Yes,13.9,Low,False
3723-BFBGR,Month-to-month,24,54.8,No,16.4,Low,False
0565-IYCGT,One year,69,78.6,Yes,10.5,Low,False
5447-WZAFP,One year,53,100.3,No,17.7,Low,False
5110-CHOPY,Two year,60,53.6,No,7.9,Low,False
5445-UTODQ,Month-to-month,7,81.1,Yes,70.0,High,False
4425-OWHWB,One year,20,19.35,No,2.8,Low,False
7892-QVYKW,Month-to-month,23,85.6,No,39.3,Medium,False
9675-ICXCT,Two year,72,80.8,No,1.0,Low,False
1024-VRZHF,Month-to-month,11,74.95,Yes,65.8,High,False
4703-MQYKT,Two year,21,19.6,No,1.7,Low,True
9497-QCMMS,Month-to-month,1,93.55,Yes,94.2,High,False
5692-ICXLW,Month-to-month,31,90.7,No,53.8,Medium,False
0602-DDUML,Two year,57,69.75,No,1.0,Low,False
2208-MPXIO,Two year,45,20.0,No,1.2,Low,False
1960-UYCNN,Month-to-month,10,95.25,No,70.2,High,False
0348-SDKOL,Month-to-month,58,102.1,Yes,37.1,Medium,False
3190-FZATL,Month-to-month,14,19.95,No,6.0,Low,False
7336-RLLRH,One year,27,80.85,No,7.1,Low,False
4373-MAVJG,Month-to-month,14,90.9,Yes,49.1,Medium,False
8901-HJXTF,Month-to-month,12,29.2,Yes,16.6,Low,False
7710-JSYOA,Two year,69,93.3,No,3.5,Low,False
5419-KLXBN,Month-to-month,25,89.15,Yes,34.1,Medium,True
3424-NMNBO,One year,58,108.85,Yes,35.1,Medium,False
9885-MFVSU,Two year,35,46.35,No,1.2,Low,False
4514-GFCFI,Month-to-month,16,84.75,Yes,65.3,High,False
0607-MVMGC,One year,45,78.75,No,8.1,Low,False
3365-SAIGS,Month-to-month,17,83.55,No,49.0,Medium,True
9828-AOQLM,Month-to-month,1,45.7,Yes,69.6,High,False
8022-BECSI,One year,22,19.6,No,2.7,Low,False
8000-REIQB,Month-to-month,1,69.95,Yes,87.4,High,False
9993-LHIEB,Two year,67,67.85,No,1.3,Low,False
0266-CLZKZ,Two year,67,105.65,No,14.7,Low,False
7615-ESMYF,Month-to-month,2,44.6,Yes,61.8,High,False
3858-VOBET,Month-to-month,23,74.95,Yes,46.6,Medium,True
7020-OZKXZ,Month-to-month,9,75.5,No,41.1,Medium,False
3977-QCRSL,Month-to-month,5,20.15,No,13.2,Low,False
0017-DINOC,Two year,54,45.2,No,3.1,Low,False
1447-PJGGA,Two year,57,95.25,Yes,13.3,Low,False
8565-CLBZW,Month-to-month,24,89.85,Yes,45.0,Medium,False
9139-WQQDY,One year,49,100.45,Yes,15.1,Low,True
0224-HJAPT,Month-to-month,5,47.15,Yes,47.6,Medium,False
8086-OVPWV,Month-to-month,2,80.2,Yes,72.5,High,False
9430-FRQOC,Month-to-month,4,87.1,Yes,71.0,High,False
7639-OPLNG,Two year,70,79.25,No,2.0,Low,False
3074-GQWYX,Month-to-month,5,75.9,Yes,68.4,High,False
1492-QGCLU,Month-to-month,53,85.7,No,10.6,Low,True
6845-RGTYS,Month-to-month,47,98.75,Yes,40.1,Medium,True
7328-OWMOM,One year,31,20.1,No,1.9,Low,False
4418-LZMSV,Month-to-month,13,61.8,No,9.0,Low,False
5155-AZQPB,Month-to-month,28,49.9,No,8.2,Low,True
8861-HGGKB,Month-to-month,10,86.45,Yes,62.6,High,False
1087-GRUYI,Two year,38,20.4,No,0.9,Low,False
7065-YUNRY,Month-to-month,1,45.3,Yes,59.6,Medium,False
7694-VLBWQ,One year,67,104.1,Yes,35.7,Medium,False
2546-KZAAT,One year,52,75.4,No,5.8,Low,False
0181-RITDD,Two year,62,108.15,No,4.6,Low,True
5989-PGKJB,Month-to-month,16,86.25,No,44.1,Medium,False
4795-KTRTH,Month-to-month,5,81.0,Yes,78.1,High,False
8272-ONJLV,One year,12,95.7,No,37.8,Medium,False
1488-PBLJN,Two year,72,116.85,No,1.4,Low,False
0308-GIQJT,One year,71,105.75,No,12.6,Low,False
3778-FOAQW,One year,24,20.15,No,2.3,Low,False
4452-ROHMO,Two year,15,19.6,No,2.1,Low,False
6481-OGDOO,One year,67,90.6,Yes,11.8,Low,False
3090-LETTY,Month-to-month,2,60.95,No,20.2,Low,False
5349-AZPEW,Month-to-month,5,25.05,No,27.5,Low,False
3753-TSEMP,Month-to-month,15,88.15,Yes,44.4,Medium,False
8305-VHZBZ,Month-to-month,1,20.2,Yes,42.3,Medium,False
9720-JJJOR,One year,41,60.3,No,5.9,Low,True
8100-HZZLJ,Month-to-month,43,63.95,No,15.5,Low,False
8775-ERLNB,Month-to-month,1,74.3,No,83.3,High,True
8309-IEYJD,Month-to-month,1,70.6,No,81.6,High,False
9172-JITSM,Month-to-month,26,90.8,Yes,59.6,Medium,False
6298-QDFNH,Month-to-month,22,79.35,Yes,54.6,Medium,False
7398-HPYZQ,Two year,71,90.55,No,0.9,Low,False
3546-GHEAE,Two year,7,19.45,No,2.0,Low,False
7361-YPXFS,Month-to-month,28,64.45,No,7.8,Low,False
6557-BZXLQ,Month-to-month,16,69.65,No,48.2,Medium,True
2550-QHZGP,One year,7,19.5,No,3.5,Low,False
7519-JTWQH,Two year,69,110.5,No,15.0,Low,False
2538-OIMXF,Month-to-month,1,24.7,No,45.3,Medium,False
8543-MSDMF,Month-to-month,3,77.4,No,46.5,Medium,False
9961-JBNMK,Month-to-month,21,96.8,Yes,45.9,Medium,False
1170-SASML,Month-to-month,69,85.4,No,24.4,Low,False
4872-JCVCA,Two year,71,47.6,No,1.2,Low,False
5346-BZCHP,Two year,69,19.4,No,0.9,Low,False
2038-LLMLM,Month-to-month,48,103.85,No,49.2,Medium,False
6173-ITPWD,Month-to-month,47,83.35,Yes,33.5,Medium,False
9734-UYXQI,Month-to-month,2,49.4,Yes,68.5,High,False
1216-BGTSP,Month-to-month,45,108.45,No,33.5,Medium,False
4138-NAXED,Month-to-month,51,81.0,No,21.6,Low,False
2189-UXTKY,Month-to-month,22,79.2,Yes,26.8,Low,False
0744-BIKKF,Two year,72,86.65,No,0.6,Low,False
7483-IQWIB,Month-to-month,37,92.95,No,38.0,Medium,False
5248-KWLAR,Two year,71,90.35,No,1.4,Low,False
4958-GZWIY,Month-to-month,7,48.7,Yes,30.7,Medium,False
7996-MHXLW,Two year,66,25.15,No,0.9,Low,False
7833-PKIHD,One year,51,76.4,No,4.8,Low,False
7061-OVMIM,One year,30,19.55,No,2.4,Low,True
5153-RTHKF,Month-to-month,34,85.35,No,46.4,Medium,False
1852-QSWCD,Two year,64,24.8,No,0.9,Low,False
4832-VRBMR,One year,65,103.15,No,23.2,Low,False
9079-LWTFD,Month-to-month,47,100.75,No,17.9,Low,False
6356-ELRKD,Month-to-month,1,95.6,Yes,82.9,High,False
8624-GIOUT,Month-to-month,49,59.75,Yes,11.0,Low,False
3392-EHMNK,Two year,67,94.1,No,3.8,Low,False
5986-WWXDV,One year,39,19.35,No,2.7,Low,False
3061-BCKYI,Month-to-month,14,19.9,No,6.6,Low,False
6179-GJPSO,Month-to-month,43,108.15,Yes,36.0,Medium,False
7901-TBKJX,Month-to-month,56,101.05,No,60.9,High,False
7228-PAQPD,One year,14,59.1,No,9.1,Low,False
3177-LASXD,Month-to-month,1,71.35,Yes,73.5,High,False
7746-QYVCO,One year,16,55.85,No,7.8,Low,False
5804-HYIEZ,Month-to-month,70,106.05,No,43.8,Medium,True
9919-FZDED,Two year,72,84.1,No,1.3,Low,True
5934-TSSAU,Month-to-month,23,75.3,No,22.7,Low,True
3486-KHMLI,Month-to-month,21,24.7,No,6.8,Low,False
4897-QSUYC,Month-to-month,1,20.15,Yes,47.5,Medium,False
1084-UQCHV,Month-to-month,1,69.75,Yes,74.5,High,False
8290-YWKHZ,Month-to-month,32,93.2,Yes,58.8,Medium,False
2955-BJZHG,Month-to-month,17,80.85,Yes,38.2,Medium,True
3806-DXQOM,Month-to-month,4,33.65,Yes,45.9,Medium,False
6784-XYJAE,One year,36,55.8,No,4.9,Low,True
3933-DQPWX,Two year,50,39.7,No,1.8,Low,False
6661-EIPZC,Month-to-month,48,29.5,No,9.9,Low,False
8957-THMOA,Two year,50,20.15,No,1.0,Low,False
2251-PYLPB,Two year,72,79.55,No,0.6,Low,False
5555-RNPGT,Month-to-month,10,24.8,No,10.1,Low,False
1057-FOGLZ,Month-to-month,18,19.65,No,8.7,Low,False
9300-RENDD,Month-to-month,1,79.95,Yes,88.3,High,False
0761-AETCS,Month-to-month,1,19.3,Yes,29.2,Low,False
8087-LGYHQ,Month-to-month,9,94.05,No,71.1,High,False
4137-BTIKL,Month-to-month,2,90.75,No,55.7,Medium,False
2190-BCXEC,Month-to-month,40,78.85,No,32.0,Medium,True
6227-FBDXH,One year,69,99.5,No,24.8,Low,False
2153-MREFK,One year,37,99.2,Yes,25.2,Low,False
2911-WDXMV,Month-to-month,18,80.55,No,38.4,Medium,True
7206-PQBBZ,Month-to-month,11,70.2,No,56.2,Medium,False
3106-ULWFW,Month-to-month,8,85.2,Yes,78.7,High,False
0925-VYDLG,Month-to-month,3,75.25,Yes,60.2,High,False
4547-FZJWE,One year,55,59.45,No,6.7,Low,False
7422-WNBTY,Month-to-month,33,93.35,No,39.7,Medium,False
0842-IWYCP,Month-to-month,46,44.95,No,8.4,Low,False
3521-HTQTV,Two year,34,26.1,No,1.5,Low,False
3744-ZBHON,Month-to-month,3,20.2,No,17.3,Low,False
3373-DIUUN,Two year,30,21.25,No,0.9,Low,False
8383-SGHJU,One year,33,59.4,No,3.4,Low,False
7607-QKKTJ,One year,45,95.0,No,20.5,Low,False
7707-PYBBH,Month-to-month,40,61.9,No,7.7,Low,False
8984-HPEMB,Two year,71,118.65,No,4.4,Low,False
4349-GFQHK,Month-to-month,1,54.35,Yes,62.6,High,False
4139-DETXS,Two year,72,64.45,No,0.6,Low,False
9779-DPNEJ,Month-to-month,22,80.15,No,44.6,Medium,True
9805-FILKB,One year,46,20.2,No,2.2,Low,False
5793-YOLJN,Two year,55,21.0,No,1.4,Low,False
0673-IGUQO,Month-to-month,1,20.45,No,29.2,Low,False
4123-FCVCB,One year,12,75.85,No,22.7,Low,False
8819-IMISP,Month-to-month,31,80.45,No,51.9,Medium,False
7802-EFKNY,Month-to-month,5,24.95,Yes,59.2,Medium,False
8311-UEUAB,Two year,67,75.5,No,6.8,Low,False
5858-EAFCZ,Month-to-month,1,44.45,No,44.4,Medium,False
8035-BUYVG,One year,40,42.35,Yes,11.2,Low,False
1163-ONYEY,Month-to-month,41,74.55,No,14.2,Low,False
9787-XVQIU,Month-to-month,1,75.3,Yes,85.8,High,False
8945-MUQUF,One year,51,94.8,Yes,16.5,Low,False
5656-MJEFC,Two year,42,48.15,No,1.2,Low,False
6082-OQFBA,One year,23,19.65,No,2.5,Low,False
8051-HJRLT,Month-to-month,1,70.55,Yes,83.4,High,False
8974-OVACP,Month-to-month,1,20.15,No,40.8,Medium,False
4010-YLMVT,Month-to-month,56,106.6,No,27.0,Low,False
1379-FRVEB,Month-to-month,15,91.0,No,60.8,High,True
8612-GXIDD,Two year,12,25.4,No,2.1,Low,False
6288-CHQJB,Two year,54,69.95,No,1.1,Low,True
8160-HOWOX,Month-to-month,7,66.85,No,43.2,Medium,True
3023-GFLBR,Month-to-month,33,86.15,Yes,34.0,Medium,False
6648-INWPS,Month-to-month,16,20.15,No,11.3,Low,False
4223-BKEOR,One year,21,64.85,No,5.5,Low,True
4079-VTGLK,Two year,30,74.85,No,7.3,Low,True
1763-WQFUK,Month-to-month,3,50.5,No,33.6,Medium,False
1391-UBDAR,Month-to-month,11,72.9,No,39.9,Medium,False
8894-JVDCV,One year,62,115.05,No,10.0,Low,False
2023-VQFDL,Month-to-month,18,19.0,No,5.1,Low,False
1345-GKDZZ,Month-to-month,6,19.55,No,8.4,Low,False
2014-MKGMH,One year,46,101.1,No,38.4,Medium,False
5628-FCGYG,Month-to-month,21,84.1,No,61.4,High,True
2560-WBWXF,Two year,68,24.15,No,1.2,Low,False
0248-IPDFW,Month-to-month,1,50.1,No,65.3,High,False
7978-DKUQH,Month-to-month,25,74.6,No,37.9,Medium,False
4335-UPJSI,Two year,24,19.75,No,1.5,Low,True
0524-IAVZO,Month-to-month,30,85.0,Yes,59.6,Medium,True
2737-YNGYW,Month-to-month,2,80.55,Yes,61.6,High,True
1784-EZDKJ,One year,51,106.8,No,31.4,Medium,False
9297-FVVDH,Two year,57,84.5,No,4.0,Low,False
8007-YYPWD,Two year,15,25.05,No,2.4,Low,False
7101-HRBLJ,Two year,72,83.7,No,0.4,Low,False
5159-YFPKQ,Month-to-month,2,75.8,Yes,68.6,High,True
6635-CPNUN,Month-to-month,28,96.6,No,33.5,Medium,False
4021-RQSNY,Month-to-month,29,98.5,Yes,73.2,High,False
5453-YBTWV,Two year,70,101.1,No,3.2,Low,False
5039-LZRQT,One year,13,20.2,No,2.2,Low,False
2931-VUVJN,One year,59,94.05,No,8.4,Low,False
9061-TIHDA,Month-to-month,13,95.25,Yes,76.4,High,False
8699-ASUFO,Month-to-month,7,74.4,Yes,70.2,High,True
6418-PIQSP,Two year,62,81.0,No,1.3,Low,False
8220-OCUFY,One year,21,60.25,No,7.1,Low,False
3995-WFCSM,Month-to-month,2,60.85,No,44.5,Medium,False
1895-QTKDO,Month-to-month,1,43.95,No,41.3,Medium,True
2038-OEQZH,Month-to-month,4,86.05,No,62.5,High,False
1178-PZGAB,One year,19,20.25,No,2.2,Low,False
7927-AUXBZ,Month-to-month,30,85.15,Yes,38.0,Medium,False
2626-VEEWG,Two year,67,19.4,No,1.0,Low,False
2878-RMWXY,Two year,72,102.65,No,2.7,Low,False
1657-DYMBM,Two year,53,19.9,No,1.9,Low,False
7311-MQJCH,One year,5,19.55,No,5.4,Low,True
7375-WMVMT,Two year,71,95.5,No,1.8,Low,True
1136-XGEQU,One year,50,84.15,No,9.6,Low,True
2530-FMFXO,Two year,56,103.2,No,15.7,Low,False
6844-DZKRF,Month-to-month,2,50.2,No,38.3,Medium,False
4695-WJZUE,Month-to-month,2,88.55,Yes,85.7,High,False
7619-ODSGN,Month-to-month,24,54.75,Yes,16.1,Low,False
5970-GHJAW,Two year,46,19.95,No,0.8,Low,False
8879-XUAHX,Two year,71,116.25,No,5.9,Low,False
3689-MOZGR,Month-to-month,29,31.2,No,19.9,Low,False
4195-PNGZS,Two year,69,24.45,No,0.7,Low,False
5003-XZWWO,Two year,71,84.2,No,1.8,Low,False
3988-RQIXO,Month-to-month,1,91.3,Yes,89.3,High,False
7622-FWGEW,Two year,56,85.65,No,2.0,Low,False
6922-NCEDI,One year,56,21.2,No,2.8,Low,False
2514-GINMM,Month-to-month,1,79.5,Yes,88.3,High,True
9891-NQDBD,One year,28,25.55,No,3.0,Low,False
6131-IUNXN,Month-to-month,19,20.2,No,5.5,Low,False
8548-AWOFC,Month-to-month,66,63.85,No,13.9,Low,False
9798-DRYDS,One year,17,61.95,No,9.4,Low,False
8532-UEFWH,Two year,52,25.75,No,1.1,Low,True
6296-DDOOR,One year,19,58.2,No,10.8,Low,False
7951-VRDVK,One year,36,85.85,No,6.0,Low,False
5931-FLJJF,Month-to-month,7,70.1,Yes,57.4,Medium,False
4815-YOSUK,One year,72,104.9,No,4.5,Low,False
2659-VXMWZ,One year,67,111.3,Yes,22.4,Low,True
0380-NEAVX,One year,34,99.85,No,32.4,Medium,False
3207-OYBWH,Month-to-month,57,95.25,Yes,32.0,Medium,True
4285-GYRQC,Month-to-month,7,86.25,Yes,70.6,High,False
7216-EWTRS,Month-to-month,1,100.8,Yes,95.6,High,False
4365-MSDYN,Month-to-month,8,19.55,No,11.0,Low,False
7036-TYDEC,Two year,69,104.0,No,21.6,Low,True
5802-ADBRC,One year,50,104.4,No,23.0,Low,False
8076-FEZKJ,One year,10,19.5,No,3.0,Low,False
5197-YPYBZ,Two year,12,25.25,No,2.0,Low,False
8337-MSSXB,Month-to-month,14,86.3,Yes,57.2,Medium,False
4312-GVYNH,Two year,70,49.85,No,1.7,Low,False
8495-LJDFO,Month-to-month,64,108.95,No,16.1,Low,False
0839-JTCUD,Two year,66,89.9,No,1.5,Low,True
5494-WOZRZ,Two year,71,82.0,No,0.8,Low,False
1302-UHBDD,Month-to-month,20,89.95,No,47.7,Medium,True
2234-EOFPT,Two year,72,79.35,No,0.7,Low,False
8619-IJNDK,Two year,71,64.05,No,0.5,Low,True
8378-LKJAF,Month-to-month,38,101.15,No,48.1,Medium,True
8182-BJDSI,Month-to-month,28,89.95,Yes,52.0,Medium,False
2528-HFYZX,Month-to-month,17,76.45,Yes,51.1,Medium,False
1153-GNOLC,One year,33,39.1,No,14.3,Low,False
3298-QEICA,Two year,23,34.6,No,1.6,Low,False
0788-DXBFY,One year,58,19.55,No,10.3,Low,True
3597-YASZG,Two year,70,104.45,No,12.3,Low,False
3496-LFSZU,Month-to-month,4,70.5,No,51.2,Medium,False
5242-UOWHD,Two year,45,20.35,No,0.7,Low,False
2482-CZGBB,Month-to-month,10,70.0,Yes,52.7,Medium,True
6479-SZPLM,Two year,36,19.45,No,0.8,Low,False
8097-VBQTZ,Month-to-month,54,69.9,No,5.3,Low,False
4500-HKANN,Two year,23,59.7,No,1.4,Low,True
9917-KWRBE,One year,41,78.35,No,6.9,Low,True
3420-ZDBMA,Month-to-month,5,71.45,No,57.9,Medium,False
2212-LYASK,One year,27,45.85,No,15.0,Low,True
1393-IMKZG,Month-to-month,1,95.85,No,71.0,High,False
8069-RHUXK,Two year,67,35.7,No,1.4,Low,False
3398-GCPMU,Two year,72,89.55,No,0.6,Low,False
2908-WGAXL,Two year,56,24.95,No,1.2,Low,False
3378-AJRAO,One year,44,24.85,No,3.4,Low,False
1013-QCWAM,Month-to-month,66,100.8,No,41.8,Medium,False
0866-QLSIR,One year,34,64.4,Yes,2.8,Low,True
6050-FFXES,Two year,69,105.35,No,15.2,Low,False
7181-BQYBV,Month-to-month,1,102.45,Yes,87.6,High,True
0362-RAOQO,Two year,40,19.65,No,1.2,Low,False
9554-DFKIC,Month-to-month,30,54.45,No,9.5,Low,False
5527-ACHSO,Month-to-month,11,70.5,No,18.7,Low,False
0829-DDVLK,One year,15,20.1,No,2.8,Low,False
1399-UBQIU,Month-to-month,11,69.35,No,37.5,Medium,False
1813-JLKWR,One year,64,19.8,No,2.1,Low,False
0336-PIKEI,Two year,72,74.4,No,1.1,Low,False
7322-OCWHC,Two year,72,93.05,No,0.8,Low,True
9537-VHDTA,Month-to-month,1,51.2,No,37.1,Medium,True
4957-TIALW,One year,15,65.6,No,4.1,Low,False
2054-PJOCK,One year,60,80.55,No,6.5,Low,False
9150-HEPMB,One year,56,52.7,No,3.2,Low,False
9030-QGZNL,Two year,8,20.85,No,2.2,Low,True
6204-IEUXJ,Month-to-month,3,80.1,Yes,54.2,Medium,False
3126-WQMGH,Month-to-month,49,52.15,No,18.8,Low,False
4529-CKBCL,Month-to-month,2,80.2,Yes,72.4,High,False
2506-CLAKW,Month-to-month,6,98.15,Yes,58.1,Medium,False
7176-WRTNX,Two year,70,114.95,No,19.6,Low,False
1583-IHQZE,Month-to-month,12,112.95,Yes,52.9,Medium,False
5732-IKGQH,One year,52,104.45,No,24.5,Low,False
9239-GZHZE,Two year,72,113.65,No,1.7,Low,False
7205-BAIAD,Two year,40,20.6,No,1.2,Low,True
0151-ONTOV,Month-to-month,1,70.9,Yes,72.2,High,False
4140-MUHUG,Month-to-month,3,86.85,Yes,72.9,High,False
0093-EXYQL,Month-to-month,40,91.55,No,39.5,Medium,False
8064-RAVOH,Month-to-month,1,49.85,No,62.7,High,False
0219-QAERP,One year,30,19.8,No,2.0,Low,False
0320-JDNQG,Month-to-month,23,99.85,Yes,56.1,Medium,False
7180-PISOG,Month-to-month,1,74.5,Yes,83.8,High,True
9168-INPSZ,Month-to-month,44,104.15,No,50.5,Medium,False
3571-RFHAR,Month-to-month,65,109.15,Yes,46.0,Medium,False
0015-UOCOJ,Month-to-month,7,48.2,No,38.0,Medium,True
5334-AFQJB,Two year,72,25.1,No,1.0,Low,True
2754-SDJRD,Month-to-month,8,100.15,No,85.4,High,True
9578-VRMNM,Month-to-month,16,65.2,Yes,35.9,Medium,False
1587-FKLZB,Month-to-month,66,99.5,Yes,46.5,Medium,True
6140-QNRQQ,Month-to-month,1,71.55,Yes,75.5,High,False
8963-JLGJT,Month-to-month,3,55.9,No,23.9,Low,False
4307-KTUMW,Month-to-month,53,93.9,Yes,27.4,Low,False
1465-LNTLJ,Month-to-month,8,64.4,No,19.8,Low,True
5440-FLBQG,Two year,69,108.4,Yes,22.0,Low,False
2135-DQWAQ,Month-to-month,5,85.3,No,63.5,High,False
4056-QHXHZ,Two year,72,107.45,No,1.9,Low,False
7470-MCQTK,Month-to-month,13,48.75,Yes,45.3,Medium,True
7488-MXJIV,Month-to-month,4,85.65,Yes,80.6,High,False
7401-JIXNM,Two year,54,91.3,No,1.4,Low,True
9339-FIIJL,Two year,72,85.95,No,1.0,Low,True
2027-FECZV,Month-to-month,12,106.7,Yes,67.6,High,True
2672-DZUOY,Month-to-month,1,25.15,Yes,70.9,High,False
4706-DGAHW,Month-to-month,1,45.2,No,68.0,High,True
3870-MQAMG,One year,54,110.35,Yes,29.9,Low,False
6670-MFRPK,Two year,69,79.2,No,6.7,Low,False
6177-PEVRA,Two year,48,55.5,No,1.7,Low,False
4800-CZMPC,One year,48,103.25,Yes,21.7,Low,False
4813-HQMGZ,Month-to-month,8,90.25,No,72.0,High,False
7579-KKLOE,Two year,71,91.25,No,0.7,Low,False
7377-DMMRI,Month-to-month,2,47.8,Yes,53.8,Medium,False
8402-EIVQS,One year,67,100.9,No,19.2,Low,False
4947-DSMXK,Month-to-month,34,97.7,No,42.7,Medium,True
7245-NIIWQ,Month-to-month,3,69.85,No,60.2,High,False
0002-ORFBO,One year,9,65.6,No,8.5,Low,False
3324-OIRTO,One year,71,104.65,No,11.2,Low,True
5414-OFQCB,Two year,57,90.45,No,5.7,Low,False
4967-WPNCF,Two year,72,63.7,No,0.8,Low,False
8552-OBVRU,Month-to-month,48,104.5,No,31.5,Medium,False
8499-BRXTD,One year,18,20.1,No,2.3,Low,False
9154-QDGTH,One year,43,104.3,No,32.6,Medium,False
8197-BFWVU,Two year,72,93.25,No,0.4,Low,False
2577-GVSIL,One year,35,73.45,No,11.3,Low,False
9367-OIUXP,Month-to-month,4,20.7,No,11.0,Low,False
6770-UAYGJ,Two year,49,25.25,No,1.3,Low,False
6463-HHXJR,Two year,71,100.5,No,1.1,Low,False
7928-VJYAB,Month-to-month,11,90.6,No,49.6,Medium,True
1187-WILMM,Two year,63,89.4,No,1.2,Low,False
9776-OJUZI,Month-to-month,65,95.45,No,25.7,Low,False
1306-RPWXZ,Two year,49,20.45,No,0.9,Low,False
8949-JTMAY,Month-to-month,29,98.6,Yes,60.2,High,False
2774-LVQUS,Month-to-month,15,83.05,Yes,57.3,Medium,False
3097-PYWXL,Month-to-month,4,19.95,No,18.1,Low,False
2266-SJNAT,One year,72,109.15,No,7.5,Low,False
0869-PAPRP,Month-to-month,26,85.7,No,31.9,Medium,False
4238-JSSWH,Month-to-month,35,102.05,No,42.2,Medium,False
2972-YDYUW,One year,57,94.7,No,15.2,Low,True
1104-FEJAM,Month-to-month,28,64.4,No,10.3,Low,False
2809-ILCYT,One year,25,26.8,No,5.0,Low,False
5499-ECUTN,One year,47,66.05,No,5.6,Low,False
4981-FLTMF,Month-to-month,57,65.2,No,4.3,Low,True
9121-PHQSR,Month-to-month,16,85.05,No,57.3,Medium,False
3113-IWHLC,Month-to-month,5,55.8,No,24.3,Low,False
3211-ILJTT,Month-to-month,17,70.4,Yes,43.7,Medium,False
4612-THJBS,One year,56,104.75,Yes,30.4,Medium,False
4277-BWBML,Two year,72,19.95,No,0.7,Low,True
4094-NSEDU,Month-to-month,21,94.25,Yes,71.7,High,False
0234-TEVTT,One year,48,45.0,No,7.6,Low,False
4304-TSPVK,Two year,68,114.9,No,6.7,Low,True
1552-AAGRX,Month-to-month,30,106.4,No,30.8,Medium,False
2637-FKFSY,Month-to-month,3,46.1,No,44.8,Medium,False
9796-MVYXX,Two year,14,39.7,No,5.2,Low,False
7874-ECPQJ,Month-to-month,4,20.05,No,12.5,Low,False
0020-INWCK,Two year,71,95.75,No,2.9,Low,False
7089-RKVSZ,One year,8,24.4,No,4.3,Low,False
2683-JXWQQ,Month-to-month,61,33.6,No,8.8,Low,False
9548-ZMVTX,Two year,72,90.45,No,0.9,Low,False
8739-XNIKG,Month-to-month,5,84.0,No,80.9,High,True
9755-JHNMN,Two year,49,67.4,No,1.1,Low,True
3981-QSVQI,Month-to-month,8,19.7,No,13.4,Low,False
2789-HQBOU,Month-to-month,3,80.35,No,67.6,High,False
9424-CMPOG,Two year,9,19.6,No,1.6,Low,False
5067-WJEUN,Two year,67,54.2,No,1.5,Low,False
3450-WXOAT,Month-to-month,46,45.2,No,11.3,Low,False
9251-WNSOD,One year,67,75.1,No,5.8,Low,False
6974-DAFLI,One year,55,19.7,No,7.2,Low,False
2616-UUTFK,Month-to-month,33,72.75,No,14.5,Low,False
7064-JHXCE,Two year,62,20.05,No,0.7,Low,False
5103-MHMHY,Month-to-month,1,45.95,Yes,47.9,Medium,True
7989-AWGEH,Month-to-month,49,39.2,No,17.7,Low,False
4373-VVHQL,Month-to-month,1,44.75,No,62.3,High,False
4559-UWIHT,Month-to-month,14,82.65,No,68.0,High,False
7268-IGMFD,Month-to-month,18,93.9,No,38.2,Medium,False
1846-XWOQN,Month-to-month,1,70.15,Yes,83.1,High,False
0235-KGSLC,Month-to-month,1,85.55,Yes,81.8,High,True
6650-BWFRT,Two year,72,117.15,No,2.0,Low,False
9570-KYEUA,Two year,64,99.25,No,3.8,Low,False
6993-YGFJV,Two year,69,112.55,No,10.6,Low,False
2712-SYWAY,Month-to-month,1,25.7,No,40.0,Medium,False
0730-BGQGF,Two year,71,90.3,No,0.8,Low,False
5498-IBWPI,One year,66,49.4,No,4.2,Low,True
9101-NTIXF,Month-to-month,2,19.4,No,13.7,Low,False
0013-SMEOE,Two year,71,109.7,No,2.2,Low,False
9314-QDMDW,One year,11,61.25,No,15.9,Low,False
9308-ANMVE,Month-to-month,47,55.3,No,21.9,Low,True
2884-GBPFB,Month-to-month,35,70.3,Yes,48.3,Medium,False
3757-NJYBX,Month-to-month,32,106.35,Yes,36.5,Medium,False
3413-DHLPB,Month-to-month,60,103.75,No,23.8,Low,False
7649-PHJVR,One year,11,19.5,No,2.7,Low,True
6114-TCFID,One year,29,39.5,No,4.9,Low,False
3787-TRIAL,Month-to-month,21,26.05,No,39.0,Medium,True
2573-GYRUU,Month-to-month,48,91.05,No,35.4,Medium,False
5156-UMKOW,Month-to-month,3,29.65,No,29.3,Low,False
1247-QBVSH,Month-to-month,43,50.2,No,9.5,Low,False
6734-GMPVK,Month-to-month,5,105.3,No,70.4,High,False
9822-OAOVB,Month-to-month,1,55.45,No,71.8,High,False
6161-ERDGD,One year,71,85.45,No,4.4,Low,False
1226-JZNKR,One year,8,19.8,No,5.6,Low,False
7318-EIVKO,Month-to-month,8,59.25,No,46.1,Medium,False
3771-PZOBW,Month-to-month,20,90.7,No,47.2,Medium,False
5136-KCKGI,One year,33,103.7,Yes,28.1,Low,False
8231-BSWXX,One year,71,79.05,No,7.7,Low,False
6486-LHTMA,One year,31,90.7,No,29.8,Low,False
4083-BFNYK,One year,38,95.0,No,15.2,Low,False
3722-WPXTK,Month-to-month,1,88.35,Yes,85.5,High,True
7389-KBFIT,Month-to-month,2,30.25,No,50.7,Medium,False
7176-WIONM,Month-to-month,12,49.85,No,41.2,Medium,False
5141-ZUVBH,Month-to-month,9,93.0,No,40.6,Medium,False
1089-HDMKP,Month-to-month,11,54.55,No,28.4,Low,False
7623-HKYRK,Month-to-month,6,19.7,No,10.5,Low,False
0310-SUCIN,One year,71,84.8,No,2.9,Low,False
5197-PYEPU,One year,42,94.45,No,11.5,Low,False
2929-ERCFZ,Month-to-month,8,94.2,Yes,73.1,High,False
7548-SEPYI,Month-to-month,5,96.25,Yes,74.9,High,False
8835-VSDSE,Month-to-month,2,70.7,Yes,62.0,High,False
6619-RPLQZ,Two year,45,20.85,No,1.0,Low,False
3275-RHRNE,One year,28,60.0,No,6.1,Low,False
3503-TYDAY,Month-to-month,43,80.45,No,30.6,Medium,False
6901-GOGZG,Two year,60,84.95,No,3.3,Low,False
1623-NLDOT,One year,42,33.55,Yes,6.5,Low,False
7021-XSNYE,Two year,7,49.65,No,3.3,Low,False
9621-OUPYD,One year,25,20.2,No,2.7,Low,False
9898-KZQDZ,Month-to-month,40,94.55,Yes,44.0,Medium,False
8982-NHAVY,One year,27,100.5,No,38.0,Medium,False
4307-KWMXE,Month-to-month,10,35.75,No,26.9,Low,False
0141-YEAYS,Month-to-month,27,86.45,No,40.0,Medium,False
2450-ZKEED,One year,11,53.8,No,6.7,Low,False
3694-DELSO,Month-to-month,4,38.55,No,31.0,Medium,False
3893-JRNFS,Month-to-month,68,39.9,No,22.1,Low,True
9603-OAIHC,Month-to-month,1,70.05,No,86.0,High,False
1133-KXCGE,One year,18,20.1,No,2.5,Low,True
5236-PERKL,Two year,57,112.95,Yes,10.8,Low,True
0142-GVYSN,Month-to-month,26,20.3,No,10.3,Low,False
1049-FYSYG,Month-to-month,17,35.65,No,30.1,Medium,False
7854-FOKSF,Month-to-month,1,35.9,Yes,68.8,High,False
2519-FAKOD,Month-to-month,38,99.25,Yes,51.7,Medium,False
8406-LNMHF,One year,59,82.95,No,5.5,Low,False
1821-BUCWY,Two year,30,55.65,No,1.2,Low,False
8263-JQAIK,Month-to-month,2,24.45,Yes,66.2,High,False
0023-UYUPN,One year,50,25.2,No,5.2,Low,False
8314-DPQHL,One year,9,50.8,No,13.3,Low,False
1465-WCZVT,Month-to-month,3,19.65,No,16.5,Low,False
9481-SFCQY,Month-to-month,14,59.8,No,18.6,Low,True
6360-SVNWV,Month-to-month,31,73.55,No,20.4,Low,False
0567-GGCAC,Month-to-month,7,61.4,No,16.6,Low,False
7089-IVVAZ,Month-to-month,8,103.35,Yes,75.9,High,False
8884-MRNSU,One year,17,19.9,No,3.0,Low,False
2171-UDMFD,Month-to-month,32,19.45,No,6.0,Low,True
9050-IKDZA,Month-to-month,2,81.5,No,65.6,High,False
2205-YMZZJ,Month-to-month,7,84.8,Yes,80.0,High,False
9802-CAQUT,Two year,72,109.55,No,0.7,Low,False
1254-IZEYF,Month-to-month,31,99.95,Yes,59.3,Medium,False
0187-WZNAB,Month-to-month,27,74.4,No,15.8,Low,False
9492-TOKRI,Month-to-month,18,90.0,Yes,50.9,Medium,False
1475-VWVDO,Month-to-month,7,74.9,No,59.5,Medium,True
9221-OTIVJ,Month-to-month,14,104.85,Yes,71.9,High,True
1357-MVDOZ,Month-to-month,11,59.65,No,21.0,Low,False
7602-MVRMB,Two year,72,110.45,No,1.3,Low,False
3325-FUYCG,One year,28,106.1,Yes,19.8,Low,True
5908-QMGOE,Month-to-month,15,74.2,Yes,66.9,High,False
1197-BVMVG,Month-to-month,4,74.45,No,74.0,High,False
5406-KGRMX,Two year,71,24.55,No,1.5,Low,False
8481-YYXWG,Month-to-month,5,89.35,Yes,61.0,High,False
5968-HYJRZ,Two year,47,24.55,No,1.5,Low,False
5198-EFNBM,One year,57,90.65,No,14.6,Low,True
7516-GMHUV,Two year,50,105.05,No,22.1,Low,False
7140-ADSMJ,Month-to-month,8,20.45,No,9.1,Low,False
2230-XTUWL,Two year,48,19.55,No,1.2,Low,True
7706-YLMQA,One year,70,19.7,No,1.6,Low,False
2585-KTFRE,Month-to-month,1,70.45,No,27.4,Low,False
7994-UYIVZ,Month-to-month,8,85.65,No,76.1,High,False
2609-IAICY,Month-to-month,1,77.15,Yes,90.3,High,True
1740-CSDJP,Month-to-month,1,35.25,Yes,68.9,High,False
7717-BICXI,Two year,60,20.55,No,1.0,Low,True
6559-RAKOZ,One year,49,97.95,No,36.3,Medium,True
2636-OHFMN,Month-to-month,4,48.55,Yes,67.9,High,False
4716-MRVEN,One year,29,20.0,No,1.9,Low,False
2143-LJULT,Two year,67,25.25,No,0.8,Low,False
1323-OOEPC,Month-to-month,53,98.4,Yes,45.4,Medium,False
3200-MNQTF,Two year,67,70.9,No,1.8,Low,True
6164-HXUGH,Month-to-month,6,19.85,No,9.9,Low,True
5630-IXDXV,Month-to-month,47,106.35,No,52.1,Medium,False
0320-DWVTU,Two year,53,99.5,No,3.2,Low,False
9135-MGVPY,Two year,69,84.7,No,1.7,Low,False
1212-GLHMD,Month-to-month,3,86.05,No,51.9,Medium,False
7878-JGDKK,Month-to-month,4,44.55,No,26.1,Low,False
1088-AUUZZ,Two year,56,75.85,No,1.2,Low,True
0397-GZBBC,Month-to-month,59,93.85,Yes,40.6,Medium,False
6614-YWYSC,Two year,61,25.0,No,1.4,Low,False
9588-OZDMQ,Month-to-month,2,45.0,No,53.5,Medium,False
7641-EUYET,Month-to-month,46,100.7,Yes,41.6,Medium,False
6476-EPYZR,Month-to-month,12,20.5,No,5.7,Low,False
9921-ZVRHG,Month-to-month,14,80.45,Yes,65.4,High,False
1174-FGIFN,One year,28,90.45,No,24.3,Low,True
6620-HVDUJ,Month-to-month,24,60.45,No,6.4,Low,False
4701-MLJPN,Month-to-month,31,55.25,Yes,14.5,Low,True
1032-MAELW,One year,68,78.45,No,9.0,Low,False
7641-TQFHN,Two year,39,100.55,No,6.9,Low,True
1552-TKMXS,Month-to-month,42,20.35,No,5.0,Low,False
9206-GVPEQ,Month-to-month,13,54.45,Yes,42.2,Medium,False
8622-ZLFKO,Month-to-month,6,90.75,No,79.4,High,True
1596-BBVTG,Month-to-month,35,75.35,Yes,28.3,Low,False
6188-UXBBR,One year,38,20.25,No,2.5,Low,False
2333-KWEWW,Two year,18,20.05,No,1.3,Low,False
5702-SKUOB,Month-to-month,4,19.6,No,12.6,Low,False
1134-YWTYF,Month-to-month,27,53.8,No,15.7,Low,False
6061-GWWAV,One year,41,70.2,No,3.9,Low,True
0679-TDGAK,One year,50,75.5,No,6.1,Low,False
6585-WCEWR,Two year,72,20.35,No,1.3,Low,False
9067-YGSCA,One year,70,26.05,No,1.3,Low,False
9067-SQTNS,One year,44,20.6,No,1.7,Low,True
8433-WXGNA,Month-to-month,2,75.7,Yes,54.6,Medium,False
1776-SPBWV,One year,34,20.1,No,2.6,Low,True
8735-SDUFN,Two year,72,24.3,No,0.7,Low,True
9668-PUGNU,Two year,71,24.5,No,1.9,Low,False
9405-GPBBG,Two year,64,110.5,No,8.1,Low,True
1926-QUZNN,Two year,72,25.25,No,0.5,Low,True
3707-GNWHM,Month-to-month,1,74.25,Yes,81.6,High,True
7016-NVRIC,One year,29,90.1,No,14.7,Low,False
5829-NVSQN,One year,23,68.75,No,4.5,Low,False
9565-AXSMR,Two year,52,19.2,No,0.6,Low,False
8922-LIEGH,Month-to-month,25,89.7,Yes,60.5,High,False
8869-LIHMK,Two year,64,115.1,No,5.1,Low,False
8245-UMPYT,Month-to-month,16,96.4,Yes,73.4,High,True
5186-SAMNZ,Month-to-month,1,69.5,Yes,85.2,High,True
0447-RXSGD,Month-to-month,24,99.65,No,62.1,High,False
4927-WWOOZ,Month-to-month,2,91.45,No,82.2,High,True
5788-YPOEG,Two year,34,84.75,No,1.7,Low,False
5373-SFODM,Month-to-month,36,85.25,Yes,47.9,Medium,True
0661-KBKPA,One year,53,78.75,No,8.3,Low,True
9081-WWXKP,Two year,47,20.25,No,0.8,Low,False
0784-ZQJZX,Two year,72,19.9,No,0.4,Low,False
3133-PZNSR,Two year,72,97.75,No,1.1,Low,False
5766-ZJYBB,Month-to-month,1,19.4,Yes,34.9,Medium,True
8931-GJJIQ,Month-to-month,9,83.3,Yes,75.2,High,False
4277-PVRAN,Month-to-month,8,80.1,Yes,64.2,High,False
0022-TCJCI,One year,45,62.7,Yes,7.9,Low,False
0722-SVSFK,Month-to-month,7,100.4,No,72.6,High,False
3612-YVGSJ,Two year,71,24.45,No,0.7,Low,False
9825-YCXWZ,One year,41,101.1,No,22.5,Low,False
5397-NSKQG,Two year,67,50.9,No,2.9,Low,False
8565-HBFNN,One year,69,107.2,No,18.9,Low,False
2000-DHJUY,Two year,70,92.2,No,2.5,Low,False
0203-HHYIJ,One year,25,25.3,Yes,3.8,Low,False
8670-ERCJH,Two year,72,113.4,No,2.3,Low,False
7758-UJWYS,Two year,34,40.55,No,3.9,Low,False
2050-ONYDQ,Two year,65,26.0,No,0.7,Low,False
7055-JCGNI,Two year,70,111.95,No,7.6,Low,False
0739-UUAJR,Two year,72,53.8,No,1.4,Low,False
4826-DXMUP,One year,35,72.1,No,10.8,Low,False
0952-KMEEH,Month-to-month,13,98.15,Yes,59.0,Medium,True
7285-KLOTR,One year,12,78.85,No,19.5,Low,False
0654-PQKDW,One year,62,70.75,No,2.3,Low,False
7175-NTIXE,Month-to-month,25,76.15,No,8.4,Low,False
7963-SHNDT,Two year,52,39.1,No,1.3,Low,False
9796-BPKIW,Month-to-month,8,69.95,No,50.1,Medium,False
0188-GWFLE,Month-to-month,2,20.05,No,12.9,Low,False
8129-GMVGI,Two year,56,20.05,No,1.6,Low,True
2882-DDZPG,Month-to-month,12,19.45,No,8.5,Low,False
3547-LQRIK,One year,47,26.9,No,4.1,Low,False
9137-NOQKA,Month-to-month,2,19.2,No,11.1,Low,False
5843-TTHGI,Month-to-month,18,50.0,No,20.5,Low,False
1849-RJYIG,Month-to-month,8,60.0,No,31.0,Medium,False
8868-GAGIO,Month-to-month,45,84.55,No,21.3,Low,False
4061-UKJWL,Month-to-month,3,45.45,No,34.8,Medium,False
5380-XPJNZ,One year,38,20.05,No,2.1,Low,True
8263-QMNTJ,Two year,72,115.55,No,3.8,Low,False
8178-EYZUO,Month-to-month,46,93.7,Yes,31.2,Medium,False
3230-JCNZS,Two year,71,99.0,No,1.5,Low,False
0277-ORXQS,Two year,66,50.55,No,2.5,Low,False
5130-IEKQT,Month-to-month,25,105.95,Yes,61.3,High,False
3230-WYKIR,One year,18,82.0,Yes,19.1,Low,False
7996-BPXHY,Two year,13,25.0,No,2.1,Low,True
3227-WLKLI,Two year,65,91.55,No,1.6,Low,False
0407-BDJKB,Month-to-month,60,95.75,Yes,35.2,Medium,False
2266-FUBDZ,Two year,15,19.35,No,1.5,Low,True
8237-ULIXL,Two year,72,24.85,No,0.5,Low,False
9600-UDOPK,Month-to-month,30,94.05,Yes,53.4,Medium,False
8216-AZUUZ,Two year,42,100.4,No,9.5,Low,False
9153-BTBVV,Two year,71,25.0,No,0.6,Low,False
4074-SJFFA,Month-to-month,1,54.75,Yes,62.3,High,False
3269-ATYWD,Month-to-month,39,95.65,Yes,48.8,Medium,False
5186-PEIZU,Month-to-month,35,19.25,No,3.7,Low,False
1074-AMIOH,Month-to-month,53,108.25,No,22.5,Low,True
4910-GMJOT,Month-to-month,1,94.6,Yes,92.4,High,False
0354-WYROK,Month-to-month,31,98.9,Yes,52.3,Medium,False
4361-FEBGN,Two year,48,20.15,No,1.2,Low,False
7748-UMTRK,Month-to-month,30,101.3,No,52.4,Medium,True
0380-ZCSBI,Month-to-month,10,20.0,No,7.1,Low,False
7145-FEJWU,Month-to-month,12,105.3,No,60.3,High,False
6463-MVYRY,Two year,57,69.85,No,1.5,Low,False
3969-JQABI,Month-to-month,58,65.25,No,7.4,Low,False
9624-EGDEQ,Two year,37,19.8,No,1.5,Low,False
1051-EQPZR,Month-to-month,44,19.6,No,6.6,Low,False
5849-ASHZJ,One year,27,20.05,No,1.3,Low,False
5780-INQIK,Month-to-month,8,49.4,No,24.7,Low,False
7576-OYWBN,Month-to-month,3,76.05,Yes,77.6,High,False
4526-ZJJTM,Month-to-month,25,88.4,No,29.5,Low,True
8384-FZBJK,Month-to-month,57,100.6,No,44.5,Medium,False
3750-RNQKR,Month-to-month,12,19.45,No,8.3,Low,False
0962-CQPWQ,Two year,62,20.3,No,0.6,Low,True
3096-YXENJ,Two year,65,107.65,No,11.9,Low,False
1265-BCFEO,Two year,71,80.45,No,2.5,Low,False
5837-LXSDN,One year,21,58.85,No,8.8,Low,False
5945-AZYHT,One year,71,109.6,No,16.8,Low,False
8325-QRPZR,Month-to-month,7,75.15,No,59.8,Medium,False
6384-VMJHP,Two year,72,73.0,No,0.6,Low,False
2262-SLNVK,Month-to-month,1,70.1,No,71.8,High,False
7730-CLDSV,Two year,72,98.65,No,1.5,Low,False
1135-HIORI,One year,64,111.45,No,9.5,Low,False
0164-APGRB,Two year,72,114.9,No,2.3,Low,True
6481-ESCNL,Month-to-month,29,100.55,No,43.7,Medium,True
1790-NESIO,Two year,13,20.4,No,1.3,Low,False
1550-EENBN,Month-to-month,31,104.35,No,32.8,Medium,False
5539-TMZLF,Month-to-month,1,69.75,Yes,87.7,High,False
4323-SADQS,Month-to-month,7,34.5,Yes,29.5,Low,True
4446-BZKHU,Month-to-month,61,105.55,Yes,53.7,Medium,False
5202-IVJNU,Month-to-month,39,30.1,Yes,17.0,Low,False
5976-JCJRH,Month-to-month,10,70.3,Yes,55.3,Medium,False
8198-RKSZG,Month-to-month,14,80.45,No,19.7,Low,False
0137-OCGAB,Month-to-month,1,80.2,Yes,88.2,High,False
3351-NQLDI,One year,67,94.35,Yes,13.8,Low,False
9297-EONCV,Two year,72,91.35,No,0.4,Low,False
7593-JNWRU,Month-to-month,6,44.6,Yes,26.0,Low,False
4588-YBNIB,Month-to-month,1,19.6,Yes,42.8,Medium,False
1069-QJOEE,One year,25,19.9,No,3.3,Low,False
3336-JORSO,Month-to-month,33,110.45,Yes,40.8,Medium,False
7799-DSEWS,Month-to-month,18,68.35,No,16.6,Low,False
8766-PAFNE,Two year,71,79.1,No,2.1,Low,False
5315-CKEQK,One year,28,51.0,No,10.2,Low,False
3130-ICDUP,Month-to-month,2,80.55,No,46.0,Medium,False
0820-FNRNX,Month-to-month,17,66.7,No,18.2,Low,False
0880-FVFWF,Month-to-month,56,86.4,No,18.6,Low,False
4611-ANLQC,One year,60,50.05,No,10.3,Low,False
4213-HKBJO,Two year,33,25.7,No,2.0,Low,True
2792-LSHWX,Month-to-month,1,83.4,No,52.6,Medium,False
5028-GZLDO,Month-to-month,2,70.7,Yes,50.4,Medium,False
0014-BMAQU,Two year,63,84.65,No,2.6,Low,False
6861-XWTWQ,Month-to-month,7,99.25,Yes,92.2,High,True
9018-PCIOK,Two year,55,64.75,No,2.1,Low,False
4837-QUSFT,One year,65,100.15,No,7.1,Low,False
6877-TJMBR,Month-to-month,1,84.8,Yes,69.6,High,False
9953-ZMKSM,Two year,63,25.25,No,0.8,Low,False
0907-HQNTS,Two year,70,113.0,No,4.0,Low,False
7665-NKLAV,Two year,36,40.65,No,1.3,Low,False
6769-DCQLI,One year,52,105.0,Yes,24.5,Low,False
2433-KMEAS,Month-to-month,22,54.45,Yes,40.6,Medium,False
4391-LNRXK,Month-to-month,22,94.95,No,25.5,Low,False
8250-ZNGGW,Month-to-month,5,59.9,No,16.6,Low,False
2195-ZRVAX,Month-to-month,47,85.3,Yes,35.6,Medium,False
3550-SAHFP,Month-to-month,33,83.35,Yes,57.9,Medium,False
2011-TRQYE,Month-to-month,18,33.5,Yes,28.6,Low,False
8562-GHPPI,Month-to-month,1,19.8,No,23.8,Low,False
5893-PYOLZ,Two year,56,81.8,No,2.1,Low,True
4986-MXSFP,Month-to-month,2,20.0,No,16.7,Low,False
6131-FOYAS,Month-to-month,35,59.6,No,12.5,Low,False
3027-YNWZU,Two year,64,25.0,No,0.9,Low,True
5609-IMCGG,Month-to-month,15,84.35,No,37.7,Medium,True
4873-ILOLJ,Month-to-month,24,90.35,Yes,51.0,Medium,True
4727-MCYZG,Month-to-month,1,55.55,No,53.5,Medium,False
9481-WHGWY,Two year,70,75.35,No,2.0,Low,False
2725-KXXWT,Month-to-month,1,90.75,Yes,85.9,High,False
9565-DJPIB,Month-to-month,4,89.6,Yes,64.5,High,False
4328-VUFWD,One year,39,59.3,No,7.9,Low,False
3301-LSLWQ,Month-to-month,29,66.1,No,12.3,Low,False
7473-ZBDSN,Two year,14,18.8,No,0.6,Low,False
3166-PNEOF,Two year,61,86.45,No,1.6,Low,False
5639-NTUPK,Month-to-month,13,52.1,No,15.5,Low,False
8780-YRMTT,Two year,66,47.4,No,1.6,Low,False
8348-HFYIV,Month-to-month,2,49.25,Yes,78.4,High,False
5140-FOMCQ,One year,59,109.15,No,17.5,Low,True
6242-SGYTS,One year,62,94.95,No,6.7,Low,True
8166-ORCHU,One year,33,93.55,No,17.3,Low,True
8414-OOEEL,Two year,66,79.5,No,3.8,Low,False
8454-AATJP,Two year,72,115.05,No,1.8,Low,False
6849-WLEYG,Month-to-month,1,19.75,Yes,31.9,Medium,False
4659-NZRUF,Month-to-month,19,95.15,Yes,52.2,Medium,False
4531-AUZNK,One year,51,95.15,No,7.1,Low,False
4191-XOVOM,Month-to-month,63,105.4,No,24.8,Low,False
2150-OEGBV,One year,27,20.1,No,1.7,Low,True
8429-XIBUM,Month-to-month,22,101.35,Yes,59.8,Medium,False
1855-CFULU,Month-to-month,4,20.05,No,16.4,Low,True
4878-BUNFV,Two year,42,20.7,No,0.7,Low,False
1872-EBWSC,One year,29,20.35,No,1.5,Low,False
2608-BHKFN,Month-to-month,4,70.05,Yes,58.6,Medium,False
7026-YMSBE,One year,30,19.7,No,2.6,Low,False
7341-LXCAF,Month-to-month,4,74.65,Yes,73.9,High,False
6997-UVGOX,Two year,71,85.45,No,0.8,Low,False
9674-EHPPG,Two year,46,40.4,No,1.4,Low,True
9462-MJUAW,Month-to-month,4,50.4,Yes,36.8,Medium,False
8128-YVJRG,Month-to-month,7,79.65,Yes,56.8,Medium,False
5440-VHLUL,One year,69,105.2,No,32.7,Medium,True
5781-BKHOP,Two year,72,100.65,No,0.9,Low,False
4283-FUTGF,Month-to-month,19,79.85,Yes,61.9,High,True
5213-TWWJU,Month-to-month,28,91.0,No,28.5,Low,True
1569-TTNYJ,Month-to-month,5,78.75,Yes,76.5,High,False
8628-MFKAX,Two year,72,116.75,No,2.1,Low,False
2397-BRLOM,Month-to-month,8,80.45,Yes,60.6,High,False
7629-WIXZF,One year,7,59.1,No,19.4,Low,True
5445-GLVOT,Month-to-month,22,49.8,No,30.4,Medium,False
3976-HXHCE,Two year,72,19.3,No,0.7,Low,False
2466-NEJOJ,Month-to-month,8,19.65,No,7.1,Low,False
0254-KCJGT,One year,52,81.4,No,6.3,Low,True
5472-CVMDX,Two year,68,38.9,No,1.5,Low,False
6461-SZMCV,Two year,71,87.95,No,0.8,Low,False
8150-QUDFX,Month-to-month,2,19.85,No,13.7,Low,False
9508-ILZDG,Month-to-month,34,96.35,No,42.2,Medium,True
2346-DJQTB,Month-to-month,35,24.15,No,20.0,Low,False
1697-LYYYX,One year,61,19.1,No,0.8,Low,True
1942-OQFRW,Month-to-month,1,44.0,No,50.3,Medium,True
4749-VFKVB,Month-to-month,1,50.1,Yes,56.7,Medium,False
9640-ZSLDC,One year,53,60.6,No,6.5,Low,True
4231-LZUYM,Two year,72,25.65,No,0.5,Low,False
7598-UAASY,Month-to-month,2,76.4,Yes,60.2,High,False
7938-OUHIO,Month-to-month,3,98.7,Yes,78.5,High,False
8510-AWCXC,Month-to-month,13,100.8,Yes,73.9,High,False
6128-AQBMT,Month-to-month,41,53.95,No,46.9,Medium,True
3594-BDSOA,One year,24,20.4,No,1.9,Low,False
0431-APWVY,One year,28,90.1,Yes,23.3,Low,True
5133-VRSAB,Month-to-month,8,29.35,No,21.1,Low,False
5996-DAOQL,Month-to-month,1,20.45,No,36.5,Medium,False
6838-YAUVY,Two year,54,95.1,No,6.9,Low,False
0484-JPBRU,Month-to-month,41,25.25,No,8.4,Low,False
7883-ROJOC,Month-to-month,19,44.9,No,14.9,Low,False
0244-LGNFY,Two year,72,92.65,No,0.4,Low,False
7274-CGTOD,Two year,62,43.7,No,1.5,Low,False
4295-YURET,Two year,56,72.6,No,1.5,Low,False
3426-NIYYL,Month-to-month,15,51.55,Yes,33.1,Medium,False
8225-BTJAU,Month-to-month,10,79.25,Yes,63.6,High,False
4635-EJYPD,Two year,32,18.95,No,0.4,Low,False
1866-ZSLJM,Month-to-month,21,20.5,No,5.7,Low,False
4636-TVXVG,One year,62,19.95,No,1.9,Low,False
4236-UJPWO,Month-to-month,2,24.5,No,45.8,Medium,False
9392-XBGTD,Two year,27,20.6,No,0.7,Low,False
3387-VATUS,Month-to-month,5,94.85,Yes,83.5,High,False
6402-SSEJG,One year,25,61.05,No,14.2,Low,False
1143-NMNQJ,Month-to-month,2,85.7,Yes,83.9,High,True
1169-SAOCL,One year,49,106.65,No,27.4,Low,False
1110-KYLGQ,Month-to-month,63,108.25,No,13.8,Low,True
9929-PLVPA,Month-to-month,4,20.4,No,10.0,Low,False
3518-PZXZQ,Month-to-month,1,55.3,No,68.2,High,False
2371-JUNGC,Month-to-month,11,20.25,No,6.6,Low,False
7693-QPEFS,Month-to-month,52,72.95,No,26.6,Low,False
0924-BJCRC,Month-to-month,60,89.45,No,19.2,Low,False
5074-FBGHB,One year,64,104.65,No,31.3,Medium,False
2351-BKRZW,Two year,43,75.2,No,2.8,Low,False
4455-BFSPD,One year,61,101.15,No,13.6,Low,False
0415-MOSGF,Month-to-month,1,44.4,Yes,45.3,Medium,False
1724-BQUHA,Month-to-month,5,89.5,Yes,76.9,High,False
3948-KXDUF,Two year,66,68.75,No,1.5,Low,True
2323-ARSVR,Two year,67,111.05,No,12.2,Low,True
0815-MFZGM,Two year,42,99.0,No,7.9,Low,False
4826-XTSOH,Month-to-month,1,86.05,Yes,92.4,High,False
5480-XTFFL,Two year,31,21.0,No,1.0,Low,False
8295-FHIVV,Month-to-month,7,19.4,No,12.2,Low,False
2495-INZWQ,Month-to-month,4,44.55,Yes,64.4,High,True
9086-YJYXS,One year,34,77.2,No,12.0,Low,False
1179-INLAT,One year,3,19.45,No,7.6,Low,False
7909-FIOIY,Month-to-month,19,24.85,No,21.9,Low,False
4139-SUGLD,Month-to-month,31,35.4,Yes,11.2,Low,False
6857-VWJDT,Month-to-month,1,95.65,Yes,88.1,High,True
6351-SCJKT,Month-to-month,3,41.35,No,30.7,Medium,False
5468-BPMMO,Month-to-month,46,19.6,No,11.3,Low,True
5624-BQSSA,Month-to-month,1,20.95,Yes,41.3,Medium,False
0197-PNKNK,One year,69,84.45,No,5.8,Low,False
2439-QKJUL,Month-to-month,5,20.25,No,10.1,Low,False
1194-SPVSP,Month-to-month,1,19.65,No,29.6,Low,True
9534-NSXEM,One year,26,20.65,No,2.1,Low,True
2408-WITXK,Month-to-month,10,34.7,Yes,57.9,Medium,False
8929-KSWIH,Two year,25,99.3,No,11.0,Low,False
2250-IVBWA,Month-to-month,64,81.05,No,10.4,Low,True
1810-MVMAI,Month-to-month,30,67.6,No,7.3,Low,False
9506-UXUSK,Month-to-month,13,70.15,No,49.6,Medium,False
1229-RCALF,One year,64,115.0,No,10.9,Low,False
3572-UOLYZ,Month-to-month,46,84.8,No,22.8,Low,False
1429-UYJSV,One year,12,19.7,No,3.6,Low,False
5577-OTWWW,Month-to-month,15,19.75,Yes,11.0,Low,False
6100-QQHEB,Month-to-month,17,92.55,Yes,65.5,High,False
6366-XIVKZ,Month-to-month,13,63.15,No,15.1,Low,True
3470-OBUET,Two year,67,74.0,No,2.5,Low,True
2770-NSVDG,Month-to-month,24,29.1,No,29.7,Low,True
9375-MHRRS,Month-to-month,6,50.05,No,19.9,Low,False
2634-HCZGT,One year,53,60.05,Yes,8.7,Low,False
7503-QQRVF,Month-to-month,16,74.3,Yes,55.9,Medium,True
4860-YZGZM,Month-to-month,10,20.0,No,12.4,Low,False
6599-GZWCM,One year,13,74.65,No,19.4,Low,False
2691-NZETQ,Month-to-month,9,85.35,Yes,74.8,High,False
4404-HIBDJ,One year,25,74.3,Yes,3.8,Low,False
5533-NHFRF,Month-to-month,7,44.4,No,40.0,Medium,False
7037-MTYVW,Two year,38,85.4,No,2.5,Low,False
4760-THGOT,Month-to-month,43,94.1,No,36.5,Medium,True
7295-JOMMD,Month-to-month,4,98.1,Yes,76.0,High,False
4016-BJKTZ,Two year,25,108.9,No,28.8,Low,True
6584-VQMYT,One year,27,56.2,No,2.9,Low,False
9838-BFCQT,Two year,72,26.1,No,0.4,Low,False
2790-XUYMV,One year,71,85.45,No,3.7,Low,False
0581-MDMPW,Month-to-month,24,88.95,No,41.0,Medium,True
5013-SBUIH,Two year,50,109.65,Yes,17.7,Low,False
1023-BQXZE,Two year,57,74.35,No,2.7,Low,True
9163-GHAYE,Month-to-month,15,48.85,No,24.2,Low,True
3904-UKFRE,Month-to-month,4,80.1,No,61.5,High,False
5353-WILCI,Month-to-month,28,56.05,No,10.1,Low,False
0709-TVGUR,Month-to-month,9,74.55,Yes,68.1,High,False
0058-EVZWM,Month-to-month,55,89.8,No,18.2,Low,True
6023-YEBUP,Month-to-month,3,100.95,Yes,90.2,High,True
7209-JCUDS,Month-to-month,10,94.9,Yes,74.7,High,True
7009-PCARS,One year,55,19.1,No,1.2,Low,False
0519-DRGTI,Month-to-month,20,20.35,No,5.0,Low,False
1017-FBQMM,One year,62,106.05,No,12.0,Low,False
3001-CBHLQ,Month-to-month,32,104.9,Yes,57.2,Medium,False
1985-MBRYP,Two year,43,19.65,No,2.0,Low,False
6158-DWPZT,One year,9,24.1,Yes,14.0,Low,False
9372-TXXPS,Two year,60,59.85,No,0.8,Low,True
3259-QMXUN,Two year,58,86.1,No,4.6,Low,False
1015-JPFYW,One year,7,19.45,No,3.5,Low,False
6645-MXQJT,Month-to-month,2,97.1,No,54.3,Medium,False
4360-QRAVE,Month-to-month,37,36.65,No,21.7,Low,False
8433-WPJTV,One year,65,103.9,No,17.1,Low,True
5804-JMYIO,Two year,39,19.75,No,1.5,Low,False
3763-GCZHZ,One year,66,104.05,Yes,41.7,Medium,False
6484-LATFU,Two year,68,24.55,No,0.7,Low,False
7599-NTMDP,Two year,62,48.7,No,1.3,Low,False
0772-GYEQQ,Month-to-month,3,88.35,Yes,59.5,Medium,False
0536-ACXIP,Two year,72,109.55,No,2.8,Low,True
0936-NQLJU,Two year,41,20.65,No,1.0,Low,False
4831-EOBFE,Month-to-month,29,94.65,Yes,33.5,Medium,False
1575-KRZZE,Month-to-month,4,55.2,No,32.2,Medium,True
3251-YMVWZ,One year,53,24.05,No,3.2,Low,True
4102-OQUPX,Month-to-month,1,74.4,Yes,88.8,High,False
9170-GYZJC,Month-to-month,41,79.9,Yes,8.4,Low,False
4884-LEVMQ,Two year,39,20.45,No,1.1,Low,False
8857-CUPFQ,Two year,63,19.25,No,0.8,Low,False
7610-TVOPG,Month-to-month,15,26.35,No,22.0,Low,False
3638-DIMPH,One year,13,43.8,No,8.5,Low,False
1845-ZLLIG,Month-to-month,1,50.15,No,50.6,Medium,False
8559-WNQZS,Two year,1,20.45,No,5.3,Low,False
3999-QGRJH,Month-to-month,8,69.7,Yes,55.7,Medium,False
1699-UOTXU,Two year,60,61.4,No,1.6,Low,False
2454-RPBRZ,Month-to-month,12,98.1,Yes,85.6,High,False
0635-WKOLD,One year,40,70.75,No,5.9,Low,False
5993-JSUWV,Two year,66,61.15,No,1.2,Low,False
4518-FZBSX,One year,42,20.25,No,1.7,Low,False
5387-ASZNZ,One year,66,63.85,No,3.2,Low,False
6988-CJEYV,Month-to-month,49,98.7,No,41.9,Medium,False
2002-MZHWP,Month-to-month,1,20.5,Yes,38.4,Medium,False
3097-FQTVJ,Two year,41,20.0,No,1.2,Low,False
5465-BUBFA,Two year,41,19.3,No,1.0,Low,False
7299-GNVPL,Month-to-month,23,84.4,No,17.5,Low,False
9743-DQKQW,Month-to-month,3,25.1,No,53.9,Medium,False
1215-VFYVK,Month-to-month,4,48.25,No,27.4,Low,False
9371-BITHB,Two year,52,19.85,No,1.5,Low,False
2265-CYWIV,Month-to-month,4,99.6,Yes,86.0,High,False
9093-FPDLG,Month-to-month,11,94.2,No,48.7,Medium,False
0541-FITGH,Month-to-month,2,62.15,No,34.4,Medium,False
6985-HAYWX,Month-to-month,26,79.3,No,25.5,Low,False
7508-KBIMB,One year,24,56.25,No,4.7,Low,False
6838-HVLXG,Month-to-month,12,20.3,No,6.1,Low,True
2277-DJJDL,Month-to-month,60,99.0,No,41.9,Medium,True
1897-OKVMW,Two year,64,90.6,No,0.9,Low,False
5485-ITNPC,Two year,66,85.9,No,1.9,Low,False
0233-FTHAV,One year,60,79.2,No,7.5,Low,False
4644-PIZRT,One year,17,70.35,No,10.0,Low,False
8922-NPKBJ,Two year,42,19.35,No,1.4,Low,False
2740-TVLFN,Month-to-month,1,50.15,No,66.0,High,False
7771-CFQRQ,Two year,47,63.8,No,1.7,Low,False
9512-PHSMG,Month-to-month,10,20.55,No,8.7,Low,False
6963-EZQEE,Two year,70,88.55,No,2.9,Low,False
2452-KDRRH,Month-to-month,67,101.4,No,48.6,Medium,True
2004-OCQXK,Month-to-month,1,81.95,Yes,85.1,High,False
5027-QPKTE,Month-to-month,7,69.35,Yes,58.6,Medium,False
4146-SVFUD,Month-to-month,1,44.6,No,44.4,Medium,False
1564-HJUVY,Month-to-month,4,63.75,No,24.8,Low,False
3617-XLSGQ,Two year,66,109.25,No,6.1,Low,False
7517-LDMPS,Month-to-month,12,84.6,No,55.7,Medium,False
7244-KXYZN,One year,24,20.45,No,1.7,Low,False
5226-NOZFC,Month-to-month,26,85.75,No,46.1,Medium,True
2672-HUYVI,Month-to-month,6,91.1,Yes,75.9,High,False
1400-WIVLL,Two year,57,107.95,No,35.5,Medium,False
7508-MYBOG,Month-to-month,14,86.1,Yes,67.0,High,False
8148-NLEGT,Two year,42,22.95,No,2.6,Low,False
0148-DCDOS,Month-to-month,25,94.7,Yes,61.8,High,False
8347-GDTMP,Two year,64,19.45,No,0.9,Low,True
9992-RRAMN,Month-to-month,22,85.1,Yes,61.3,High,False
6746-WAUWT,One year,19,19.7,No,3.0,Low,False
0310-MVLET,Month-to-month,61,99.15,Yes,35.5,Medium,True
0428-IKYCP,Month-to-month,22,87.0,No,35.1,Medium,False
4550-VBOFE,Month-to-month,70,102.95,Yes,53.0,Medium,False
2187-PKZAY,Month-to-month,12,79.95,No,58.0,Medium,True
4003-OCTMP,One year,31,64.0,No,5.5,Low,False
6652-YFFJO,Month-to-month,11,64.9,No,38.7,Medium,False
7225-IILWY,Two year,68,25.75,No,0.6,Low,False
5248-RPYWW,Two year,72,90.15,No,0.5,Low,False
7923-IYJWY,Two year,67,116.1,No,11.3,Low,False
3170-GWYKC,Month-to-month,60,104.95,No,22.8,Low,False
5696-QURRL,Month-to-month,1,45.05,Yes,58.9,Medium,False
7409-KIUTL,Month-to-month,1,71.0,Yes,83.0,High,True
9830-ECLEN,One year,58,50.0,No,5.8,Low,False
1732-VHUBQ,Month-to-month,47,70.55,Yes,23.3,Low,False
0495-RVCBF,Month-to-month,1,79.7,Yes,88.2,High,False
2668-TZSPS,Month-to-month,1,20.45,No,29.2,Low,True
7854-EDSSA,Month-to-month,22,59.0,Yes,16.5,Low,False
8869-TORSS,One year,48,60.35,Yes,3.6,Low,True
7446-SFAOA,One year,37,19.85,No,3.0,Low,False
9522-ZSINC,One year,13,19.95,No,5.2,Low,False
8234-GSZYK,Two year,43,26.45,No,2.0,Low,False
6505-OZNPG,Two year,6,63.4,No,3.9,Low,False
6164-HAQTX,Two year,71,53.95,No,1.1,Low,True
0679-IDSTG,Month-to-month,1,69.25,Yes,88.5,High,True
7765-LWVVH,Two year,72,95.1,No,1.4,Low,False
1658-TJVOA,Month-to-month,6,74.1,No,55.0,Medium,True
0953-LGOVU,Month-to-month,12,35.5,No,14.0,Low,False
2115-BFTIW,Month-to-month,25,70.95,Yes,19.3,Low,False
4692-NNQRU,One year,21,79.2,No,12.4,Low,False
7742-MYPGI,Month-to-month,6,48.8,No,25.1,Low,False
0611-DFXKO,Month-to-month,20,89.0,Yes,38.9,Medium,False
7780-OTDSO,Month-to-month,18,99.4,Yes,73.9,High,False
9619-GSATL,One year,43,55.45,No,7.8,Low,False
5622-UEJFI,Two year,35,25.4,No,1.6,Low,False
9747-DDZOS,Month-to-month,1,73.5,Yes,72.0,High,True
0674-DGMAQ,Month-to-month,32,93.5,No,47.9,Medium,False
6203-HBZPA,Two year,52,63.9,No,1.7,Low,True
0484-FFVBJ,One year,32,64.85,No,8.2,Low,True
0301-FIDRB,Two year,72,63.8,No,0.5,Low,True
4139-JPIAM,Month-to-month,51,44.45,No,7.7,Low,False
2181-TIDSV,Two year,68,19.95,No,1.0,Low,False
2761-XECQW,Month-to-month,8,43.35,No,52.3,Medium,False
1936-CZAKF,Two year,49,49.65,No,5.3,Low,True
9453-PATOS,Two year,72,85.1,No,0.5,Low,False
0564-JJHGS,Month-to-month,9,95.5,Yes,82.1,High,False
3348-CFRNX,Month-to-month,28,92.35,Yes,36.8,Medium,False
4402-FTBXC,Month-to-month,54,89.8,No,13.2,Low,True
1428-GTBJJ,Month-to-month,11,74.55,Yes,52.6,Medium,False
2931-XIQBR,One year,50,103.05,No,13.8,Low,False
0106-UGRDO,Two year,69,116.0,No,7.1,Low,True
5542-TBBWB,Month-to-month,1,69.9,No,83.2,High,True
1930-QPBVZ,Two year,68,95.1,No,2.2,Low,False
2606-PKWJB,One year,40,40.25,No,3.8,Low,False
5322-ZSMZY,Two year,31,25.75,No,1.2,Low,False
8059-UDZFY,Month-to-month,33,105.35,No,37.1,Medium,True
7740-BTPUX,Two year,55,113.6,No,21.3,Low,False
5220-AGAAX,Two year,68,24.0,No,0.8,Low,False
0208-BPQEJ,Month-to-month,12,19.4,No,9.3,Low,False
9435-JMLSX,Two year,71,86.1,No,0.8,Low,False
3352-ALMCK,Month-to-month,40,102.65,No,50.8,Medium,False
5312-IRCFR,One year,64,92.85,No,12.8,Low,False
5294-IMHHT,One year,53,97.75,No,16.7,Low,False
8802-UNOJF,Month-to-month,12,83.8,Yes,54.0,Medium,False
6313-GIDIT,Month-to-month,53,54.45,Yes,45.3,Medium,False
6176-YJWAS,Two year,72,97.95,No,1.7,Low,False
5310-NOOVA,Two year,46,19.95,No,2.8,Low,False
4526-EXKKN,Two year,40,24.6,No,1.8,Low,False
5311-IHLEI,Month-to-month,12,50.95,No,21.3,Low,False
3987-KQDDU,Month-to-month,9,75.6,No,34.6,Medium,False
3404-JNXAX,Month-to-month,51,80.75,No,29.3,Low,False
5131-PONJI,Month-to-month,49,90.4,No,22.3,Low,False
2845-AFFTX,Month-to-month,41,99.8,Yes,73.2,High,False
3489-VSFRD,One year,56,60.25,No,2.9,Low,True
3345-JHUEO,Month-to-month,4,20.2,No,20.7,Low,False
5815-HGGHV,One year,20,64.15,No,6.7,Low,False
5260-UMPWX,Month-to-month,26,20.25,No,5.4,Low,False
2249-YPRNG,Month-to-month,20,105.85,Yes,60.1,High,False
7410-YTJIK,Month-to-month,7,75.45,Yes,51.5,Medium,True
4626-GYCZP,Month-to-month,7,93.85,Yes,86.4,High,False
5649-RXQTV,Month-to-month,51,99.0,No,45.0,Medium,False
2674-MIAHT,Month-to-month,4,80.3,No,74.9,High,False
2576-HXMPA,Month-to-month,1,19.55,No,21.9,Low,False
7587-AOVVU,Month-to-month,27,100.75,No,33.1,Medium,False
5590-BYNII,Month-to-month,22,100.75,Yes,70.0,High,False
6898-MDLZW,Month-to-month,12,53.75,No,18.8,Low,True
3237-AJGEH,Month-to-month,3,31.0,Yes,33.6,Medium,True
4707-YNOQA,One year,34,25.6,No,3.7,Low,False
9357-UJRUN,One year,24,58.35,No,7.5,Low,True
1591-NFNLQ,Month-to-month,51,80.0,Yes,23.7,Low,False
8648-PFRMP,Month-to-month,14,46.35,No,60.3,High,False
7663-CUXZB,Two year,59,113.75,No,9.3,Low,True
0258-NOKBL,Month-to-month,3,90.4,No,58.9,Medium,True
1163-VIPRI,Two year,65,109.3,No,9.6,Low,False
2815-CPTUL,Month-to-month,5,70.25,Yes,62.2,High,False
9348-ROUAI,Two year,59,90.3,No,1.2,Low,False
9443-JUBUO,Two year,72,65.25,No,0.6,Low,False
0596-BQCEQ,Month-to-month,62,100.15,Yes,29.9,Low,False
1481-ZUWZA,Month-to-month,28,94.5,Yes,38.9,Medium,False
3043-TYBNO,Month-to-month,3,60.65,No,26.4,Low,False
4830-FAXFM,Month-to-month,19,24.1,No,10.4,Low,True
5906-BFOZT,Month-to-month,1,19.5,No,40.7,Medium,False
2960-NKRSO,Month-to-month,24,85.95,No,30.6,Medium,True
8996-ZROXE,One year,57,53.5,No,9.6,Low,False
5598-IKHQQ,Two year,72,25.45,No,0.5,Low,False
0397-ZXWQF,Two year,67,20.5,No,0.8,Low,True
5266-PFRQK,One year,52,20.85,No,4.4,Low,True
4674-HGNUA,Two year,71,89.9,No,0.8,Low,True
6765-MBQNU,One year,26,26.0,No,3.4,Low,False
9786-IJYDL,Two year,35,113.2,No,7.2,Low,False
1303-SRDOK,Two year,55,69.05,No,2.5,Low,False
3769-MHZNV,Two year,33,20.1,No,1.1,Low,False
6295-OSINB,Two year,72,109.65,No,2.7,Low,False
3308-MHOOC,Month-to-month,1,19.2,No,24.4,Low,False
2309-OSFEU,Month-to-month,10,33.9,Yes,41.4,Medium,True
2207-QPJED,Month-to-month,37,90.0,No,30.2,Medium,False
4177-JPDFU,Month-to-month,12,34.0,No,16.1,Low,False
2239-CFOUJ,One year,1,20.4,No,13.8,Low,True
8046-DNVTL,Two year,62,38.6,No,2.1,Low,False
2209-XADXF,Month-to-month,1,25.25,No,48.3,Medium,False
6620-JDYNW,Month-to-month,18,60.6,No,19.0,Low,False
1891-FZYSA,Month-to-month,69,89.95,Yes,40.5,Medium,False
4770-UEZOX,Month-to-month,2,74.75,No,60.9,High,False
1038-RQOST,Month-to-month,19,20.6,No,5.1,Low,True
7613-LLQFO,Month-to-month,12,84.45,Yes,76.2,High,False
4568-TTZRT,Month-to-month,9,20.4,No,7.2,Low,False
9513-DXHDA,One year,27,81.7,No,7.0,Low,False
2640-PMGFL,Month-to-month,27,79.5,Yes,36.1,Medium,False
3801-HMYNL,Month-to-month,1,89.15,Yes,80.8,High,False
0516-QREYC,Month-to-month,24,20.3,No,9.0,Low,False
9685-WKZGT,Month-to-month,14,74.95,Yes,69.4,High,True
6022-UGGSO,Month-to-month,32,74.4,Yes,49.0,Medium,True
8084-OIVBS,One year,11,20.0,No,3.2,Low,False
8896-BQTTI,Month-to-month,1,25.0,No,33.4,Medium,False
3865-QBWSJ,Month-to-month,38,80.45,No,28.9,Low,False
3352-RICWQ,Two year,9,19.75,No,2.0,Low,False
2160-GPFXD,Two year,54,65.65,No,1.1,Low,False
2065-MMKGR,One year,29,71.0,No,12.2,Low,False
5857-TYBCJ,Month-to-month,44,89.2,No,48.1,Medium,False
1498-NHTLT,Two year,59,86.75,No,1.9,Low,False
4484-CGXFK,Month-to-month,3,55.3,Yes,63.0,High,False
1402-PTHGN,One year,18,61.5,No,6.6,Low,False
4176-RELJR,Two year,67,25.1,No,1.3,Low,False
6214-EDAKZ,Month-to-month,22,55.15,Yes,22.7,Low,False
5199-FPUSP,One year,33,34.05,No,4.5,Low,False
6377-KSLXC,Month-to-month,5,19.95,No,11.7,Low,False
1796-JANOW,Month-to-month,2,19.95,No,13.8,Low,False
0238-WHBIQ,Two year,72,89.7,No,0.6,Low,False
8735-NBLWT,Month-to-month,9,20.4,No,6.3,Low,True
6651-RLGGM,Two year,67,26.3,No,0.7,Low,False
6127-ISGTU,Month-to-month,16,84.95,Yes,65.6,High,False
1614-JBEBI,Month-to-month,8,20.7,No,9.5,Low,False
8740-XLHDR,Month-to-month,5,43.25,Yes,29.2,Low,False
1208-DNHLN,One year,23,48.35,Yes,12.8,Low,False
1761-AEZZR,Month-to-month,1,79.55,Yes,88.3,High,False
3923-CSIHK,Month-to-month,50,71.05,Yes,33.4,Medium,True
5696-EXCYS,Two year,17,19.45,No,1.3,Low,False
5795-KTGUD,Two year,68,110.8,No,11.4,Low,False
7120-RFMVS,Month-to-month,1,84.5,Yes,86.5,High,False
7924-GJZFI,Month-to-month,25,69.3,No,39.3,Medium,False
4702-HDRKD,One year,67,49.35,No,5.5,Low,True
8512-WIWYV,One year,32,20.35,No,1.6,Low,False
5897-ZYEKH,One year,67,105.6,No,18.9,Low,False
5456-ITGIC,Two year,72,64.45,No,1.0,Low,False
7317-GGVPB,Two year,71,108.6,Yes,23.7,Low,False
1406-PUQVY,Month-to-month,1,49.9,No,59.5,Medium,False
1322-AGOQM,Month-to-month,46,30.3,Yes,13.7,Low,False
3677-IYRBF,Month-to-month,2,30.4,Yes,78.2,High,True
5692-FPTAH,Month-to-month,1,45.4,Yes,59.6,Medium,True
9114-AAFQH,One year,48,65.65,No,12.1,Low,False
8715-KKTFG,One year,61,103.3,No,18.9,Low,False
1550-LOAHA,Month-to-month,32,84.15,Yes,31.9,Medium,True
1728-BQDMA,Month-to-month,2,44.45,No,39.9,Medium,False
0268-QKIWO,Month-to-month,3,19.75,Yes,22.1,Low,False
0876-WDUUZ,Month-to-month,5,85.4,Yes,60.9,High,True
5117-ZSMHQ,Two year,71,89.9,No,0.7,Low,False
5151-HQRDG,Month-to-month,37,55.05,No,10.9,Low,False
0960-HUWBM,Two year,65,104.1,No,13.6,Low,False
6465-GSRCL,One year,67,106.6,No,14.4,Low,False
0617-FHSGK,Month-to-month,49,75.2,Yes,20.3,Low,False
0263-FJTQO,Two year,50,70.5,No,1.5,Low,True
7319-ZNRTR,One year,25,19.6,No,3.8,Low,False
2858-MOFSQ,One year,17,55.85,Yes,10.7,Low,False
7503-EPSZW,Two year,64,24.05,No,0.7,Low,False
7089-XXAYG,One year,25,38.1,No,14.3,Low,False
8118-LSUEL,Month-to-month,23,106.4,Yes,75.3,High,False
8070-AAWZP,Month-to-month,24,34.25,No,21.5,Low,False
1666-JXLKU,Month-to-month,37,100.05,No,60.1,High,False
7855-DIWPO,Month-to-month,21,68.65,No,48.3,Medium,True
5133-POWUA,Month-to-month,1,45.8,No,59.0,Medium,True
5652-MSDEY,Month-to-month,10,75.75,No,55.3,Medium,False
7005-CCBKV,Month-to-month,6,84.4,Yes,66.3,High,True
1810-BOHSY,One year,51,96.4,No,16.2,Low,False
1784-BXEFA,Month-to-month,10,20.55,No,9.1,Low,True
7351-MHQVU,Month-to-month,6,50.95,No,17.8,Low,False
9224-VTYID,Two year,47,90.5,No,1.1,Low,False
9500-IWPXQ,One year,61,79.4,No,4.5,Low,False
5762-TJXGK,Two year,52,58.75,No,3.8,Low,False
4504-YOULA,Month-to-month,35,59.45,No,10.0,Low,False
5569-IDSEY,One year,71,105.7,No,28.0,Low,False
4250-FDVOU,Month-to-month,6,56.25,Yes,19.2,Low,False
7284-ZZLOH,Two year,45,53.3,No,1.8,Low,False
5277-ZLOOR,Month-to-month,2,85.55,Yes,82.5,High,False
2141-RRYGO,Month-to-month,4,68.65,Yes,32.5,Medium,False
1777-JYQPJ,Month-to-month,2,24.3,No,41.2,Medium,False
6376-GAHQE,Month-to-month,4,77.85,Yes,58.9,Medium,True
3401-URHDA,One year,51,59.9,No,3.9,Low,False
1599-EAHXY,One year,60,23.95,No,2.0,Low,False
8631-XVRZL,One year,9,20.15,No,4.3,Low,False
5052-PNLOS,Month-to-month,3,105.35,Yes,82.0,High,True
3853-LYGAM,Month-to-month,17,95.65,No,35.2,Medium,False
6979-ZNSFF,Month-to-month,8,87.05,Yes,76.9,High,True
5751-USDBL,Two year,46,81.0,No,1.2,Low,True
5680-LQOGP,Two year,68,82.45,No,1.7,Low,False
2386-LAHRK,Month-to-month,1,53.5,Yes,64.9,High,True
8189-DUKMV,One year,4,20.5,No,5.8,Low,False
6032-IGALN,Month-to-month,1,25.1,Yes,58.8,Medium,False
9931-DCEZH,One year,28,54.4,No,4.3,Low,False
1898-JSNDC,One year,39,58.6,No,7.2,Low,False
0315-LVCRK,Month-to-month,11,84.8,No,47.9,Medium,False
3911-RSNHI,Two year,71,61.4,No,1.7,Low,False
2410-CIYFZ,Month-to-month,2,20.4,No,9.8,Low,False
4248-HCETZ,Month-to-month,30,79.65,Yes,42.6,Medium,False
5505-OVWQW,One year,17,20.15,No,2.6,Low,True
7271-AJDTL,Month-to-month,55,94.45,No,29.9,Low,False
1867-TJHTS,Month-to-month,58,79.8,No,16.0,Low,False
0516-WJVXC,Month-to-month,5,54.2,Yes,26.2,Low,False
9174-FKWZE,Month-to-month,1,19.45,Yes,60.1,High,False
6860-YRJZP,Month-to-month,9,74.05,No,70.8,High,False
4429-WYGFR,Month-to-month,26,49.15,No,7.3,Low,False
2817-LVCPP,Two year,50,19.4,No,1.4,Low,False
5038-ETMLM,Two year,72,113.65,No,1.7,Low,False
5056-FIMPT,One year,43,106.0,No,17.4,Low,False
4521-WFJAI,Two year,56,25.95,No,1.7,Low,True
6569-KTMDU,Month-to-month,1,19.1,No,17.8,Low,False
8809-RIHDD,Two year,72,103.4,Yes,14.7,Low,False
8809-XKHMD,Two year,72,100.55,No,1.5,Low,True
0396-YCHWO,Month-to-month,36,95.4,No,49.9,Medium,False
0867-LDTTC,Month-to-month,5,75.15,No,26.1,Low,False
4822-NGOCH,Month-to-month,13,84.45,Yes,70.5,High,False
9391-DXGGG,One year,44,89.15,No,12.9,Low,False
9844-FELAJ,One year,70,107.9,No,19.2,Low,True
2122-SZZZD,One year,44,19.5,No,1.6,Low,False
5307-DZCVC,Month-to-month,32,85.95,Yes,48.7,Medium,False
3148-AOIQT,Two year,69,24.95,No,0.8,Low,False
8679-JOEVF,Month-to-month,16,59.4,Yes,29.8,Low,False
8395-ETZKQ,One year,68,19.5,No,4.0,Low,False
6692-YQHXC,Month-to-month,16,69.95,No,42.9,Medium,False
3889-VWBID,Two year,68,82.85,No,1.7,Low,False
5222-JCXZT,Month-to-month,4,19.0,No,5.7,Low,False
9754-CLVZW,Month-to-month,26,38.85,No,10.2,Low,False
1432-FPAXX,Month-to-month,29,30.6,Yes,30.5,Medium,False
2739-CCZMB,Month-to-month,5,20.35,No,8.7,Low,False
7080-TNUWP,One year,70,95.0,No,13.7,Low,False
0496-AHOOK,One year,24,74.4,No,6.2,Low,False
8336-TAVKX,Two year,72,78.45,No,0.8,Low,False
2468-SJFLM,Month-to-month,1,74.3,No,55.7,Medium,False
3181-VTHOE,One year,70,51.05,No,8.5,Low,False
7168-HDQHG,Month-to-month,36,19.2,No,2.2,Low,False
4803-AXVYP,Month-to-month,38,99.55,Yes,58.9,Medium,False
3884-HCSWG,Month-to-month,17,70.0,Yes,55.2,Medium,False
4567-AKPIA,One year,41,109.1,No,20.5,Low,False
5077-DXTCG,Month-to-month,1,45.3,Yes,70.1,High,False
1142-WACZW,Month-to-month,2,29.85,Yes,41.6,Medium,False
7901-HXJVA,Month-to-month,14,76.45,No,38.5,Medium,False
5649-ANRML,Month-to-month,2,95.1,Yes,58.9,Medium,False
4892-VLANZ,Month-to-month,1,19.8,Yes,32.9,Medium,True
5924-IFQTT,Month-to-month,13,72.8,No,27.1,Low,False
7968-QUXNS,Month-to-month,6,18.95,No,3.9,Low,False
2919-HBCJO,Month-to-month,4,76.65,Yes,62.4,High,True
4236-XPXAV,Month-to-month,5,99.15,Yes,68.0,High,False
8903-WMRNW,Month-to-month,15,101.75,No,49.4,Medium,False
2452-SNHFZ,Month-to-month,47,75.45,No,11.9,Low,False
3629-WEAAM,Month-to-month,8,64.1,No,16.0,Low,False
6029-CSMJE,Month-to-month,17,25.65,No,25.5,Low,False
7993-NQLJE,Month-to-month,15,75.1,No,30.4,Medium,False
9909-DFRJA,One year,26,95.85,No,16.6,Low,True
9099-FTUHS,Month-to-month,23,54.4,No,15.5,Low,False
0581-BXBUB,Month-to-month,4,72.75,No,50.3,Medium,True
4962-CHQPW,One year,29,19.85,No,1.7,Low,True
9467-ROOLM,Month-to-month,25,19.05,No,2.8,Low,False
3030-YZADT,Month-to-month,9,44.95,Yes,17.1,Low,False
7410-KTVFV,Month-to-month,18,49.55,Yes,22.3,Low,True
5150-ITWWB,Month-to-month,3,94.85,No,86.4,High,False
2253-KPMNB,Two year,69,46.25,No,1.3,Low,False
1345-ZUKID,One year,14,19.35,No,3.0,Low,False
6429-SHBCB,Month-to-month,19,69.6,No,16.3,Low,True
9281-OFDMF,Month-to-month,39,90.7,No,33.6,Medium,False
2603-HVKCG,Month-to-month,31,101.4,No,42.3,Medium,False
1834-WULEG,One year,24,20.25,No,1.7,Low,False
9097-ZUBYC,Month-to-month,14,48.8,No,14.4,Low,True
5148-ORICT,Two year,64,74.35,No,1.5,Low,False
4893-GYUJU,One year,50,19.35,No,3.6,Low,False
4578-PHJYZ,One year,52,68.75,No,6.2,Low,False
7272-QDCKA,One year,28,100.2,No,34.6,Medium,False
8908-SLFCJ,Two year,21,20.85,No,1.9,Low,False
8393-DLHGA,Month-to-month,25,95.9,Yes,60.7,High,True
9766-HGEDE,One year,17,19.35,No,3.6,Low,False
6968-MHOMU,One year,58,45.0,No,25.0,Low,True
7395-IGJOS,Month-to-month,17,81.5,Yes,32.1,Medium,False
5044-XDPYX,Two year,51,25.5,No,1.3,Low,False
1814-WFGVS,Two year,72,48.9,No,0.8,Low,False
2834-SPCJV,Month-to-month,52,84.1,Yes,26.6,Low,False
3721-WKIIL,Two year,27,19.6,No,1.5,Low,False
6734-CKRSM,Month-to-month,3,20.0,No,14.8,Low,False
1265-ZFOSD,Two year,64,81.3,No,1.3,Low,False
6568-POCUI,Two year,45,95.2,No,4.5,Low,True
7890-VYYWG,Month-to-month,3,36.45,Yes,73.9,High,False
5197-LQXXH,Two year,71,83.3,No,1.9,Low,False
9907-SWKKF,Month-to-month,1,25.05,Yes,65.6,High,True
3457-PQBYH,Two year,58,20.3,No,1.3,Low,False
7682-AZNDK,Month-to-month,34,89.85,No,33.6,Medium,False
0587-DMGBH,Month-to-month,8,49.85,Yes,29.5,Low,False
5384-ZTTWP,Month-to-month,15,19.8,No,9.2,Low,False
3745-HRPHI,Two year,66,54.65,No,2.3,Low,False
7636-OWBPG,Month-to-month,12,29.35,No,31.1,Medium,False
1231-YNDEK,Two year,58,19.15,No,1.5,Low,False
1407-DIGZV,Two year,3,19.1,No,1.0,Low,False
6397-JNZZG,Month-to-month,43,55.55,Yes,36.1,Medium,False
0570-BFQHT,Month-to-month,9,80.55,No,42.2,Medium,False
4393-OBCRR,One year,3,20.25,No,5.4,Low,False
3523-QRQLL,One year,22,69.5,Yes,12.8,Low,True
8564-LDKFL,One year,40,106.0,No,41.3,Medium,False
3696-DFHHB,Two year,68,25.5,No,0.7,Low,False
0895-DQHEW,Month-to-month,54,104.3,Yes,57.7,Medium,False
4717-GHADL,Two year,50,79.6,No,2.4,Low,True
5501-TVMGM,Month-to-month,1,55.25,No,77.6,High,True
5879-HMFFH,Two year,72,88.05,No,0.5,Low,False
6772-WFQRD,One year,40,20.4,No,2.0,Low,False
3810-DVDQQ,Two year,72,117.6,No,1.4,Low,False
6972-SNKKW,Month-to-month,6,20.0,No,10.4,Low,False
3694-GLTJM,Month-to-month,5,19.65,No,13.3,Low,True
8550-XSXUQ,One year,48,70.55,No,10.4,Low,False
8149-RSOUN,Month-to-month,1,93.85,Yes,92.6,High,False
9055-MOJJJ,One year,64,65.8,No,1.9,Low,False
4359-INNWN,One year,17,20.05,No,2.4,Low,True
0585-EGDDA,Month-to-month,40,80.0,No,43.1,Medium,False
4032-RMHCI,One year,41,35.4,No,4.7,Low,False
0549-CYCQN,One year,51,79.6,No,14.2,Low,False
3481-JHUZH,Month-to-month,41,80.25,No,43.0,Medium,False
7250-EQKIY,Month-to-month,1,50.45,Yes,50.9,Medium,True
3594-IVHJZ,Month-to-month,2,20.45,No,14.0,Low,True
6869-FGJJC,One year,68,79.6,No,8.8,Low,False
3896-ZVNET,Two year,24,24.7,No,1.3,Low,False
8205-VSLRB,Two year,70,77.3,No,3.4,Low,False
5960-MVTUK,Month-to-month,3,29.75,No,50.8,Medium,False
6817-WTYHE,Month-to-month,2,44.9,No,35.7,Medium,False
3082-VQXNH,Month-to-month,3,29.8,No,38.0,Medium,False
4013-UBXWQ,Month-to-month,7,74.65,Yes,50.0,Medium,False
4931-TRZWN,Month-to-month,13,71.95,No,30.5,Medium,False
0750-EKNGL,Month-to-month,7,20.75,No,7.9,Low,False
7669-LCRSD,Month-to-month,12,56.3,No,23.1,Low,True
3567-PQTSO,One year,53,105.25,No,33.1,Medium,True
5519-NPHVG,Month-to-month,12,94.2,Yes,82.3,High,False
8043-PNYSD,Two year,63,19.55,No,1.1,Low,False
9938-EKRGF,Month-to-month,15,84.45,No,10.9,Low,False
2703-AMTUL,One year,36,53.65,No,3.1,Low,False
0928-JMXNP,Month-to-month,4,29.9,No,67.3,High,False
8173-RXAYP,Two year,24,19.7,No,1.5,Low,True
4825-XJGDM,One year,61,43.7,No,3.2,Low,False
5402-HTOTQ,Month-to-month,16,55.3,No,33.7,Medium,True
6734-JDTTV,Two year,65,19.85,No,0.9,Low,False
7850-THJMU,Two year,26,19.65,No,0.9,Low,False
3890-RTCMS,Month-to-month,16,49.45,No,18.2,Low,False
8849-GYOKR,One year,54,106.55,Yes,14.7,Low,True
3148-BLQJT,Month-to-month,1,20.1,Yes,41.9,Medium,False
3717-FDJFU,Two year,5,20.45,No,1.6,Low,True
3665-JATSN,Month-to-month,19,39.7,No,50.2,Medium,False
7966-YOTQW,Month-to-month,10,54.5,No,21.9,Low,False
0461-CVKMU,Month-to-month,23,83.8,Yes,27.7,Low,False
8806-EAGWC,Month-to-month,3,55.15,Yes,44.6,Medium,False
8853-TZDGH,Two year,72,111.6,No,2.0,Low,False
7779-LGOVN,Month-to-month,10,86.65,Yes,77.5,High,False
4324-BZCKL,Month-to-month,10,55.55,No,20.2,Low,False
6924-TDGMT,One year,11,20.55,No,3.4,Low,False
9710-ZUSHQ,Month-to-month,37,106.75,Yes,33.5,Medium,True
1536-YHDOE,One year,17,62.1,No,7.6,Low,False
8123-QBNAZ,Month-to-month,36,104.5,No,33.7,Medium,False
3629-ZNKXA,Month-to-month,17,101.8,No,60.7,High,False
4827-LTQRJ,One year,66,110.6,No,8.7,Low,False
7711-YIJWC,One year,61,84.9,No,3.9,Low,False
5482-VXSXJ,Month-to-month,22,93.2,No,38.3,Medium,False
7365-BVCJH,Month-to-month,1,24.4,No,70.8,High,False
9620-ENEJV,Month-to-month,6,70.55,No,45.7,Medium,False
4183-WCSEP,Month-to-month,31,78.45,Yes,39.6,Medium,False
2378-YIZKA,Two year,68,85.0,No,1.4,Low,False
5498-TXHLF,Month-to-month,34,87.45,Yes,42.5,Medium,False
0689-DSXGL,Month-to-month,52,85.8,No,11.8,Low,False
6818-DJXAA,Month-to-month,10,91.1,No,54.7,Medium,False
9722-UJOJR,Month-to-month,29,70.75,Yes,31.3,Medium,False
0464-WJTKO,Two year,72,20.1,No,0.5,Low,False
8902-ZEOVF,One year,47,20.05,No,1.9,Low,False
6778-EICRF,One year,24,74.8,No,6.4,Low,False
2662-NNTDK,One year,65,24.8,No,1.8,Low,False
4132-KALRO,Month-to-month,4,100.85,No,81.9,High,False
3902-FOIGH,Month-to-month,12,101.35,Yes,80.7,High,False
6772-KSATR,Month-to-month,1,81.7,Yes,79.0,High,False
7112-OPOTK,Month-to-month,33,68.25,Yes,27.5,Low,False
2874-YXVVA,Month-to-month,34,105.1,No,33.5,Medium,False
1245-HARPS,Two year,14,20.4,No,1.2,Low,False
4210-QFJMF,Month-to-month,4,79.15,Yes,71.4,High,False
4323-ELYYB,One year,13,20.0,No,2.7,Low,False
4293-ETKAP,Two year,65,79.4,No,3.7,Low,False
6064-PUPMC,One year,23,57.2,No,3.5,Low,False
6504-VBLFL,Two year,55,58.6,No,3.4,Low,False
6322-PJJDJ,Two year,49,94.8,No,10.6,Low,False
0330-BGYZE,One year,60,102.5,No,17.8,Low,False
1085-LDWAM,One year,69,20.35,No,1.2,Low,True
7586-ZATGZ,Month-to-month,40,84.9,No,51.8,Medium,False
7197-VOJMM,Two year,67,69.2,No,1.6,Low,False
3318-OSATS,Month-to-month,35,95.45,Yes,53.8,Medium,False
5828-AVIPD,One year,19,100.95,Yes,44.2,Medium,True
1843-TLSGD,Two year,13,20.85,No,1.3,Low,False
9626-VFRGG,Month-to-month,41,88.5,No,29.9,Low,False
7075-BNDVQ,Month-to-month,4,35.0,No,30.6,Medium,False
9143-CANJF,Month-to-month,24,55.15,No,13.6,Low,True
7284-BUYEC,Month-to-month,5,50.95,No,44.7,Medium,False
2041-JIJCI,Month-to-month,5,64.0,No,53.9,Medium,True
1086-LXKFY,Month-to-month,1,69.1,Yes,80.7,High,False
4900-MSOMT,Two year,72,80.2,No,0.4,Low,False
2229-VWQJH,Month-to-month,24,49.3,No,13.5,Low,False
9194-GFVOI,Two year,42,84.35,No,2.3,Low,False
1336-EZFZY,Month-to-month,4,20.05,No,10.7,Low,False
4282-MSACW,One year,68,117.2,No,24.5,Low,False
1403-LKLIK,One year,33,20.1,No,2.1,Low,False
2636-ALXXZ,Month-to-month,1,69.6,Yes,88.4,High,False
7774-OJSXI,One year,31,103.45,Yes,40.9,Medium,False
7786-WBJYI,Month-to-month,4,77.95,Yes,62.5,High,False
0136-IFMYD,Two year,69,109.95,No,34.8,Medium,False
5144-TVGLP,Month-to-month,38,94.75,No,46.5,Medium,True
9643-AVVWI,Month-to-month,3,80.0,No,61.3,High,True
0253-ZTEOB,Two year,48,79.65,No,3.2,Low,False
2706-QZIHY,Two year,15,25.2,No,2.3,Low,False
6061-PQHMK,One year,25,19.9,No,1.8,Low,False
9885-CSMWE,Month-to-month,1,78.45,Yes,88.1,High,False
6137-MFAJN,Month-to-month,48,44.8,No,20.2,Low,False
9122-UMROB,Month-to-month,1,20.3,No,29.7,Low,True
4232-JGKIY,Month-to-month,1,19.2,No,16.7,Low,False
2402-TAIRZ,One year,37,80.05,No,13.0,Low,False
9659-ZTWSM,One year,66,107.35,No,28.0,Low,False
9139-TWBAS,One year,26,47.85,No,9.2,Low,False
6685-GBWJZ,One year,63,70.8,No,2.5,Low,True
5016-ETTFF,Month-to-month,10,29.5,Yes,26.2,Low,False
3866-MDTUB,Month-to-month,2,70.75,Yes,45.8,Medium,False
2195-VVRJF,Month-to-month,18,59.1,No,19.3,Low,True
3913-RDSJZ,Two year,64,25.55,No,0.7,Low,False
8058-JMEQO,Month-to-month,9,84.45,Yes,78.8,High,False
4203-QGNZA,Month-to-month,28,20.25,No,3.7,Low,False
5043-TRZWM,Month-to-month,1,75.55,No,74.0,High,False
0697-ZMSWS,Month-to-month,4,85.65,Yes,83.3,High,False
7657-DYEPJ,One year,38,70.15,Yes,8.4,Low,False
9494-BDNNC,One year,66,95.3,No,17.8,Low,False
1640-PLFMP,Month-to-month,1,70.25,No,78.9,High,False
5366-OBVMR,Month-to-month,18,50.3,No,17.5,Low,False
8276-MQBYC,Month-to-month,51,97.8,Yes,63.1,High,False
7644-OMVMY,Two year,0,19.85,No,5.4,Low,False
7593-XFKDI,Month-to-month,1,46.3,Yes,48.8,Medium,False
4573-JKNAE,Two year,12,19.35,No,1.7,Low,False
0337-CNPZE,Month-to-month,41,106.3,Yes,61.9,High,False
9817-APLHW,Month-to-month,12,25.0,No,14.9,Low,False
8380-MQINP,Two year,55,20.3,No,1.3,Low,False
0840-DFEZH,Month-to-month,7,75.35,No,68.2,High,False
1513-XNPPH,Month-to-month,12,89.4,Yes,56.2,Medium,False
8690-ZVLCL,Two year,68,88.0,No,1.6,Low,False
6015-VVHHE,Month-to-month,5,83.15,Yes,78.3,High,False
1125-SNVCK,Month-to-month,49,43.8,No,9.2,Low,False
0384-LPITE,One year,40,62.05,No,14.3,Low,False
4616-EWBNJ,One year,16,20.1,No,3.0,Low,False
6347-DCUIK,Month-to-month,10,74.15,Yes,59.8,Medium,False
1335-HQMKX,One year,72,101.35,No,13.3,Low,False
2545-EBUPK,Month-to-month,2,84.05,No,85.6,High,True
6923-AQONU,Two year,23,20.9,No,1.0,Low,False
2172-EJXVF,One year,71,105.9,No,19.7,Low,False
0897-FEGMU,Month-to-month,11,99.5,Yes,89.2,High,False
7663-RGWBC,Month-to-month,1,44.15,Yes,52.6,Medium,True
1120-BMWUB,Month-to-month,16,53.9,Yes,18.0,Low,False
9124-LHCJQ,Month-to-month,1,85.45,Yes,88.7,High,False
4536-PLEQY,Month-to-month,12,85.05,No,51.5,Medium,False
7029-IJEJK,One year,54,44.1,No,8.8,Low,False
8871-JLMHM,Two year,68,90.2,No,2.7,Low,False
2235-ZGKPT,Month-to-month,4,50.85,Yes,33.0,Medium,False
3891-PUQOD,Month-to-month,1,59.2,Yes,65.6,High,True
5447-VYTKW,Month-to-month,27,53.45,No,6.7,Low,False
3623-FQBOX,Month-to-month,21,19.95,No,8.5,Low,True
0689-NKYLF,Month-to-month,13,83.2,Yes,64.2,High,False
8659-HDIYE,Month-to-month,64,74.65,No,7.5,Low,False
3658-KIBGF,Month-to-month,1,54.9,Yes,65.5,High,True
3474-BAFSJ,Two year,57,57.5,No,3.4,Low,False
5519-YLDGW,Month-to-month,21,103.9,Yes,77.4,High,False
3865-ZFZIB,Two year,19,19.65,No,1.8,Low,True
1855-AGAWH,One year,31,93.8,No,29.5,Low,False
7109-CQYUZ,Two year,52,89.25,No,1.4,Low,False
1370-GGAWX,One year,46,94.15,No,25.7,Low,True
4680-KUTAJ,Month-to-month,11,55.6,No,32.3,Medium,False
5307-UVGNB,Month-to-month,53,48.7,No,18.7,Low,False
4946-EDSEW,Month-to-month,11,19.25,Yes,6.4,Low,True
2883-ILGWO,Month-to-month,57,104.9,No,34.7,Medium,False
2516-VQRRV,Month-to-month,2,75.45,Yes,75.3,High,False
7580-UGXNC,Month-to-month,2,54.85,Yes,39.6,Medium,False
3642-BYHDO,Two year,71,19.9,No,0.7,Low,True
9629-NHXFW,Month-to-month,1,19.4,No,43.8,Medium,True
2696-RZVZW,Two year,68,25.05,No,0.9,Low,True
5766-FTRTS,Two year,72,84.45,No,0.5,Low,False
0396-HUJBP,Month-to-month,2,19.3,No,9.3,Low,False
5178-LMXOP,Month-to-month,1,95.1,Yes,93.7,High,True
8879-ZKJOF,One year,41,79.85,No,8.1,Low,False
6285-FTQBF,Two year,72,25.55,No,0.5,Low,False
8185-UPYBR,Month-to-month,6,75.5,Yes,71.1,High,False
4585-HETAI,Month-to-month,4,73.75,Yes,68.5,High,False
7526-BEZQB,Month-to-month,12,96.05,Yes,84.9,High,False
1474-JUWSM,One year,58,68.4,No,6.1,Low,False
3530-CRZSB,Month-to-month,7,20.65,No,7.9,Low,False
8498-XXGWA,Month-to-month,65,55.15,No,7.4,Low,False
9617-INGJY,Month-to-month,1,70.6,No,74.9,High,False
0621-TSSMU,One year,56,19.95,No,3.2,Low,False
7234-KMNRQ,Month-to-month,4,19.0,No,5.1,Low,False
7636-PEPNS,One year,58,44.1,No,5.8,Low,True
4683-WYDOU,Two year,62,107.6,No,25.6,Low,False
9052-DHNKM,One year,26,61.55,No,4.9,Low,True
6794-HKIAJ,Month-to-month,62,90.7,No,7.6,Low,False
5578-NKCXI,One year,58,99.25,No,11.8,Low,False
1642-HMARX,Two year,68,91.7,No,3.6,Low,False
3096-WPXBT,One year,61,100.7,No,10.1,Low,True
8434-PNQZX,Two year,42,78.45,No,3.9,Low,False
5950-AAAGJ,Month-to-month,18,84.3,No,38.7,Medium,False
4299-OPXEJ,Two year,56,19.55,No,3.2,Low,True
4951-UKAAQ,Month-to-month,4,88.95,Yes,80.3,High,False
9618-LFJRU,Month-to-month,4,20.45,No,9.3,Low,False
6693-DJWTY,One year,35,55.6,No,2.8,Low,False
0744-GKNGE,Month-to-month,64,86.8,No,7.6,Low,False
6447-EGDIV,One year,31,20.95,No,2.4,Low,False
1167-OYZJF,Two year,67,20.05,No,1.4,Low,False
2108-YKQTY,Month-to-month,4,50.7,Yes,28.0,Low,True
4806-DXQCE,Two year,70,113.65,No,12.8,Low,False
4918-QLLIW,Month-to-month,3,53.4,Yes,37.3,Medium,False
7056-IMHCC,Month-to-month,53,101.9,Yes,58.7,Medium,True
4854-SSLTN,Two year,2,59.5,No,3.0,Low,False
5294-DMSFH,Month-to-month,29,87.8,No,40.3,Medium,False
4837-PZTIC,Two year,47,41.9,No,1.4,Low,False
1625-JAIIY,One year,68,83.0,Yes,20.1,Low,False
0603-OLQDC,Month-to-month,12,69.85,No,18.9,Low,False
3272-VUHPV,Month-to-month,8,56.3,No,13.7,Low,False
4176-FXYBO,Month-to-month,54,109.55,No,37.2,Medium,False
1063-DHQJF,Two year,69,92.15,No,1.9,Low,True
8663-UPDGF,Month-to-month,26,69.5,No,10.3,Low,False
6719-FGEDO,Two year,72,97.0,No,0.6,Low,False
1837-YQUCE,Two year,70,58.35,No,1.8,Low,False
2947-DOMLJ,Month-to-month,1,50.6,Yes,37.2,Medium,False
4112-LUEIZ,Month-to-month,10,89.5,Yes,69.3,High,False
0369-ZGOVK,One year,28,70.4,No,8.4,Low,False
4510-HIMLV,Month-to-month,1,69.8,Yes,84.0,High,False
9919-KNPOO,Month-to-month,21,94.3,No,69.5,High,False
8749-JMNKX,Month-to-month,51,93.8,Yes,31.0,Medium,False
7872-BAAZR,One year,53,19.55,No,3.3,Low,False
9391-LMANN,One year,53,95.95,No,9.4,Low,False
2430-USGXP,Month-to-month,24,101.05,Yes,76.4,High,False
8174-TBVCF,Two year,70,94.8,No,2.3,Low,False
1698-XFZCI,One year,61,107.75,No,18.4,Low,False
1877-HKBQX,One year,11,54.6,No,7.2,Low,False
4450-DLLMH,Month-to-month,2,71.3,No,58.5,Medium,False
0428-AXXLJ,One year,25,19.5,No,3.1,Low,False
2746-DIJLO,One year,41,56.3,No,9.6,Low,True
5955-ERIHD,Month-to-month,18,94.7,Yes,68.0,High,False
0917-EZOLA,Two year,72,104.15,Yes,15.9,Low,False
3508-VLHCZ,Two year,71,90.55,No,0.8,Low,True
4086-ATNFV,One year,34,60.8,No,3.2,Low,True
0468-YRPXN,Month-to-month,29,98.8,No,45.8,Medium,False
5996-NRVXR,One year,40,98.15,No,14.9,Low,False
3739-YBWAB,One year,36,35.35,No,4.8,Low,False
7047-FWEYA,One year,46,103.15,No,28.6,Low,False
2000-MPKCA,One year,58,107.75,No,25.3,Low,False
9762-YAQAA,One year,39,81.4,No,13.3,Low,False
5949-EBSQK,Month-to-month,4,61.45,Yes,22.7,Low,True
5473-KHBPS,One year,52,95.7,No,12.2,Low,True
0100-DUVFC,One year,70,104.8,No,38.1,Medium,False
5397-TUPSH,One year,65,70.95,No,7.5,Low,False
8950-MTZNV,Month-to-month,1,44.95,No,54.6,Medium,False
0326-VDYXE,One year,70,97.65,No,34.8,Medium,False
6773-LQTVT,Month-to-month,29,35.65,No,25.9,Low,True
7274-RTAPZ,Month-to-month,1,90.55,Yes,86.4,High,False
0436-TWFFZ,Two year,67,85.25,No,2.5,Low,False
8566-YPRGL,Month-to-month,1,19.5,No,41.8,Medium,False
0311-UNPFF,Month-to-month,26,88.8,Yes,40.0,Medium,False
6609-MXJHJ,Two year,30,25.1,No,1.5,Low,False
2669-OIDSD,Month-to-month,48,100.05,No,30.7,Medium,False
8400-WZICQ,Month-to-month,55,55.7,No,11.2,Low,True
3834-XUIFC,Month-to-month,7,85.2,Yes,77.8,High,False
9576-SYUHJ,Month-to-month,37,91.15,No,31.2,Medium,True
0410-IPFTY,Month-to-month,31,83.85,No,38.7,Medium,True
2831-EBWRN,Month-to-month,4,45.9,No,53.8,Medium,False
9430-NKQLY,Two year,72,25.1,No,0.5,Low,True
8414-MYSHR,Month-to-month,5,91.4,Yes,77.1,High,False
0247-SLUJI,Month-to-month,1,19.7,No,33.3,Medium,False
9402-ORRAH,Month-to-month,15,91.5,No,56.2,Medium,False
6483-OATDN,Month-to-month,8,51.3,No,17.9,Low,True
1293-HHSHJ,One year,35,21.1,No,2.2,Low,False
4840-ORQXB,Month-to-month,56,104.75,No,39.7,Medium,True
7599-FKVXZ,Month-to-month,42,106.15,Yes,55.7,Medium,False
3982-DQLUS,Month-to-month,65,85.75,No,16.4,Low,False
8610-ZIKJJ,One year,2,20.3,No,6.8,Low,False
3756-VNWDH,One year,65,100.75,No,22.8,Low,True
7801-KICAO,Month-to-month,18,74.15,No,56.8,Medium,False
7673-LPRNY,One year,23,78.55,No,14.8,Low,False
8229-TNIQA,Month-to-month,4,45.3,Yes,41.2,Medium,False
6060-QBMGV,Two year,70,19.85,No,0.7,Low,False
7339-POGZN,Month-to-month,4,50.7,No,45.9,Medium,False
2828-SLQPF,Month-to-month,19,45.0,No,20.3,Low,True
4465-VDKIQ,Month-to-month,18,77.8,No,30.6,Medium,False
2921-XWDJH,Month-to-month,38,83.45,No,44.0,Medium,False
6221-AVQYL,Month-to-month,2,73.25,Yes,68.2,High,False
2558-BUOZZ,One year,47,94.8,No,8.8,Low,False
9257-AZMTZ,Two year,52,20.1,No,1.5,Low,False
0003-MKNFE,Month-to-month,9,59.9,No,24.9,Low,False
0975-UYDTX,One year,26,90.1,No,9.3,Low,False
7743-EXURX,Month-to-month,8,51.05,Yes,37.5,Medium,False
4682-BLBUC,One year,44,70.95,No,10.1,Low,False
0975-VOOVL,Month-to-month,3,29.2,No,34.6,Medium,False
5968-VXZLG,Month-to-month,2,46.6,No,47.6,Medium,False
5569-KGJHX,Month-to-month,9,85.35,Yes,66.2,High,False
4988-IQIGL,Month-to-month,1,75.35,Yes,89.0,High,False
5201-FRKKS,Month-to-month,25,74.3,No,17.6,Low,False
9799-CAYJJ,Month-to-month,2,69.3,No,65.0,High,False
7730-IUTDZ,Month-to-month,43,75.2,Yes,33.0,Medium,False
0426-TIRNE,Month-to-month,1,20.9,Yes,41.3,Medium,False
5443-SCMKX,One year,58,94.3,No,23.9,Low,False
8295-KMENE,Two year,59,76.45,No,1.0,Low,False
6738-ISCBM,One year,44,54.0,No,27.1,Low,False
9821-BESNZ,One year,66,104.25,No,34.9,Medium,False
3678-MNGZX,Two year,68,19.95,No,0.9,Low,False
1335-NTIUC,Month-to-month,9,24.95,No,45.8,Medium,True
2916-BQZLN,Month-to-month,19,84.75,No,46.4,Medium,False
4558-CGYCZ,Month-to-month,4,19.75,No,16.8,Low,False
2368-GAKKQ,Two year,70,113.65,No,4.7,Low,True
8710-YGLWG,Month-to-month,1,44.9,No,54.6,Medium,False
3199-XGZCY,Month-to-month,8,75.25,No,69.6,High,True
3785-KTYSH,Two year,53,24.6,No,1.5,Low,False
6814-ZPWFQ,One year,51,25.0,No,3.2,Low,True
4063-EIKNQ,Month-to-month,11,20.95,No,7.1,Low,False
6993-YCOBK,Two year,60,110.6,No,8.4,Low,True
5206-HPJKM,Month-to-month,17,55.5,No,15.2,Low,False
7587-RZNME,Month-to-month,3,43.3,Yes,50.8,Medium,True
0748-RDGGM,One year,70,109.5,Yes,30.1,Medium,False
8393-JMVMB,Month-to-month,1,19.45,No,33.6,Medium,False
5019-GQVCR,Month-to-month,43,84.85,No,54.2,Medium,False
6036-TTFYU,Month-to-month,16,19.6,No,9.5,Low,False
2550-AEVRU,One year,57,53.45,No,5.3,Low,False
0969-RGKCU,One year,37,19.8,No,2.0,Low,False
0378-CJKPV,Two year,72,112.1,No,0.8,Low,False
4706-AXVKM,Month-to-month,11,84.8,Yes,72.7,High,True
5889-JTMUL,Month-to-month,50,95.05,Yes,44.1,Medium,True
9026-RNUJS,Month-to-month,5,50.35,Yes,41.6,Medium,False
3746-EUBYR,Month-to-month,1,74.6,Yes,83.1,High,False
2332-EFBJY,Month-to-month,16,19.7,Yes,12.3,Low,False
2880-FPNAE,Month-to-month,2,74.2,No,65.9,High,False
1703-MGIAB,Month-to-month,17,69.0,No,23.8,Low,False
4311-QTTAI,One year,16,19.35,No,2.4,Low,False
9474-PHLYD,Month-to-month,15,59.45,Yes,33.2,Medium,False
4318-RAJVY,One year,10,19.8,No,5.1,Low,False
2165-VOEGB,One year,46,105.2,Yes,11.8,Low,True
3612-YUNGG,Two year,64,109.2,No,7.2,Low,False
2254-DLXRI,Month-to-month,1,79.15,No,88.0,High,True
5062-CJJKH,One year,25,53.65,No,4.1,Low,True
9028-LIHRP,Two year,71,100.2,No,1.4,Low,False
2219-MVUSO,Month-to-month,8,45.15,Yes,26.0,Low,False
1053-MXTTK,Two year,72,108.65,No,2.0,Low,False
1530-ZTDOZ,Month-to-month,49,40.65,No,15.1,Low,True
1301-LOPVR,One year,29,55.35,No,6.4,Low,False
0853-TWRVK,Two year,72,105.6,No,2.8,Low,False
8914-RBTSB,Month-to-month,31,93.8,Yes,35.8,Medium,True
6212-ATMLK,Month-to-month,50,95.7,No,47.8,Medium,False
8200-LGKSR,Two year,71,83.2,No,2.6,Low,False
1568-BEKZM,Two year,70,90.05,No,2.4,Low,True
0670-ANMUU,One year,71,97.65,No,5.3,Low,False
6897-RWMUB,Two year,61,68.05,No,0.7,Low,False
0963-ZBDRN,Month-to-month,32,96.2,Yes,39.2,Medium,True
7594-RQHXR,Month-to-month,1,79.6,Yes,87.4,High,False
6999-CHVCF,Two year,68,102.1,No,8.4,Low,False
6134-KWTBV,Two year,62,23.4,No,1.1,Low,True
1077-HUUJM,Month-to-month,7,71.05,No,55.9,Medium,True
6331-EWIEB,Month-to-month,20,85.25,Yes,62.8,High,False
0895-LNKRC,One year,6,19.45,No,3.8,Low,False
2045-BMBTJ,Month-to-month,33,59.45,No,18.8,Low,False
8417-GSODA,One year,28,92.2,No,22.2,Low,False
5171-EPLKN,Two year,27,19.85,No,1.0,Low,False
4452-QIIEB,Month-to-month,7,43.9,No,18.9,Low,False
5998-VVEJY,Month-to-month,26,80.5,Yes,41.2,Medium,False
1624-NALOJ,Month-to-month,5,89.8,Yes,82.2,High,False
6741-EGCBI,Month-to-month,30,90.5,No,33.6,Medium,False
7820-ZYGNY,One year,63,90.45,No,10.0,Low,False
4317-VTEOA,Month-to-month,1,50.75,Yes,68.9,High,True
9677-AVKED,One year,53,84.6,No,11.9,Low,False
1670-SVOWZ,Month-to-month,14,89.65,Yes,44.0,Medium,False
2227-JRSJX,Month-to-month,21,99.15,No,41.9,Medium,True
9847-HNVGP,One year,17,19.95,No,2.6,Low,False
6696-YDAYZ,Two year,16,20.5,No,1.1,Low,False
8980-WQFWL,Month-to-month,35,62.1,No,16.8,Low,False
1730-ZMAME,Month-to-month,32,79.5,No,50.5,Medium,False
6506-EYCNH,Month-to-month,28,19.55,No,7.5,Low,False
4634-JLRJT,Month-to-month,1,20.35,No,38.1,Medium,False
9501-UKKNL,Month-to-month,59,51.7,No,26.1,Low,False
2560-QTSBS,One year,72,23.3,No,0.9,Low,False
7541-YLXCL,One year,36,65.4,Yes,8.9,Low,False
4795-WRNVT,Month-to-month,40,65.1,No,9.3,Low,False
6080-TCMYC,Month-to-month,40,81.2,No,43.4,Medium,True
0260-ZDLGK,Month-to-month,9,72.9,Yes,22.6,Low,False
7860-UXCRM,Two year,63,74.5,No,0.7,Low,False
6357-JJPQT,Month-to-month,3,80.5,No,65.9,High,False
2292-XQWSV,One year,40,60.3,No,13.8,Low,False
9552-TGUZV,Month-to-month,8,75.0,No,47.6,Medium,False
5913-INRQV,One year,34,90.15,No,9.9,Low,False
8722-NGNBH,Month-to-month,5,40.0,Yes,25.7,Low,False
6210-KBBPI,Month-to-month,9,99.45,Yes,85.6,High,False
9643-YBLUR,Month-to-month,9,69.05,No,34.2,Medium,False
8734-FNWVH,Month-to-month,31,59.7,No,8.8,Low,False
9447-YPTBX,One year,50,19.85,No,3.2,Low,False
0133-BMFZO,Month-to-month,2,86.25,Yes,48.5,Medium,False
6128-CZOMY,Month-to-month,1,45.65,Yes,70.1,High,False
9540-JYROE,Month-to-month,8,70.1,Yes,47.2,Medium,False
9026-LHEVG,Month-to-month,9,40.75,No,36.2,Medium,False
2260-USTRB,Month-to-month,2,70.2,Yes,67.2,High,False
3656-TKRVZ,Month-to-month,3,55.35,Yes,36.8,Medium,False
7011-CVEUC,Month-to-month,25,95.7,No,37.9,Medium,False
6185-TASNN,Month-to-month,1,46.3,No,68.0,High,False
7925-PNRGI,Month-to-month,45,81.3,No,5.9,Low,False
8623-TMRBY,Month-to-month,51,84.2,Yes,43.6,Medium,False
1552-CZCLL,Month-to-month,55,20.0,No,7.3,Low,False
3038-PQIUY,Month-to-month,38,66.15,No,11.2,Low,False
1501-SGHBW,Month-to-month,2,45.85,Yes,46.2,Medium,False
9313-CDOGY,Month-to-month,38,19.6,No,9.9,Low,True
8148-BPLZQ,Month-to-month,34,49.8,No,15.2,Low,False
2623-DRYAM,One year,70,101.75,No,30.9,Medium,False
9987-LUTYD,One year,13,55.15,No,6.3,Low,False
3208-YPIOE,Month-to-month,39,75.25,Yes,38.3,Medium,False
4488-KQFDT,One year,61,103.95,No,29.3,Low,False
2612-RANWT,Month-to-month,12,100.15,Yes,85.9,High,False
5693-PIPCS,Two year,41,99.65,No,6.2,Low,False
0491-KAPQG,Month-to-month,21,73.7,No,55.8,Medium,False
1925-LFCZZ,One year,55,50.05,No,22.5,Low,False
8039-EQPIM,Two year,69,60.25,No,2.3,Low,False
6900-PXRMS,Month-to-month,26,105.75,Yes,58.7,Medium,False
8707-RMEZH,One year,69,87.3,No,8.5,Low,False
3346-BRMIS,Month-to-month,18,48.35,Yes,68.6,High,False
3209-ZPKFI,Month-to-month,47,54.25,No,18.7,Low,False
6479-VDGRK,Two year,72,85.3,No,0.4,Low,False
9373-WSLOY,Month-to-month,33,50.0,No,22.8,Low,False
2933-FILNV,Month-to-month,2,24.4,Yes,46.9,Medium,False
3569-JFODW,Two year,72,90.95,No,0.4,Low,False
9819-FBNSV,Month-to-month,37,72.25,No,35.1,Medium,True
9544-PYPSJ,Month-to-month,62,96.1,No,18.6,Low,True
1591-XWLGB,Two year,71,19.85,No,0.6,Low,False
0396-UKGAI,Month-to-month,23,55.3,No,10.8,Low,False
3243-ZHOHY,One year,16,20.1,No,2.9,Low,False
5186-EJEGL,Month-to-month,9,69.5,No,17.3,Low,True
7527-QNRUS,Two year,17,25.15,No,1.9,Low,False
9986-BONCE,Month-to-month,4,20.95,Yes,12.0,Low,True
2722-JMONI,Month-to-month,1,49.55,Yes,69.9,High,False
2203-GHNWN,Month-to-month,24,79.65,No,34.6,Medium,True
3878-AVSOQ,Month-to-month,1,71.25,No,83.9,High,False
3258-SYSWS,Two year,72,113.8,No,1.8,Low,False
5296-PSYVW,Two year,72,24.55,No,1.3,Low,False
6319-QSUSR,Month-to-month,11,19.7,No,7.0,Low,False
4083-EUGRJ,Month-to-month,9,20.25,Yes,7.8,Low,False
7579-OOPEC,Month-to-month,2,50.15,Yes,41.9,Medium,True
0512-FLFDW,One year,60,100.5,No,24.1,Low,False
1771-OADNZ,Month-to-month,29,95.9,Yes,58.3,Medium,False
0487-CRLZF,Two year,49,74.45,No,2.1,Low,False
2107-FBPTK,Month-to-month,30,104.1,No,56.2,Medium,False
9451-WLYRI,One year,53,19.05,No,0.9,Low,False
8219-VYBVI,Two year,39,25.0,No,1.1,Low,True
1991-VOPLL,Month-to-month,9,19.05,No,3.8,Low,False
9738-QLWTP,One year,39,81.9,No,14.1,Low,False
1016-DJTSV,Month-to-month,8,69.7,No,55.7,Medium,True
9419-IPPBE,One year,51,90.15,No,20.2,Low,False
0174-QRVVY,Two year,71,25.35,No,0.6,Low,True
5699-BNCAS,Two year,71,24.65,No,0.9,Low,False
2900-PHPLN,Two year,70,19.55,No,1.0,Low,False
0612-RTZZA,Month-to-month,1,25.25,Yes,70.5,High,False
8106-GWQOK,Two year,38,60.0,No,2.4,Low,False
8751-EDEKA,Month-to-month,28,89.9,No,27.3,Low,False
6878-GGDWG,Month-to-month,32,19.4,No,8.6,Low,False
4039-PIMHX,Two year,49,49.8,No,3.2,Low,True
8450-LUGUK,Two year,37,24.1,No,1.5,Low,False
3604-WLABM,Month-to-month,10,54.25,No,24.4,Low,True
0795-GMVQO,One year,67,109.9,No,20.5,Low,False
2259-OUUSZ,One year,7,35.5,No,13.8,Low,False
1142-IHLOO,One year,51,87.55,No,14.6,Low,False
6410-LEFEN,Month-to-month,9,45.15,Yes,27.9,Low,False
4633-MKHYU,Month-to-month,9,88.4,No,63.5,High,False
6257-RJOHI,Month-to-month,4,50.8,No,31.7,Medium,True
1545-JFUML,Two year,71,99.0,No,4.9,Low,True
3194-ORPIK,Month-to-month,50,84.4,Yes,34.2,Medium,False
7826-VVKWT,Two year,24,96.55,No,17.0,Low,False
1353-GHZOS,One year,22,59.75,No,6.5,Low,False
2587-EKXTS,Month-to-month,44,111.5,No,32.1,Medium,True
5442-BXVND,Month-to-month,33,24.25,No,6.6,Low,True
8816-VXNZD,Month-to-month,1,75.1,Yes,85.6,High,False
9378-FXTIZ,One year,54,70.15,Yes,12.3,Low,True
1723-HKXJQ,Month-to-month,42,101.75,Yes,62.9,High,False
7825-GKXMW,Month-to-month,1,45.8,Yes,58.3,Medium,False
9753-OYLBX,Month-to-month,1,20.5,No,38.4,Medium,False
2364-UFROM,One year,30,70.4,No,4.0,Low,False
6656-JWRQX,Month-to-month,1,30.55,No,36.0,Medium,False
6473-ULUHT,Month-to-month,16,84.9,No,17.4,Low,True
1240-KNSEZ,Month-to-month,1,20.1,Yes,48.9,Medium,True
0836-SEYLU,Month-to-month,9,40.65,Yes,32.9,Medium,False
4433-JCGCG,Month-to-month,46,101.0,Yes,63.2,High,False
3716-BDVDB,Month-to-month,1,69.1,Yes,84.5,High,True
7688-AWMDX,Two year,71,54.5,No,0.8,Low,False
2842-BCQGE,Month-to-month,43,75.35,No,35.3,Medium,False
7244-QWYHG,One year,50,44.45,No,5.2,Low,False
5899-MQZZL,Month-to-month,13,75.0,Yes,49.4,Medium,False
6849-OYAMU,One year,19,100.0,Yes,22.6,Low,False
5312-UXESG,Month-to-month,41,98.05,No,42.0,Medium,False
9488-HGMJH,Month-to-month,1,71.15,Yes,83.9,High,False
6038-GCYEC,Month-to-month,24,54.15,Yes,27.3,Low,False
2150-WLKUW,One year,40,63.9,No,6.0,Low,False
7159-FVYPK,Month-to-month,3,69.15,No,38.5,Medium,False
7032-LMBHI,One year,37,64.65,No,5.3,Low,True
1150-WFARN,Two year,67,108.75,Yes,12.1,Low,True
6088-BXMRG,Month-to-month,32,98.85,No,56.8,Medium,False
3144-AUDBS,Month-to-month,6,49.15,Yes,40.0,Medium,False
4821-SJHJV,Month-to-month,32,89.6,No,32.1,Medium,False
7346-MEDWM,Month-to-month,59,83.25,No,29.4,Low,False
1137-DGOWI,One year,30,70.25,No,5.8,Low,False
5616-PRTNT,Month-to-month,20,19.4,Yes,17.7,Low,False
3812-LRZIR,Two year,27,24.5,No,2.6,Low,True
4818-QIUFN,Month-to-month,20,79.15,Yes,52.2,Medium,True
9483-GCPWE,One year,9,20.1,No,3.4,Low,True
4227-OJHAL,One year,68,73.0,No,4.8,Low,True
9220-CXRSC,Two year,69,61.4,No,1.1,Low,False
4993-JCRGJ,Month-to-month,26,84.3,No,35.1,Medium,True
9537-JALFH,Two year,69,19.9,No,0.8,Low,True
6698-OXETB,Two year,11,20.4,No,1.2,Low,True
2103-ZRXFN,Month-to-month,1,50.75,No,54.8,Medium,False
3724-BSCVH,One year,10,20.45,No,2.3,Low,False
4877-TSOFF,One year,55,75.75,No,4.1,Low,True
9209-NWPGU,One year,44,65.4,No,5.8,Low,True
6961-VCPMC,Month-to-month,46,80.4,Yes,38.6,Medium,False
7306-YDSOI,Two year,69,59.75,No,1.3,Low,False
5288-AHOUP,Month-to-month,11,78.5,No,59.5,Medium,False
6688-UZPWD,Month-to-month,11,102.0,Yes,83.2,High,False
0655-YDGFJ,Month-to-month,29,48.95,No,7.0,Low,False
8468-EHYJA,Month-to-month,57,99.65,No,43.8,Medium,False
6823-SIDFQ,One year,28,18.25,No,0.5,Low,True
1097-FSPVW,Month-to-month,42,54.55,No,11.0,Low,True
2839-RFSQE,Month-to-month,2,20.65,Yes,12.4,Low,True
8328-SKJNO,One year,23,40.65,No,4.4,Low,False
7010-ZMVBF,Month-to-month,18,20.45,No,5.2,Low,True
5201-CBWYG,One year,62,24.8,No,1.7,Low,False
0968-GSIKN,Month-to-month,1,70.8,Yes,76.5,High,False
1965-DDBWU,Month-to-month,16,89.05,Yes,46.0,Medium,True
9057-SIHCH,Month-to-month,3,96.6,Yes,86.6,High,True
6352-GIGGQ,One year,67,88.8,No,7.8,Low,False
3635-QQRQD,Two year,62,20.05,No,1.5,Low,False
6771-XWBDM,Month-to-month,57,104.5,Yes,42.0,Medium,False
2897-DOVND,Month-to-month,2,69.8,No,59.7,Medium,False
3082-YVEKW,Two year,23,77.15,No,1.7,Low,False
0191-EQUUH,Two year,25,35.05,No,1.8,Low,False
7134-HBPBS,Two year,72,108.1,No,3.4,Low,False
3489-HHPFY,Month-to-month,2,84.05,No,81.4,High,False
2926-JEJJC,One year,8,20.2,No,4.2,Low,True
8601-QACRS,Month-to-month,5,50.6,Yes,43.4,Medium,True
4950-BDEUX,Month-to-month,35,49.2,No,23.7,Low,False
5789-LDFXO,One year,24,24.6,No,5.1,Low,False
0508-OOLTO,Month-to-month,2,71.65,No,60.3,High,False
2984-TBYKU,Two year,72,104.9,No,2.8,Low,False
9822-WMWVG,Month-to-month,41,106.5,No,37.7,Medium,True
2391-SOORI,Month-to-month,4,49.35,Yes,28.5,Low,True
9040-KZVWO,One year,26,75.5,No,6.2,Low,True
2645-QTLMB,Month-to-month,7,94.25,Yes,74.2,High,False
4806-HIPDW,Month-to-month,1,68.95,Yes,85.8,High,False
1548-ARAGG,Month-to-month,4,58.5,No,31.1,Medium,False
6339-RZCBJ,Two year,48,78.9,No,1.8,Low,False
4424-TKOPW,Month-to-month,2,93.85,Yes,87.4,High,False
4415-WNGVR,One year,12,79.2,No,21.8,Low,False
2522-AHJXR,Month-to-month,60,109.45,No,25.8,Low,True
0412-UCCNP,Two year,55,59.2,No,3.9,Low,False
1816-FLZDK,Month-to-month,1,29.15,No,34.6,Medium,True
7096-UCLNH,Month-to-month,1,20.05,No,39.6,Medium,False
8443-ZRDBZ,Month-to-month,4,76.05,Yes,74.4,High,True
9136-ALYBR,Month-to-month,1,24.45,Yes,61.0,High,False
4615-PIVVU,Two year,42,66.5,No,2.7,Low,False
8885-QSQBX,Month-to-month,1,49.55,No,33.7,Medium,False
7479-NITWS,Month-to-month,7,89.35,Yes,77.3,High,False
8617-ENBDS,Month-to-month,3,73.6,No,56.5,Medium,False
9385-NXKDA,Two year,72,82.65,No,0.8,Low,True
0430-IHCDJ,Month-to-month,15,49.0,No,49.2,Medium,True
2959-MJHIC,Month-to-month,4,80.35,Yes,71.0,High,True
6674-KVJHG,One year,11,25.2,No,5.8,Low,False
1814-DKOLC,Month-to-month,5,25.45,No,16.4,Low,False
4201-JMNGR,Month-to-month,1,55.8,Yes,71.7,High,False
9351-HXDMR,Two year,72,110.9,No,3.6,Low,True
3537-HPKQT,Month-to-month,55,77.75,No,26.1,Low,False
2129-ALKBS,Month-to-month,40,26.2,No,15.2,Low,True
5821-MMEIL,Two year,57,19.9,No,2.0,Low,False
5960-WPXQM,Month-to-month,1,79.05,Yes,88.0,High,False
0684-AOSIH,Month-to-month,1,95.0,Yes,81.5,High,False
8260-NGFNY,Month-to-month,1,25.2,Yes,49.2,Medium,False
1309-XGFSN,One year,52,80.85,No,18.1,Low,False
1866-RZZQS,Month-to-month,41,98.4,Yes,73.3,High,False
6968-URWQU,One year,43,56.35,No,10.5,Low,True
4742-TXUEX,Two year,47,19.3,No,1.0,Low,True
9631-XEYKE,Month-to-month,3,50.4,No,43.4,Medium,False
8631-NBHFZ,Two year,66,79.4,Yes,3.3,Low,False
1335-MXCSE,Two year,55,55.25,No,2.3,Low,False
8873-TMKGR,One year,29,19.1,No,0.7,Low,True
8800-JOOCF,Month-to-month,12,84.05,No,65.3,High,False
1469-LBJQJ,Month-to-month,66,105.2,No,43.4,Medium,False
4958-XCBDQ,Month-to-month,35,101.4,Yes,62.9,High,False
8337-UPOAQ,Month-to-month,10,89.8,Yes,77.6,High,False
0064-YIJGF,Month-to-month,27,75.75,No,25.3,Low,False
2386-OWURY,Month-to-month,58,95.3,No,26.1,Low,True
1725-IQNIY,Two year,54,109.75,Yes,17.1,Low,False
0310-VQXAM,Month-to-month,9,19.85,No,9.3,Low,False
6598-RFFVI,One year,2,19.3,Yes,3.5,Low,True
3453-RTHJQ,Month-to-month,6,69.1,No,58.3,Medium,False
6712-OAWRH,Month-to-month,26,91.25,Yes,63.6,High,True
6278-FEPBZ,Month-to-month,9,20.25,No,8.1,Low,False
4280-DLSHD,Month-to-month,8,54.75,No,25.5,Low,False
1508-DFXCU,Month-to-month,12,81.45,No,57.1,Medium,False
8614-VGMMV,Month-to-month,15,49.1,Yes,49.3,Medium,False
7868-BGSZA,One year,43,80.2,No,13.5,Low,False
2800-QQUSO,Month-to-month,42,100.3,No,55.7,Medium,True
2930-UOTMB,Month-to-month,31,65.25,Yes,5.2,Low,True
7973-DZRKH,Two year,66,90.95,No,2.5,Low,False
5914-DVBWJ,Month-to-month,18,85.45,Yes,59.4,Medium,False
7698-YFGEZ,Month-to-month,1,20.0,No,39.8,Medium,False
2533-QVMSK,Two year,61,94.1,Yes,6.5,Low,True
9773-PEQBZ,Month-to-month,10,79.85,No,50.2,Medium,False
8644-XLFBW,Month-to-month,1,71.65,Yes,83.5,High,False
0650-BWOZN,Month-to-month,18,73.55,No,47.8,Medium,False
8625-AZYZY,Month-to-month,24,104.65,Yes,71.5,High,False
7785-RDVIG,Month-to-month,3,19.3,No,10.9,Low,False
9602-WCXPI,One year,50,20.15,No,2.0,Low,False
2903-YYTBW,Month-to-month,1,44.55,No,53.1,Medium,False
3620-MWJNE,Month-to-month,2,54.45,No,29.5,Low,False
8573-JGCZW,One year,17,19.65,No,4.2,Low,True
6837-HAEVO,Two year,69,105.0,No,24.1,Low,False
6701-YVNQG,Two year,72,88.7,No,0.7,Low,True
9306-CPCBC,Month-to-month,3,74.25,Yes,73.7,High,False
4304-XUMGI,Two year,50,75.15,No,2.6,Low,False
9504-YAZWB,Two year,53,20.25,No,1.6,Low,False
8819-ZBYNA,Two year,58,109.1,No,15.2,Low,True
6174-NRBTZ,One year,46,30.75,No,5.7,Low,False
9481-IEBZY,Month-to-month,72,112.9,No,9.4,Low,False
1833-VGRUM,Month-to-month,1,74.2,Yes,88.2,High,False
6137-NICCO,Month-to-month,6,94.05,No,74.8,High,True
9065-ZCPQX,Two year,72,78.85,No,0.6,Low,False
6402-EJMWF,Month-to-month,4,55.3,No,46.1,Medium,True
3620-EHIMZ,Two year,52,19.35,No,1.9,Low,False
3213-VVOLG,Two year,0,25.35,No,5.9,Low,False
6870-ECSHE,One year,2,20.45,No,4.5,Low,False
8747-UDCOI,Two year,65,19.35,No,1.4,Low,False
8374-XGEJJ,Month-to-month,43,101.0,Yes,65.4,High,False
2656-TABEH,Month-to-month,4,100.2,Yes,87.5,High,False
6946-LMSQS,One year,25,89.05,Yes,28.2,Low,True
4626-OZDTJ,One year,51,78.65,No,9.0,Low,False
9169-BSVIN,Month-to-month,12,74.75,No,28.5,Low,False
2325-ZUSFD,One year,57,70.1,Yes,5.4,Low,True
8194-PEEBY,One year,24,19.9,No,2.2,Low,False
6872-HXFNF,One year,64,58.35,No,2.3,Low,True
3932-CMDTD,One year,4,105.65,Yes,55.4,Medium,True
7714-YXSMB,Month-to-month,26,100.5,No,57.2,Medium,False
8387-UGUSU,Month-to-month,15,20.05,No,7.0,Low,False
1080-BWSYE,Two year,64,25.65,No,1.1,Low,False
4039-HEUNW,Month-to-month,36,96.5,Yes,52.3,Medium,False
1194-HVAIF,Month-to-month,27,95.0,No,41.8,Medium,False
0812-WUPTB,Month-to-month,1,70.85,Yes,78.8,High,False
3594-UVONA,One year,35,85.95,Yes,9.0,Low,True
0004-TLHLJ,Month-to-month,4,73.9,Yes,64.0,High,True
1767-TGTKO,Month-to-month,8,45.45,No,37.8,Medium,False
8439-LTUGF,Month-to-month,10,20.0,No,8.6,Low,False
8805-JNRAZ,Month-to-month,2,49.2,No,36.4,Medium,True
5089-IFSDP,Two year,58,109.45,Yes,18.1,Low,False
6418-HNFED,Two year,51,83.25,No,1.5,Low,True
0206-OYVOC,Two year,46,19.25,No,0.9,Low,False
7291-CDTMJ,Month-to-month,1,19.65,No,37.6,Medium,False
7128-GGCNO,Month-to-month,46,72.8,No,23.8,Low,False
0237-YFUTL,Month-to-month,50,109.65,No,26.5,Low,False
7691-KGKGP,Month-to-month,53,65.0,No,7.7,Low,False
6710-HSJRD,Month-to-month,61,114.1,No,31.7,Medium,True
3675-EQOZA,Month-to-month,5,20.65,No,9.7,Low,True
0840-DCNZE,One year,47,86.95,No,4.8,Low,False
1732-FEKLD,One year,54,94.75,No,14.5,Low,False
9862-KJTYK,Month-to-month,19,25.35,No,20.5,Low,False
0479-HMSWA,Two year,26,105.45,No,15.4,Low,False
5854-KSRBJ,Two year,70,25.4,No,0.6,Low,False
0365-BZUWY,Month-to-month,17,102.55,No,70.2,High,False
4817-VYYWS,Month-to-month,30,100.2,Yes,59.1,Medium,True
5701-SVCWR,Month-to-month,1,24.0,No,27.2,Low,False
3129-AAQOU,Two year,19,25.6,No,1.6,Low,False
4922-CVPDX,Two year,26,73.5,No,2.3,Low,False
1396-QWFBJ,Month-to-month,21,74.05,Yes,36.7,Medium,False
1357-BIJKI,One year,50,98.25,No,38.7,Medium,True
1099-BTKWT,One year,68,54.4,No,16.1,Low,False
5299-SJCZT,Month-to-month,3,101.55,Yes,87.9,High,False
2018-PZKMU,Month-to-month,9,103.1,No,57.5,Medium,False
7340-KEFQE,Two year,51,34.2,No,1.1,Low,False
4570-QHXHL,Month-to-month,9,43.75,No,32.5,Medium,True
2403-BCASL,One year,41,111.95,Yes,32.4,Medium,False
7392-YYPYJ,Month-to-month,22,100.65,No,74.1,High,False
2898-LSJGD,One year,21,55.95,Yes,37.4,Medium,False
2223-GDSHL,Two year,71,116.05,No,3.4,Low,False
7359-PTSXY,Month-to-month,1,45.75,Yes,58.0,Medium,False
9470-RTWDV,One year,26,82.0,No,10.2,Low,False
2176-OSJUV,Two year,71,65.15,No,0.8,Low,False
9348-YVOMK,Month-to-month,4,44.8,No,35.6,Medium,False
8104-OSKWT,Month-to-month,12,79.8,No,51.3,Medium,False
4521-YEEHE,Month-to-month,18,88.85,No,57.0,Medium,False
4090-KPJIP,Month-to-month,3,74.95,No,72.9,High,True
3786-WOVKF,One year,72,106.85,No,6.2,Low,False
4503-BDXBD,Month-to-month,11,74.95,Yes,36.2,Medium,False
6086-ESGRL,Month-to-month,1,80.15,Yes,84.1,High,False
2592-HODOV,One year,13,19.3,No,1.3,Low,False
3886-CERTZ,One year,72,109.25,Yes,20.3,Low,False
7995-ZHHNZ,One year,42,56.1,No,5.6,Low,False
3824-RHKVR,Month-to-month,17,19.7,No,7.2,Low,False
5816-SCGFC,Month-to-month,7,51.3,No,30.0,Low,False
5989-AXPUC,Two year,68,118.6,No,3.9,Low,False
4979-HPRFL,Two year,56,24.15,No,1.1,Low,False
8590-OHDIW,One year,38,20.3,No,1.7,Low,True
8015-IHCGW,Two year,72,115.5,No,1.4,Low,True
2332-TODQS,One year,48,25.05,No,3.3,Low,True
9278-VZKCD,Month-to-month,52,109.1,No,39.4,Medium,True
8008-OTEZX,One year,35,19.65,No,2.6,Low,False
2773-OVBPK,Two year,67,111.3,No,21.9,Low,False
5999-LCXAO,Month-to-month,1,29.9,No,39.8,Medium,False
5206-XZZQI,Month-to-month,53,80.6,No,15.4,Low,False
4803-LBYPN,Month-to-month,34,20.8,No,4.3,Low,False
5759-RCVCB,Month-to-month,3,35.2,Yes,48.5,Medium,True
6372-RFVNS,Month-to-month,1,78.8,Yes,85.4,High,True
2139-FQHLM,Month-to-month,19,89.95,No,24.8,Low,True
8261-GWDBQ,Two year,60,116.05,No,6.4,Low,False
1093-YSWCA,Two year,11,19.55,No,1.2,Low,False
8938-UMKPI,Month-to-month,47,106.4,Yes,54.4,Medium,True
0991-BRRFB,Month-to-month,18,49.4,Yes,20.2,Low,False
3882-IYOIJ,Two year,60,115.25,No,3.9,Low,False
8749-TZYEC,Two year,72,24.8,No,0.6,Low,False
1755-FZQEC,One year,39,19.9,No,2.0,Low,False
3115-JPJDD,One year,59,81.25,No,4.8,Low,False
5600-KTXFM,Month-to-month,2,69.95,No,48.5,Medium,False
3871-IKPYH,Month-to-month,1,69.1,Yes,83.6,High,False
6319-IEJWJ,Month-to-month,20,90.2,Yes,50.3,Medium,True
9025-AOMKI,Month-to-month,6,93.55,Yes,83.0,High,False
6339-TBELP,Two year,71,86.4,No,3.2,Low,False
7964-YESJC,Month-to-month,24,66.3,No,7.8,Low,False
6173-GOLSU,Month-to-month,67,94.65,No,45.3,Medium,True
5275-SQEIZ,Month-to-month,1,80.85,Yes,82.2,High,False
7716-YTYHG,One year,48,82.05,Yes,21.8,Low,False
9938-ZREHM,One year,37,72.1,No,8.1,Low,False
7950-XWOVN,Month-to-month,11,34.7,No,20.1,Low,False
4390-KYULV,Month-to-month,3,20.55,Yes,14.9,Low,False
4647-MUZON,Month-to-month,18,95.95,No,43.7,Medium,True
9702-AIUJO,One year,50,44.8,No,4.8,Low,False
8849-PRIQJ,One year,67,109.4,No,15.0,Low,False
8851-RAGOV,Month-to-month,25,71.05,No,7.6,Low,False
1304-NECVQ,Month-to-month,2,78.55,Yes,80.6,High,False
5396-IZEPB,Month-to-month,9,19.7,No,8.3,Low,False
1729-VLAZJ,One year,10,40.25,No,5.5,Low,True
8285-ABVLB,Two year,70,19.85,No,0.7,Low,False
0701-TJSEF,Month-to-month,9,68.25,No,13.7,Low,True
5712-VBOXD,Month-to-month,4,20.15,No,15.8,Low,False
6629-LADHQ,Month-to-month,2,50.95,No,27.2,Low,False
8945-GRKHX,Month-to-month,1,78.65,Yes,83.3,High,False
1559-DTODC,Month-to-month,19,25.15,No,26.2,Low,True
4797-MIWUM,Month-to-month,7,20.25,No,8.8,Low,False
6959-UWKHF,Month-to-month,1,42.9,Yes,65.4,High,False
8720-RQSBJ,Month-to-month,1,44.0,No,59.4,Medium,False
4537-CIBHB,One year,9,20.25,No,3.1,Low,True
3815-SLMEF,Month-to-month,3,34.25,Yes,25.8,Low,False
5154-VEKBL,Month-to-month,9,58.5,Yes,20.5,Low,False
4324-AHJKS,Month-to-month,5,55.8,No,18.6,Low,False
4355-CVPVS,One year,56,88.9,No,10.8,Low,False
4495-LHSSK,Month-to-month,18,57.65,No,10.9,Low,False
5655-JSMZM,Month-to-month,49,96.2,Yes,58.4,Medium,False
5915-ANOEI,Two year,70,79.15,No,1.9,Low,False
9861-PDSZP,Two year,72,108.05,No,3.5,Low,False
4505-EXZHB,Month-to-month,6,74.4,Yes,51.9,Medium,False
7225-CBZPL,Month-to-month,17,94.8,No,70.7,High,False
6704-UTUKK,Month-to-month,29,45.9,No,37.3,Medium,True
4587-VVTOX,Month-to-month,6,105.3,Yes,84.1,High,True
2019-HDCZY,Two year,63,102.6,No,13.7,Low,True
4652-NNHNY,Month-to-month,16,73.85,Yes,49.5,Medium,False
8788-DOXSU,One year,59,61.35,No,6.7,Low,False
7404-JLKQG,Month-to-month,3,57.55,No,43.9,Medium,True
7421-ZLUPA,Month-to-month,8,29.25,No,29.6,Low,False
8972-HJWNV,Month-to-month,7,84.55,Yes,82.8,High,False
3274-NSDWE,Two year,68,19.6,No,0.8,Low,False
2632-IVXVF,Two year,68,111.75,No,10.0,Low,False
3692-JHONH,One year,52,106.5,No,33.8,Medium,False
8915-NNTRC,Two year,72,107.7,No,1.2,Low,True
5914-GXMDA,One year,32,19.3,No,1.7,Low,False
7463-IFMQU,Two year,72,20.05,No,0.6,Low,False
2920-RNCEZ,Month-to-month,1,69.95,No,77.8,High,False
2541-YGPKE,One year,42,63.7,No,6.6,Low,True
8515-OCTJS,Two year,25,24.75,Yes,2.6,Low,False
5382-TEMLV,Month-to-month,45,50.9,No,10.4,Low,False
3441-CGZJH,One year,43,60.4,No,9.8,Low,False
9592-ERDKV,One year,37,79.25,No,10.3,Low,False
2860-RANUS,Month-to-month,20,85.8,Yes,48.6,Medium,True
5261-QSHQM,Month-to-month,4,24.45,Yes,51.0,Medium,False
4778-IZARL,Two year,63,110.1,No,7.0,Low,False
0432-CAJZV,Month-to-month,3,90.7,No,64.4,High,True
7008-LZVOZ,Two year,66,25.3,No,0.8,Low,False
8868-WOZGU,Month-to-month,28,105.7,Yes,59.5,Medium,False
1200-TUZHR,Month-to-month,8,85.2,No,72.6,High,False
9365-CSLBQ,Two year,71,24.35,No,0.5,Low,True
1334-FJSVR,Month-to-month,1,24.25,Yes,70.8,High,False
5884-FBCTL,Two year,72,25.1,No,0.4,Low,False
7130-CTCUS,Month-to-month,16,54.55,No,21.4,Low,True
6242-FEGFD,Two year,66,96.6,No,2.4,Low,False
7625-XCQRH,Month-to-month,11,76.5,Yes,62.8,High,False
6194-HBGQN,One year,51,81.15,No,4.4,Low,True
7634-WSWDB,Month-to-month,8,38.5,No,38.2,Medium,False
6986-IXNDM,Month-to-month,14,92.9,No,51.6,Medium,False
1731-TVIUK,Month-to-month,4,93.5,Yes,76.1,High,True
2987-BJXIK,Two year,70,84.7,No,1.9,Low,True
9769-TSBZE,Two year,70,66.0,No,2.6,Low,False
0406-BPDVR,One year,54,101.5,Yes,32.7,Medium,False
0618-XWMSS,Month-to-month,28,74.9,Yes,17.4,Low,False
1395-WSWXR,Two year,24,20.75,No,0.9,Low,False
6023-GSSXW,Two year,69,61.45,No,2.2,Low,False
6752-APNJL,Month-to-month,42,54.5,No,10.9,Low,False
5276-KQWHG,Month-to-month,2,69.6,Yes,67.0,High,False
0420-HLGXF,Month-to-month,39,99.75,No,68.4,High,False
7446-KQISO,Two year,45,109.75,No,14.4,Low,False
9823-EALYC,Two year,72,80.85,No,0.5,Low,False
0582-AVCLN,Two year,38,20.3,No,0.9,Low,False
5803-NQJZO,Two year,72,67.8,No,0.7,Low,True
2565-JSLRY,Month-to-month,1,24.05,Yes,33.9,Medium,False
2607-DHDAK,Two year,72,19.8,No,0.6,Low,False
1073-XXCZD,Two year,55,25.7,No,1.4,Low,False
0743-HRVFF,One year,51,56.15,No,15.6,Low,True
4006-HKYHO,Two year,63,86.7,No,1.1,Low,False
3727-JEZTU,Month-to-month,1,20.4,No,30.3,Medium,False
8143-ETQTI,Two year,23,19.65,No,1.6,Low,False
6689-KXGBO,Month-to-month,1,50.55,Yes,53.9,Medium,False
9667-TKTVZ,Month-to-month,2,54.35,No,43.3,Medium,False
3657-COGMW,Month-to-month,52,108.1,No,24.6,Low,False
8570-KLJYJ,One year,36,54.45,No,2.5,Low,True
7754-IXRMC,Month-to-month,1,45.35,No,49.6,Medium,False
9473-CBZOP,One year,28,59.0,No,2.2,Low,True
2969-WGHQO,One year,7,69.45,No,8.2,Low,True
6615-NGGZJ,Month-to-month,14,100.55,Yes,75.2,High,False
4334-HOWRP,Two year,72,64.95,No,1.0,Low,False
4255-DDUOU,Month-to-month,1,20.5,Yes,45.2,Medium,False
5863-OOKCL,Month-to-month,10,18.85,No,3.6,Low,True
1686-STUHN,One year,42,19.8,No,2.7,Low,False
1329-VHWNP,Month-to-month,7,25.05,No,26.5,Low,False
2984-MIIZL,Month-to-month,4,74.8,Yes,60.1,High,False
0266-GMEAO,Two year,72,114.3,No,1.0,Low,False
5590-YRFJT,Month-to-month,20,24.45,Yes,44.7,Medium,False
5574-NXZIU,Two year,63,109.2,No,9.3,Low,True
0019-GFNTW,Two year,56,45.05,No,1.9,Low,False
4256-ZWTZI,Month-to-month,5,51.0,No,27.4,Low,True
8309-PPCED,Two year,72,110.45,No,2.2,Low,False
4098-NAUKP,Month-to-month,68,84.65,No,33.5,Medium,False
5196-WPYOW,One year,67,60.05,No,2.2,Low,False
4608-LCIMN,Month-to-month,8,44.65,No,16.2,Low,False
1485-YDHMM,Month-to-month,52,93.25,No,18.0,Low,False
4054-CUMIA,Month-to-month,18,20.25,No,6.7,Low,False
0603-TPMIB,Two year,59,25.45,No,0.8,Low,False
2525-GVKQU,Two year,60,20.6,No,1.1,Low,True
8161-QYMTT,Month-to-month,7,94.1,No,86.2,High,True
9581-GVBXT,One year,59,34.8,No,3.5,Low,False
5862-BRIXZ,Two year,46,60.75,No,2.4,Low,False
5404-GGUKR,Month-to-month,5,51.35,No,48.7,Medium,False
3308-JSGML,Two year,59,64.05,No,1.9,Low,False
2126-GSEGL,Two year,70,84.8,No,3.4,Low,False
3677-TNKIO,Month-to-month,14,71.0,Yes,40.2,Medium,False
0440-QEXBZ,Month-to-month,44,50.15,No,12.3,Low,True
2434-EEVDB,Two year,64,94.6,No,4.5,Low,False
6762-QVYJO,Two year,58,59.75,No,1.3,Low,False
6199-IWKGC,One year,46,100.25,No,30.0,Low,False
2675-DHUTR,Month-to-month,58,98.9,No,55.2,Medium,False
8152-VETUR,Two year,72,97.7,No,2.3,Low,False
9667-EQRXU,Month-to-month,30,40.3,Yes,48.1,Medium,False
7446-YPODE,Month-to-month,11,60.25,No,14.1,Low,False
9522-BNTHX,Month-to-month,34,56.25,No,31.1,Medium,False
4676-WLUHT,Two year,54,46.2,No,4.3,Low,False
3329-WDIOK,Month-to-month,3,50.6,Yes,62.0,High,False
7980-MHFLQ,Two year,72,24.9,No,0.3,Low,False
2873-ZLIWT,Month-to-month,40,84.85,Yes,39.3,Medium,False
3415-TAILE,Month-to-month,2,65.7,Yes,39.3,Medium,False
0757-WCUUZ,Two year,54,63.35,No,2.4,Low,False
1629-DQQVB,Month-to-month,14,50.1,No,11.1,Low,True
1915-IOFGU,Month-to-month,1,70.5,Yes,72.1,High,False
3045-XETSH,Month-to-month,10,94.85,Yes,72.8,High,False
0374-AACSZ,Month-to-month,1,50.15,No,40.4,Medium,False
7239-HZZCX,Month-to-month,1,19.75,Yes,33.1,Medium,True
4872-VXRIL,One year,56,64.65,No,2.5,Low,False
9140-CZQZZ,Two year,68,79.6,No,2.4,Low,False
3423-HHXAO,One year,14,19.5,No,3.6,Low,False
9938-TKDGL,Two year,68,99.55,No,6.1,Low,False
0531-ZZJWQ,Month-to-month,55,74.0,No,41.7,Medium,True
6537-QLGEX,Month-to-month,16,38.9,No,47.3,Medium,False
2688-BHGOG,Month-to-month,9,79.55,No,63.6,High,False
7683-CBDKJ,Month-to-month,14,65.45,Yes,23.6,Low,False
0946-CLJTI,Month-to-month,58,98.7,Yes,62.3,High,False
3160-TYXLT,Month-to-month,53,46.3,No,20.7,Low,False
1325-USMEC,Two year,70,99.35,No,7.1,Low,False
0916-QOFDP,Month-to-month,14,95.8,No,67.5,High,False
0628-CNQRM,One year,22,67.5,Yes,4.9,Low,True
5606-AMZBO,Month-to-month,10,78.15,No,50.8,Medium,True
6199-IPCAO,Two year,29,26.1,No,1.2,Low,False
7665-TOALD,Month-to-month,1,69.6,Yes,84.9,High,False
0112-QWPNC,One year,49,84.35,Yes,10.0,Low,False
0324-BRPCJ,Month-to-month,68,100.2,Yes,42.5,Medium,False
2777-PHDEI,Month-to-month,1,78.05,Yes,85.0,High,False
5640-CAXOA,One year,30,40.35,No,12.8,Low,False
2235-EZAIK,Two year,72,79.2,No,0.7,Low,False
3847-BAERP,Month-to-month,10,20.9,No,9.8,Low,True
1196-AMORA,Month-to-month,7,73.6,Yes,57.4,Medium,False
4282-YMKNA,Month-to-month,9,74.75,Yes,65.4,High,False
1453-RZFON,Month-to-month,1,49.9,No,30.7,Medium,False
8263-OKETD,Month-to-month,20,68.9,No,16.3,Low,False
0670-KDOMA,Month-to-month,1,20.25,No,39.6,Medium,False
2476-YGEFM,Month-to-month,29,76.0,No,31.4,Medium,False
8687-BAFGU,Month-to-month,1,74.0,No,50.8,Medium,False
0641-EVBOJ,Month-to-month,3,82.3,No,43.1,Medium,False
0829-XXPLX,Month-to-month,20,89.4,No,28.8,Low,False
9974-JFBHQ,Month-to-month,64,99.15,No,18.9,Low,False
5356-RHIPP,Month-to-month,1,20.2,Yes,42.3,Medium,False
6624-JDRDS,Month-to-month,6,29.45,No,20.8,Low,False
0608-JDVEC,Two year,50,19.8,No,3.4,Low,True
9780-FKVVF,Month-to-month,6,59.15,No,22.2,Low,False
1919-RTPQD,Month-to-month,7,44.75,No,25.3,Low,False
5214-NLTIT,Two year,72,90.8,No,2.2,Low,False
3345-PBBFH,Month-to-month,8,49.55,No,26.8,Low,False
5055-BRMNE,Two year,67,106.7,No,12.2,Low,False
9189-JWSHV,Month-to-month,24,93.55,Yes,68.8,High,False
2190-PHBHR,Two year,72,94.45,No,1.2,Low,False
2650-GYRYL,One year,33,19.45,No,3.5,Low,False
0746-JTRFU,Month-to-month,2,25.05,Yes,66.3,High,False
5208-FVQKB,Two year,70,67.95,No,1.3,Low,False
7184-LRUUR,One year,22,65.25,No,5.4,Low,False
6627-CFOSN,Month-to-month,59,99.45,No,22.9,Low,False
3982-JGSFD,One year,36,20.35,No,2.1,Low,True
1574-DYCWE,Two year,51,19.95,No,1.1,Low,True
7247-XOZPB,One year,53,77.4,No,4.6,Low,False
2466-FCCPT,One year,20,19.7,No,3.6,Low,False
6211-WWLTF,Two year,63,99.7,No,4.5,Low,False
4826-TZEVA,Month-to-month,40,74.8,No,23.8,Low,False
6016-NXBNJ,One year,35,19.15,No,1.2,Low,False
9138-EFSMO,One year,26,78.95,No,12.4,Low,True
0576-WNXXC,Month-to-month,27,95.55,Yes,52.2,Medium,True
4632-XJMEX,One year,53,62.85,No,2.4,Low,False
8910-LEDAG,Month-to-month,34,71.55,No,32.1,Medium,False
3452-GWUIN,Month-to-month,19,94.95,No,69.8,High,False
2716-GFZOR,Month-to-month,43,86.1,No,16.4,Low,False
3724-UCSHY,Month-to-month,6,19.55,No,8.7,Low,False
8626-XHBIE,Two year,56,24.8,No,1.3,Low,False
4628-CTTLA,Month-to-month,57,39.3,Yes,35.6,Medium,False
3192-LNKRK,Month-to-month,34,84.05,No,36.0,Medium,False
4439-YRNVD,Month-to-month,10,36.25,No,25.6,Low,False
2876-VBBBL,Month-to-month,1,20.25,Yes,39.6,Medium,False
6834-NXDCA,Month-to-month,13,23.9,Yes,39.5,Medium,True
2208-UGTGR,Month-to-month,56,98.6,No,41.4,Medium,False
3005-TYFRD,Month-to-month,55,103.65,No,42.5,Medium,False
8670-MEFCP,Two year,36,92.9,No,1.3,Low,False
3079-BCHLN,One year,47,19.9,No,2.3,Low,False
7777-UNYHB,Month-to-month,12,20.1,No,7.8,Low,False
5597-GLBUC,Month-to-month,1,85.45,Yes,85.2,High,False
7278-CKDNC,Month-to-month,24,80.5,No,53.8,Medium,True
2748-MYRVK,One year,63,99.9,Yes,13.9,Low,True
8450-UYIBU,Month-to-month,35,39.85,No,37.8,Medium,False
2969-VAPYH,One year,67,60.5,No,2.0,Low,False
4822-YCXMX,Month-to-month,25,84.8,Yes,56.9,Medium,False
7181-OQCUT,Month-to-month,21,103.85,No,53.1,Medium,True
8474-UMLNT,Month-to-month,13,67.8,No,9.4,Low,False
9821-POOTN,Month-to-month,35,75.2,Yes,50.1,Medium,False
3836-FZSDJ,Two year,71,24.85,No,0.9,Low,True
9142-XMYJH,Month-to-month,29,19.35,No,5.1,Low,True
6559-ILWKJ,Two year,71,49.35,Yes,9.1,Low,False
0187-QSXOE,Month-to-month,7,89.0,No,74.1,High,False
7733-UDMTP,Month-to-month,57,55.0,No,43.8,Medium,True
2649-HWLYB,Two year,65,76.15,No,3.0,Low,True
5214-CHIWJ,One year,27,20.3,No,1.4,Low,False
4229-CZMLL,Month-to-month,6,74.9,Yes,71.9,High,True
6904-JLBGY,Two year,72,117.35,No,2.1,Low,False
2465-BLLEU,Month-to-month,1,19.75,No,40.8,Medium,False
1685-VAYJF,Month-to-month,11,45.2,No,16.4,Low,False
8874-EJNSR,Two year,39,25.2,No,1.3,Low,False
6917-YACBP,Month-to-month,59,89.75,No,17.2,Low,False
5049-MUBWG,One year,26,75.0,No,4.8,Low,True
4223-WOZCM,Month-to-month,2,49.95,No,49.8,Medium,True
0769-MURVM,Two year,72,65.7,No,0.6,Low,True
9253-VIFJQ,One year,65,67.05,No,3.2,Low,False
7030-FZTFM,Two year,72,110.9,No,1.6,Low,False
9741-YLNTD,Month-to-month,6,87.95,No,68.5,High,True
5917-RYRMG,One year,32,19.8,No,2.3,Low,True
5120-ZBLAI,One year,50,75.7,No,7.5,Low,False
1194-BHJYC,Two year,61,62.15,No,1.5,Low,False
3663-MITLP,Month-to-month,15,101.25,Yes,65.9,High,False
0906-QVPMS,Two year,72,115.15,No,2.5,Low,False
9025-ZRPVR,Month-to-month,9,18.95,Yes,5.8,Low,True
1905-OEILC,Month-to-month,1,19.5,No,33.6,Medium,False
7858-GTZSP,Month-to-month,12,86.55,No,74.0,High,False
3285-UCQVC,Month-to-month,37,28.6,Yes,11.6,Low,False
6248-BSHKG,One year,61,20.4,No,1.4,Low,True
4685-TFLLS,One year,18,19.8,No,3.5,Low,False
3470-BTGQO,Month-to-month,21,45.65,No,13.4,Low,False
1209-VFFOC,Two year,68,56.4,No,1.1,Low,False
8224-DWCKX,Month-to-month,12,73.3,No,59.0,Medium,False
5482-PLVPE,Month-to-month,2,24.35,Yes,59.9,Medium,False
4553-DVPZG,Month-to-month,62,101.35,No,46.8,Medium,False
4902-OHLSK,Month-to-month,29,98.65,Yes,60.1,High,False
6917-IAYHD,Month-to-month,1,33.6,No,36.4,Medium,False
0495-ZBNGW,Month-to-month,5,79.9,Yes,76.7,High,False
8620-RJPZN,Month-to-month,1,20.7,No,35.7,Medium,True
7572-KPVKK,Two year,62,104.05,No,17.0,Low,True
2642-MAWLJ,Two year,36,20.25,No,0.8,Low,False
2357-COQEK,Month-to-month,28,103.3,Yes,62.3,High,False
7103-ZGVNT,One year,69,73.7,No,3.7,Low,False
3737-GCSPV,Month-to-month,11,96.2,Yes,55.9,Medium,False
2027-WKXMW,Month-to-month,63,108.75,No,29.0,Low,False
7137-NAXML,One year,23,20.15,No,2.1,Low,False
2428-ZMCTB,Month-to-month,10,19.75,No,7.8,Low,True
2961-VNFKL,Two year,71,25.95,No,0.7,Low,False
1768-HNVGJ,Month-to-month,45,70.05,No,16.2,Low,False
6963-KQYQB,Two year,70,24.05,No,0.6,Low,False
5934-RMPOV,Month-to-month,22,84.75,No,55.7,Medium,False
1207-BLKSA,Two year,52,23.05,No,1.1,Low,False
4088-YLDSU,One year,55,104.15,Yes,43.8,Medium,False
8316-BBQAY,Two year,65,59.95,No,1.7,Low,False
1166-PQLGG,Two year,72,19.55,No,0.7,Low,True
3146-JTQHR,One year,10,19.6,No,3.6,Low,False
4291-YZODP,One year,7,20.05,No,3.4,Low,False
4395-PZMSN,Month-to-month,5,85.55,No,71.1,High,False
6427-FEFIG,Two year,24,78.6,No,2.0,Low,False
0017-IUDMW,Two year,72,116.8,No,1.3,Low,True
8706-HRADD,Month-to-month,21,43.55,No,19.2,Low,False
9955-QOPOY,One year,69,60.8,No,9.8,Low,False
4385-ZKVNW,Month-to-month,44,54.9,No,14.7,Low,False
5446-DKWYW,One year,61,65.2,No,7.0,Low,True
2034-CGRHZ,Month-to-month,24,102.95,Yes,63.9,High,False
5797-APWZC,Month-to-month,1,90.6,Yes,84.1,High,False
3683-QKIUE,Month-to-month,6,50.8,Yes,26.4,Low,False
4228-ZGYUW,Month-to-month,4,90.05,Yes,81.9,High,False
9031-ZVQPT,Two year,72,108.2,No,7.2,Low,False
2990-IAJSV,Two year,72,92.0,No,0.6,Low,True
8107-KNCIM,Month-to-month,14,75.1,No,63.0,High,False
9027-YFHQJ,Month-to-month,7,25.05,No,15.6,Low,False
5176-LDKUH,One year,48,75.15,No,9.1,Low,False
4644-OBGFZ,One year,55,19.5,No,4.1,Low,False
7926-IJOOU,Month-to-month,1,19.3,No,17.3,Low,False
6480-YAGIY,One year,45,112.2,No,18.0,Low,False
4029-HPFVY,Month-to-month,3,70.3,No,56.6,Medium,True
7602-DBTOU,Two year,71,19.6,No,0.8,Low,True
5345-BMKWB,Month-to-month,8,20.25,No,7.9,Low,False
3519-ZKXGG,Month-to-month,3,75.85,Yes,75.3,High,True
5457-COLHT,Two year,69,80.65,No,1.8,Low,True
6416-TVAIH,Month-to-month,1,68.5,Yes,84.5,High,False
5451-YHYPW,Two year,72,115.75,No,2.1,Low,False
5108-ADXWO,Month-to-month,11,73.5,Yes,44.7,Medium,False
7998-WNZEM,Two year,71,80.6,No,0.9,Low,True
3066-RRJIO,Month-to-month,1,69.95,Yes,80.0,High,False
4664-NJCMS,Two year,33,59.55,No,1.9,Low,False
0307-BCOPK,One year,16,19.05,No,1.2,Low,True
7629-WFGLW,One year,56,95.65,No,8.7,Low,False
2542-HYGIQ,Month-to-month,1,19.95,No,31.4,Medium,False
6715-OFDBP,Month-to-month,5,70.05,Yes,51.4,Medium,False
5016-LIPDW,One year,57,19.4,No,5.1,Low,False
6481-LXPWL,One year,56,36.1,No,6.5,Low,False
1567-DSCIC,Month-to-month,8,94.0,Yes,79.1,High,False
2150-UWTFY,Month-to-month,22,61.15,Yes,9.5,Low,False
6124-ACRHJ,Month-to-month,1,19.75,No,34.3,Medium,False
9362-MWODR,Month-to-month,40,64.1,No,11.0,Low,False
9975-GPKZU,Two year,46,19.75,No,1.0,Low,False
9625-RZFUK,Two year,63,19.7,No,1.2,Low,False
5153-LXKDT,Two year,68,110.2,No,16.9,Low,False
5161-UBZXI,Two year,69,106.35,No,9.4,Low,False
1020-JPQOW,Month-to-month,56,90.55,No,16.8,Low,False
7919-ZODZZ,One year,10,65.9,No,14.9,Low,True
0565-JUPYD,One year,63,104.5,No,7.2,Low,False
6867-ACCZI,Two year,24,52.5,No,2.4,Low,False
5939-XAIXZ,Month-to-month,19,56.1,No,25.7,Low,False
9054-FOWNV,Month-to-month,22,88.75,No,55.8,Medium,True
2683-BPJSO,Month-to-month,29,84.45,Yes,44.7,Medium,False
2157-MXBJS,One year,13,75.3,Yes,28.1,Low,False
8207-VVMYB,Two year,70,26.0,No,0.8,Low,True
9732-EQMWY,Month-to-month,49,99.4,No,34.3,Medium,False
9360-AHGNL,One year,43,109.55,Yes,35.4,Medium,False
1087-UDSIH,Month-to-month,3,19.6,Yes,18.7,Low,True
5269-NRGDP,One year,42,73.15,No,11.6,Low,False
6195-MELTI,One year,57,54.65,No,4.6,Low,False
5485-WUYWF,Month-to-month,2,66.4,Yes,41.6,Medium,False
2121-JAFOM,Two year,72,115.55,No,2.0,Low,False
8818-DOPVL,Month-to-month,46,104.45,No,53.7,Medium,True
2632-UCGVD,Month-to-month,66,100.05,Yes,51.4,Medium,False
5445-PZWGX,One year,62,102.0,Yes,8.8,Low,True
1227-UDMZR,Two year,72,91.15,No,0.5,Low,True
5198-HQAEN,One year,35,89.7,No,16.0,Low,False
9170-CCKOU,Month-to-month,17,90.2,Yes,27.1,Low,False
2167-FQSTQ,Two year,72,92.4,No,0.9,Low,False
2819-GWENI,One year,28,19.9,No,1.9,Low,False
1043-YCUTE,Two year,56,25.15,Yes,2.2,Low,False
3814-MLAXC,Month-to-month,31,79.85,Yes,35.9,Medium,False
3572-UUHRS,One year,45,18.85,No,0.9,Low,False
2692-PFYTJ,Month-to-month,1,25.75,No,34.0,Medium,True
1226-UDFZR,Month-to-month,2,49.6,Yes,44.0,Medium,False
5955-EPOAZ,Month-to-month,6,20.95,No,12.8,Low,False
6821-JPCDC,One year,48,97.05,No,23.4,Low,False
8815-LMFLX,Month-to-month,25,25.4,No,8.8,Low,False
9135-HSWOC,Two year,64,19.7,No,1.4,Low,True
8582-KRHPJ,Month-to-month,50,35.0,No,11.1,Low,True
5811-IWXYM,One year,52,101.25,No,21.8,Low,False
7044-YAACC,Month-to-month,4,70.2,No,63.0,High,False
8189-XRIKE,Month-to-month,32,90.95,No,42.6,Medium,False
1506-YJTYT,Two year,45,73.85,No,1.5,Low,False
4123-DVHPH,Month-to-month,9,88.05,No,63.4,High,False
6425-YQLLO,One year,66,105.95,Yes,31.0,Medium,False
5442-UTCVD,Month-to-month,3,91.85,Yes,72.5,High,False
2228-BZDEE,Two year,54,20.1,No,2.1,Low,False
7734-DBOAI,Month-to-month,1,40.1,Yes,47.1,Medium,False
2789-CZANW,Two year,64,110.3,No,4.0,Low,False
2091-RFFBA,Month-to-month,31,73.9,Yes,50.9,Medium,False
2114-MGINA,Month-to-month,14,89.8,Yes,62.6,High,False
7596-LDUXP,One year,12,85.15,No,24.2,Low,False
3740-RLMVT,One year,67,60.95,No,3.1,Low,False
4489-SNOJF,Month-to-month,35,72.25,Yes,12.9,Low,True
2192-OZITF,Two year,45,73.55,No,1.8,Low,False
5651-CPDND,Month-to-month,10,46.0,No,17.2,Low,False
2186-QZEYA,Month-to-month,29,58.55,No,10.3,Low,False
1131-ALZWV,One year,24,24.6,No,3.5,Low,True
7729-XBTWX,Two year,66,19.75,No,1.2,Low,True
9134-WYRVP,One year,51,86.35,No,5.3,Low,False
3284-SVCRO,Two year,45,25.5,No,1.6,Low,False
9732-OUYRN,One year,49,19.0,No,0.6,Low,False
0559-CKHUS,Two year,29,19.55,No,1.4,Low,True
2931-SVLTV,Month-to-month,40,110.1,No,24.0,Low,False
6899-PPEEA,Month-to-month,37,96.55,Yes,57.4,Medium,True
7504-UWHNB,Month-to-month,25,69.75,No,26.7,Low,True
2582-FFFZR,Month-to-month,22,50.6,No,56.2,Medium,False
8908-NMQTX,Two year,72,65.6,No,0.9,Low,False
2187-LZGPL,Month-to-month,7,40.1,Yes,41.9,Medium,False
1431-AIDJQ,Two year,33,82.1,No,2.0,Low,False
6288-LBEAR,Month-to-month,23,79.1,No,21.1,Low,False
4597-NUCQV,Month-to-month,24,101.25,Yes,73.7,High,False
9019-QVLZD,Month-to-month,1,79.55,Yes,85.3,High,False
8413-YNHNV,Two year,69,90.65,No,1.7,Low,False
5808-TOTXO,One year,3,20.55,No,6.6,Low,True
4369-NYSCF,One year,56,75.75,No,7.2,Low,False
6333-YDVLT,One year,65,110.0,No,25.4,Low,False
5324-KTGCG,One year,71,20.85,No,2.0,Low,True
5599-HVLTW,Month-to-month,14,80.35,No,61.5,High,False
7394-LWLYN,Month-to-month,2,70.15,No,61.1,High,False
3707-LRWZD,One year,32,84.05,Yes,23.0,Low,False
6873-UDNLD,Month-to-month,40,67.45,No,12.8,Low,False
2700-LUEVA,Month-to-month,1,20.75,No,27.1,Low,True
1455-ESIQH,Month-to-month,1,89.1,Yes,85.5,High,False
0958-YHXGP,Month-to-month,7,69.9,No,51.7,Medium,True
1101-SSWAG,Month-to-month,15,51.1,No,47.1,Medium,False
2979-SXESE,Month-to-month,17,94.4,Yes,44.0,Medium,False
4013-TLDHQ,Month-to-month,19,78.25,Yes,50.4,Medium,False
5743-KHMNA,Two year,71,25.55,No,0.7,Low,False
4194-FJARJ,Two year,54,60.0,No,1.4,Low,False
5325-UWTWJ,Month-to-month,31,90.55,No,17.0,Low,False
3969-GYXEL,Month-to-month,11,76.4,No,33.4,Medium,False
9208-OLGAQ,Month-to-month,18,84.95,No,55.6,Medium,False
3244-CQPHU,Two year,72,110.1,No,1.5,Low,False
2674-MLXMN,Month-to-month,71,99.65,No,24.3,Low,False
9708-HPXWZ,Month-to-month,5,45.4,No,38.4,Medium,False
6992-TKNYO,One year,38,69.0,No,9.0,Low,False
4468-YDOVK,Month-to-month,5,48.65,No,28.9,Low,True
3754-DXMRT,Month-to-month,2,44.15,Yes,60.5,High,False
5792-JALQC,Two year,52,59.85,No,2.8,Low,False
7130-VTEWQ,Month-to-month,8,75.75,Yes,70.6,High,True
2200-DSAAL,Two year,68,80.65,No,10.7,Low,False
4302-ZYFEL,One year,69,20.55,No,1.4,Low,True
9351-LZYGF,Month-to-month,42,66.4,No,10.2,Low,False
4366-CTOUZ,Two year,50,100.2,No,4.3,Low,False
6121-VZNQB,Month-to-month,1,19.1,Yes,28.8,Low,False
7903-CMPEY,Month-to-month,1,80.3,Yes,86.0,High,False
1518-OMDIK,Month-to-month,33,44.55,No,12.2,Low,False
6671-NGWON,Month-to-month,7,20.35,No,7.8,Low,False
0595-ITUDF,Month-to-month,64,91.8,No,14.2,Low,False
6996-KNSML,Month-to-month,1,74.9,Yes,80.1,High,False
1955-IBMMB,Two year,59,20.2,No,2.1,Low,False
0096-BXERS,Month-to-month,6,50.35,No,39.2,Medium,True
3806-YAZOV,Month-to-month,3,18.8,No,5.8,Low,False
7998-ZLXWN,Month-to-month,15,20.45,No,6.9,Low,False
6253-WRFHY,One year,13,64.75,No,20.7,Low,False
9133-AYJZG,Month-to-month,23,98.7,No,61.3,High,False
2675-OTVVJ,Month-to-month,31,89.45,No,40.0,Medium,False
8680-CGLTP,One year,29,58.75,No,4.2,Low,False
8430-TWCBX,One year,49,20.7,No,2.0,Low,True
5018-GWURO,Month-to-month,56,85.6,No,31.4,Medium,False
6741-QRLUP,Two year,63,80.3,No,1.4,Low,False
4737-HOBAX,Two year,63,79.8,No,2.9,Low,True
0537-QYZZN,Month-to-month,24,79.85,No,38.8,Medium,False
3340-QBBFM,One year,36,54.1,No,3.5,Low,False
1704-NRWYE,Month-to-month,9,80.85,Yes,64.2,High,False
2592-SEIFQ,Month-to-month,3,24.75,Yes,51.7,Medium,False
8200-KLNYW,One year,21,80.9,No,8.0,Low,False
3372-CDXFJ,One year,13,24.5,No,3.2,Low,False
4781-ZXYGU,Month-to-month,1,20.15,No,42.4,Medium,False
7632-YUTXB,One year,25,20.05,No,2.1,Low,True
2718-YSKCS,Two year,71,19.6,No,1.1,Low,False
9896-UYMIE,One year,66,114.3,No,21.8,Low,False
0853-NWIFK,One year,45,100.3,No,19.2,Low,False
8212-CRQXP,Month-to-month,22,80.0,No,36.8,Medium,False
6980-CDGFC,One year,67,20.85,No,2.2,Low,False
7691-XVTZH,Two year,68,89.95,No,6.3,Low,True
2520-SGTTA,Two year,0,20.0,No,5.8,Low,False
7481-ATQQS,Month-to-month,49,90.85,Yes,35.4,Medium,False
2277-VWCNI,Month-to-month,4,48.75,No,44.5,Medium,True
1088-CNNKB,One year,63,80.0,No,3.7,Low,False
8642-GVWRF,Month-to-month,2,79.7,Yes,57.9,Medium,False
1930-BZLHI,One year,21,20.35,No,2.5,Low,False
3400-ESFUW,Two year,55,57.55,Yes,1.4,Low,True
5868-YTYKS,Month-to-month,1,20.25,No,36.4,Medium,False
3525-DVKFN,Two year,17,19.4,No,2.0,Low,False
1482-OXZSY,Month-to-month,30,100.4,No,41.0,Medium,False
0377-JBKKT,Month-to-month,22,57.95,No,8.7,Low,True
5778-BVOFB,Month-to-month,9,59.5,No,21.5,Low,False
3373-YZZYM,Month-to-month,1,19.2,No,15.6,Low,False
2057-ZBLPD,Month-to-month,21,86.5,Yes,59.0,Medium,True
0228-MAUWC,Month-to-month,19,59.55,No,24.8,Low,False
5502-RLUYV,Month-to-month,69,103.95,Yes,51.3,Medium,False
0023-HGHWL,Month-to-month,1,25.1,Yes,81.3,High,False
7663-YJHSN,Two year,72,103.95,No,1.9,Low,False
4915-BFSXL,Two year,70,68.95,No,2.5,Low,False
3086-RUCRN,Month-to-month,66,103.1,No,15.7,Low,False
5215-LNLDJ,Month-to-month,7,24.7,No,37.7,Medium,False
7576-JMYWV,Month-to-month,46,110.2,No,25.6,Low,False
9039-RBEEE,Month-to-month,39,48.95,Yes,10.5,Low,True
0257-KXZGU,Month-to-month,32,62.45,No,7.6,Low,True
1307-ATKGB,Month-to-month,24,89.55,No,41.0,Medium,False
8417-FMLZI,Month-to-month,6,83.55,Yes,60.7,High,False
3714-XPXBW,Month-to-month,37,78.9,No,11.4,Low,False
1850-AKQEP,Month-to-month,8,20.35,No,6.4,Low,False
2824-DXNKN,Two year,72,71.45,No,0.9,Low,True
5227-JSCFE,Two year,71,46.35,No,1.5,Low,False
0848-ZGQIJ,Month-to-month,16,94.65,No,52.0,Medium,False
3621-CHYVB,Month-to-month,57,49.9,No,11.3,Low,False
8042-RNLKO,One year,66,25.45,No,1.6,Low,False
1792-UXAFY,Month-to-month,17,89.15,Yes,57.2,Medium,False
5372-FBKBN,Month-to-month,21,20.75,No,4.8,Low,False
0420-TXVSG,Two year,66,66.1,No,2.2,Low,True
6217-TOWGS,Month-to-month,17,75.4,No,24.5,Low,False
0515-YPMCW,Month-to-month,1,70.45,Yes,73.6,High,False
0378-XSZPU,One year,58,60.3,Yes,2.5,Low,False
1045-LTCYT,Month-to-month,8,21.05,No,9.4,Low,False
1544-JJMYL,One year,27,69.35,No,2.3,Low,False
4636-JGAAI,Month-to-month,34,88.85,No,23.9,Low,False
6874-SGLHU,One year,30,97.0,No,20.9,Low,True
5951-AOFIH,Month-to-month,33,66.4,No,14.2,Low,True
4729-XKASR,Month-to-month,1,24.75,Yes,56.1,Medium,False
3059-NGMXB,Month-to-month,14,69.2,No,11.3,Low,False
8652-YHIYU,One year,16,79.5,No,18.3,Low,False
5278-PNYOX,Two year,49,100.65,No,6.9,Low,False
5449-FIBXJ,Month-to-month,19,103.3,Yes,56.6,Medium,False
3486-HOOGQ,Two year,70,79.7,No,1.8,Low,False
5061-PBXFW,Month-to-month,32,61.4,No,5.3,Low,True
8630-FJLIB,Month-to-month,18,69.8,No,44.0,Medium,False
3891-NLXJB,Two year,37,40.55,No,1.6,Low,False
4749-OJKQU,Month-to-month,4,75.65,No,71.5,High,False
0577-WHMEV,Month-to-month,16,90.7,No,35.1,Medium,False
5453-AXEPF,Month-to-month,17,80.5,No,45.7,Medium,False
3639-XJHKQ,Month-to-month,19,60.6,No,17.4,Low,True
3716-LRGXK,Two year,60,101.15,No,8.2,Low,False
2263-SFSQZ,Two year,51,24.95,No,1.4,Low,True
9950-MTGYX,Two year,28,20.3,No,0.8,Low,True
3397-AVTKU,Two year,43,60.0,No,7.1,Low,False
4825-FUREZ,Two year,42,20.25,No,2.2,Low,True
9837-BMCLM,Month-to-month,3,78.5,Yes,67.9,High,False
2672-OJQZP,Month-to-month,1,44.75,No,45.3,Medium,True
0137-UDEUO,Month-to-month,3,19.85,Yes,15.5,Low,False
3134-DSHVC,Two year,63,98.0,No,2.6,Low,False
6161-UUUTA,Month-to-month,3,79.9,Yes,71.4,High,False
7821-DPRQE,Month-to-month,68,107.7,No,34.5,Medium,False
6543-XRMYR,Month-to-month,30,99.7,Yes,62.8,High,True
2001-EWBQU,Two year,60,104.7,No,13.3,Low,True
4925-LMHOK,Month-to-month,15,58.6,Yes,23.5,Low,False
1608-GMEWB,Month-to-month,45,93.9,No,48.2,Medium,False
6695-AMZUF,Two year,70,86.45,No,1.5,Low,False
1455-UGQVH,Month-to-month,10,98.5,Yes,91.1,High,False
8410-BGQXN,Month-to-month,4,19.4,No,12.0,Low,False
8280-MQRQN,Month-to-month,1,50.45,Yes,57.1,Medium,True
1619-YWUBB,Two year,68,24.95,No,0.9,Low,False
7611-YKYTC,Month-to-month,22,75.0,No,19.9,Low,False
2037-SGXHH,Month-to-month,38,94.65,Yes,43.5,Medium,False
3178-FESZO,Month-to-month,1,100.25,Yes,92.1,High,False
0365-GXEZS,Month-to-month,18,78.2,No,35.5,Medium,True
0082-OQIQY,Month-to-month,29,94.2,No,44.9,Medium,True
6087-MVHJH,Month-to-month,16,88.45,Yes,60.4,High,False
4603-JANFB,Month-to-month,1,69.85,Yes,83.2,High,False
3018-TFTSU,Month-to-month,12,81.7,Yes,30.5,Medium,True
3606-SBKRY,One year,31,50.05,No,19.6,Low,False
4806-KEXQR,Month-to-month,4,79.9,Yes,72.7,High,True
0667-NSRGI,One year,48,69.55,No,7.0,Low,False
7083-YNSKY,Month-to-month,15,25.4,Yes,14.7,Low,False
6893-ODYYE,One year,50,90.1,No,4.4,Low,False
8242-JSVBO,Month-to-month,7,44.65,No,26.6,Low,False
2479-BRAMR,Month-to-month,41,83.75,Yes,36.5,Medium,False
9541-ZPSEA,Two year,68,80.35,No,3.1,Low,False
2665-NPTGL,Month-to-month,26,98.1,No,70.1,High,True
1139-WUOAH,Two year,57,53.35,No,3.9,Low,True
4693-VWVBO,Month-to-month,3,19.55,No,17.7,Low,True
7434-SHXLS,Month-to-month,1,20.9,Yes,41.3,Medium,False
6937-GCDGQ,One year,19,48.95,No,8.6,Low,False
0988-JRWWP,Month-to-month,3,54.2,No,58.0,Medium,True
5075-JSDKI,Two year,59,24.45,No,2.7,Low,False
7908-QCBCA,Month-to-month,1,69.4,Yes,82.5,High,False
8644-XYTSV,Month-to-month,42,40.15,No,19.1,Low,False
6711-FLDFB,Month-to-month,7,74.9,Yes,70.2,High,False
3873-WOSBC,Two year,67,25.6,No,0.9,Low,False
7465-ZZRVX,Month-to-month,1,70.35,No,78.7,High,False
7975-JMZNT,Two year,66,91.7,No,2.4,Low,False
7251-XFOIL,Month-to-month,61,89.2,No,13.8,Low,True
4116-IQRFR,One year,4,24.1,No,6.9,Low,False
3714-JTVOV,Month-to-month,42,74.15,Yes,33.4,Medium,False
8259-DZLIZ,One year,64,53.85,No,3.9,Low,False
0442-ZXKVS,One year,54,115.6,No,22.9,Low,False
7853-WNZSY,Month-to-month,1,19.75,No,28.5,Low,True
3120-FAZKD,Two year,54,24.05,No,1.8,Low,False
8606-OEGQZ,Two year,18,25.3,No,1.9,Low,False
0225-ZORZP,Month-to-month,3,84.3,No,55.6,Medium,False
4702-IOQDC,Month-to-month,1,70.1,Yes,78.9,High,False
9489-JMTTN,Two year,72,89.75,No,0.5,Low,False
0575-CUQOV,One year,60,97.95,No,21.4,Low,False
0967-BMLBD,One year,11,20.0,No,4.0,Low,False
6178-KFNHS,Month-to-month,12,78.3,Yes,47.6,Medium,False
2830-LEWOA,One year,61,103.9,No,10.5,Low,False
5006-MXVRN,Two year,39,20.7,No,1.0,Low,False
1264-BYWMS,Month-to-month,55,96.8,Yes,55.0,Medium,False
9658-WYUFB,Month-to-month,17,94.4,Yes,57.7,Medium,False
8327-WKMIE,One year,37,20.15,No,1.8,Low,False
6917-FIJHC,Two year,72,26.0,No,0.5,Low,True
5329-KRDTM,Two year,72,77.35,No,1.7,Low,True
7797-EJMDP,Month-to-month,8,66.05,No,12.9,Low,False
3530-VWVGU,Month-to-month,22,19.9,No,7.4,Low,True
2013-SGDXK,Month-to-month,1,84.3,Yes,76.9,High,False
6368-NWMCE,Month-to-month,38,68.15,No,12.9,Low,False
3633-CDBUW,One year,17,80.85,No,12.1,Low,False
0707-HOVVN,Two year,70,75.5,No,3.9,Low,True
8580-QVLOC,Two year,72,92.45,Yes,0.6,Low,True
3956-MGXOG,Month-to-month,28,80.6,No,39.1,Medium,False
9274-UARKJ,Month-to-month,15,83.2,No,51.9,Medium,False
4077-HWUYD,Two year,72,87.55,No,0.5,Low,False
2012-NWRPA,Month-to-month,11,99.55,Yes,91.1,High,False
8808-ELEHO,Month-to-month,8,81.25,Yes,73.8,High,False
0103-CSITQ,One year,57,109.4,No,29.0,Low,False
3506-LCJDC,Month-to-month,1,19.95,Yes,39.4,Medium,False
8671-KKKOS,Month-to-month,46,45.55,No,19.9,Low,True
7305-ZWMAJ,One year,30,20.7,No,1.7,Low,False
9518-XXBXE,Month-to-month,10,75.3,No,40.8,Medium,False
3934-HXCFZ,Month-to-month,23,99.25,Yes,64.1,High,False
6578-KRMAW,Month-to-month,32,93.4,No,22.4,Low,False
4860-IJUDE,Month-to-month,13,73.75,No,33.9,Medium,False
7666-WKRON,Two year,39,80.45,Yes,11.5,Low,True
9688-YGXVR,Month-to-month,44,88.15,No,22.1,Low,False
0423-UDIJQ,Month-to-month,9,49.2,No,19.7,Low,False
1945-XISKS,Two year,67,19.65,No,1.1,Low,True
4910-AQFFX,Month-to-month,9,79.35,Yes,59.3,Medium,False
2154-KVJFF,Month-to-month,15,79.75,Yes,66.7,High,False
5360-LJCNJ,Two year,71,105.15,No,11.8,Low,True
2607-FBDFF,Month-to-month,1,49.0,No,29.6,Low,False
9647-ERGBE,Month-to-month,30,100.05,Yes,64.1,High,False
3428-XZMAZ,Month-to-month,1,69.35,Yes,84.5,High,False
1100-DDVRV,Month-to-month,17,49.8,No,39.2,Medium,True
0378-TOVMS,Month-to-month,3,85.8,Yes,56.7,Medium,False
4355-HBJHH,Two year,67,79.7,Yes,10.8,Low,False
6728-WYQBC,Month-to-month,1,20.95,No,35.9,Medium,False
9058-CBREO,Month-to-month,1,50.55,Yes,63.7,High,False
9029-FEGVJ,Month-to-month,32,79.3,No,35.2,Medium,False
7216-KAOID,One year,41,19.5,No,2.6,Low,True
0318-QUUOB,Month-to-month,1,80.55,Yes,85.4,High,False
6145-NNPNO,Month-to-month,1,44.15,No,44.4,Medium,False
5520-FVEWJ,Month-to-month,12,84.5,Yes,61.7,High,False
5339-TJFEK,Month-to-month,62,105.5,No,24.5,Low,False
5572-ZDXHY,Month-to-month,22,84.3,Yes,35.1,Medium,False
2074-GUHPQ,Month-to-month,17,92.7,No,29.8,Low,False
4625-XMOYM,Two year,72,26.25,No,0.5,Low,False
5827-MWCZK,Month-to-month,56,96.95,No,24.5,Low,False
1385-TQOZW,Month-to-month,9,20.45,No,9.1,Low,True
5914-XRFQB,Two year,72,115.8,No,2.9,Low,False
4329-YPDDQ,Month-to-month,20,108.2,No,36.3,Medium,True
4804-NCPET,Two year,19,20.2,No,1.0,Low,False
3750-CKVKH,Month-to-month,2,67.75,Yes,62.2,High,True
5944-UGLLK,One year,53,54.9,No,15.7,Low,False
8063-GBATB,Month-to-month,27,85.25,Yes,61.9,High,False
7787-BNTZM,Month-to-month,6,20.15,No,10.7,Low,False
2252-ISRNH,One year,9,90.35,No,43.7,Medium,False
9415-TPKRV,Month-to-month,8,55.75,No,25.4,Low,False
5322-TEUJK,Two year,71,114.6,No,1.4,Low,False
4547-KQRTM,Month-to-month,10,80.05,Yes,62.0,High,False
4877-EVATK,Month-to-month,1,20.0,Yes,39.8,Medium,False
1866-DIOQZ,One year,71,66.8,No,4.1,Low,False
8375-KVTHK,One year,68,100.3,No,20.4,Low,False
2697-NQBPF,Month-to-month,34,105.35,No,37.9,Medium,False
3709-OIJEA,One year,26,85.2,No,16.4,Low,False
7639-SUPCW,Month-to-month,22,48.8,Yes,21.5,Low,False
1386-ZIKUV,Month-to-month,7,18.95,No,6.1,Low,True
0599-XNYDO,Month-to-month,20,69.8,No,32.9,Medium,True
6377-WHAOX,Month-to-month,60,106.15,No,45.3,Medium,True
6855-VLGOS,Two year,72,20.55,No,1.4,Low,False
8999-XXGNS,One year,72,105.75,No,8.8,Low,False
8746-OQQRW,Month-to-month,4,25.25,No,15.8,Low,False
3181-MIZBN,Month-to-month,16,19.75,No,15.0,Low,True
0471-ARVMX,One year,62,104.85,No,22.0,Low,True
7766-CLTIC,Month-to-month,10,60.95,No,18.8,Low,False
5650-YLIBA,Month-to-month,31,81.15,No,51.2,Medium,True
0825-CPPQH,Two year,71,19.1,No,0.3,Low,False
9084-OAYKL,Two year,58,20.8,No,1.5,Low,False
6122-LJADA,Two year,70,90.15,No,2.0,Low,False
2400-XIWIO,Two year,71,90.1,No,1.3,Low,False
7524-VRLPL,Two year,69,74.1,No,4.9,Low,False
1069-XAIEM,Month-to-month,1,85.05,Yes,92.7,High,True
7569-NMZYQ,Two year,72,118.75,No,1.4,Low,False
5201-USSQZ,Month-to-month,26,85.9,No,21.7,Low,False
2105-PHWON,Month-to-month,33,95.0,No,30.5,Medium,False
1494-EJZDW,Two year,10,20.15,No,1.6,Low,True
4884-TVUQF,Two year,57,101.3,No,5.4,Low,False
8003-EWNDZ,Month-to-month,10,21.2,No,16.9,Low,False
1897-RCFUM,One year,39,24.2,No,3.5,Low,False
9256-JTBNZ,Month-to-month,11,20.3,No,6.3,Low,True
4658-HCOHW,Month-to-month,21,102.8,Yes,51.1,Medium,True
2211-RMNHO,Two year,68,85.3,No,2.8,Low,False
2432-TFSMK,One year,18,89.6,No,23.2,Low,True
3440-JPSCL,Month-to-month,6,99.95,Yes,76.2,High,False
4929-ROART,Month-to-month,18,56.25,No,13.0,Low,False
1834-ABKHQ,One year,52,50.95,No,6.7,Low,False
1741-WTPON,Two year,56,115.85,No,6.4,Low,True
3932-IJWDZ,Month-to-month,45,103.65,No,42.6,Medium,False
1240-HCBOH,Two year,67,26.1,No,0.7,Low,False
3594-KADLU,Month-to-month,3,35.1,No,30.7,Medium,True
8065-BVEPF,Month-to-month,65,99.1,No,26.5,Low,False
3796-ENZGF,Two year,63,67.25,No,1.1,Low,False
1734-ZMNTZ,Two year,11,25.0,No,1.8,Low,False
2853-CWQFQ,Month-to-month,1,59.55,No,40.1,Medium,False
0813-TAXXS,Two year,55,77.8,No,5.0,Low,False
2519-TWKFS,One year,25,55.1,No,6.9,Low,False
2889-FPWRM,One year,72,117.8,Yes,14.5,Low,False
0626-QXNGV,Two year,72,24.15,No,0.5,Low,False
6723-CEGQI,Two year,65,45.25,No,1.2,Low,False
6987-XQSJT,Month-to-month,54,79.5,Yes,42.8,Medium,False
4732-RRJZC,Month-to-month,7,20.25,No,7.0,Low,False
9499-XPZXM,Two year,72,64.75,No,0.5,Low,False
4338-EYCER,Month-to-month,21,54.6,No,23.2,Low,False
3007-FDPEA,Month-to-month,2,20.7,No,15.0,Low,False
6350-XFYGW,Month-to-month,4,94.75,No,75.6,High,False
4290-BSXUX,Month-to-month,3,79.65,Yes,69.8,High,False
8513-OLYGY,Two year,72,115.8,No,2.7,Low,False
0311-QYWSS,Month-to-month,6,49.45,No,34.5,Medium,False
8705-DWKTI,Month-to-month,52,83.8,No,28.0,Low,False
8755-IWJHN,Month-to-month,69,95.35,No,31.2,Medium,False
0325-XBFAC,Month-to-month,8,94.7,Yes,73.4,High,False
4480-QQRHC,Month-to-month,8,74.05,No,56.1,Medium,False
0929-PECLO,Month-to-month,63,89.6,No,21.4,Low,False
3680-CTHUH,One year,60,116.6,No,18.1,Low,True
1202-KKGFU,Month-to-month,12,54.2,No,14.1,Low,False
6112-KTHFQ,Month-to-month,13,19.3,No,6.7,Low,True
1852-XEMDW,Month-to-month,22,65.05,No,9.5,Low,True
2462-XIIJB,Month-to-month,5,92.5,Yes,82.1,High,False
4760-XOHVN,Month-to-month,1,19.45,Yes,35.3,Medium,False
1820-DJFPH,Two year,72,24.05,No,0.5,Low,True
9426-SXNHE,Month-to-month,2,18.75,No,5.6,Low,False
9068-FHQHD,Two year,40,20.15,No,1.1,Low,False
1269-FOYWN,One year,44,20.0,No,2.1,Low,False
9470-YFUYI,One year,71,71.0,No,1.9,Low,False
7817-BOQPW,Month-to-month,2,75.55,Yes,74.0,High,True
7402-EYFXX,Month-to-month,26,93.6,No,72.2,High,False
1853-UDXBW,Month-to-month,1,70.0,Yes,83.2,High,True
9895-VFOXH,Month-to-month,1,24.4,No,49.1,Medium,False
5458-CQJTA,Two year,65,74.8,Yes,2.8,Low,False
1230-QAJDW,Month-to-month,3,65.25,No,37.0,Medium,False
5701-ZIKJE,Month-to-month,13,50.55,No,17.4,Low,False
5219-YIPTK,Month-to-month,33,104.4,Yes,52.3,Medium,False
5032-MIYKT,Month-to-month,1,70.7,No,75.8,High,False
7396-VJUZB,Month-to-month,4,45.25,No,30.5,Medium,False
9717-QEBGU,Month-to-month,2,70.3,No,60.6,High,True
5172-RKOCB,Two year,72,108.95,No,1.9,Low,False
6509-TSGWN,Month-to-month,37,26.45,No,6.1,Low,False
3540-RZJYU,Month-to-month,15,86.2,Yes,32.0,Medium,True
3178-CIFOT,One year,23,19.65,No,2.5,Low,False
2091-MJTFX,Month-to-month,30,51.2,Yes,10.9,Low,True
4530-NDRKU,One year,42,19.05,No,2.6,Low,True
5985-TBABQ,One year,32,74.75,No,8.1,Low,False
9800-ONTFE,Month-to-month,22,75.8,No,33.5,Medium,False
6743-HHQPF,Month-to-month,42,25.1,No,24.2,Low,False
8455-HIRAQ,Month-to-month,8,44.45,No,16.9,Low,True
6616-AALSR,Two year,65,104.3,No,10.1,Low,False
0883-EIBTI,Month-to-month,2,19.5,Yes,17.5,Low,False
9415-ZNBSX,Two year,70,89.0,No,1.8,Low,False
4018-KJYUY,Month-to-month,22,20.15,No,6.2,Low,False
0722-TROQR,Month-to-month,4,74.9,Yes,74.5,High,False
7571-YXDAD,Month-to-month,2,74.9,Yes,61.4,High,True
3884-UEBXB,Two year,67,36.15,No,1.9,Low,True
8780-RSYYU,Month-to-month,25,19.2,No,2.9,Low,True
5537-UXXVS,Month-to-month,20,19.25,No,4.9,Low,True
1791-PQHBB,Month-to-month,2,61.2,No,31.3,Medium,False
8701-DGLVH,Two year,51,20.45,No,1.1,Low,True
8741-LQOBK,Month-to-month,46,35.05,No,10.4,Low,True
3393-FMZPV,Month-to-month,25,100.25,Yes,73.5,High,False
8082-GHXOP,Month-to-month,13,44.0,No,11.2,Low,False
6402-ZFPPI,Month-to-month,25,102.8,Yes,59.4,Medium,False
0980-FEXWF,One year,26,50.35,No,3.2,Low,True
7486-KSRVI,One year,43,100.0,Yes,48.8,Medium,False
3011-WQKSZ,Month-to-month,19,20.0,No,14.5,Low,True
8443-WVPSS,Month-to-month,10,99.85,Yes,68.0,High,False
3006-XIMLN,Month-to-month,2,94.2,Yes,82.8,High,True
8218-FFJDS,Two year,72,86.4,No,0.5,Low,False
1986-PHGZF,Month-to-month,18,58.4,No,21.8,Low,False
9965-YOKZB,Month-to-month,9,83.85,Yes,78.9,High,False
0504-HHAPI,Month-to-month,27,88.3,Yes,39.8,Medium,False
9360-OMDZZ,Month-to-month,24,94.1,No,69.6,High,False
6305-YLBMM,One year,69,104.05,Yes,30.8,Medium,False
0345-XMMUG,Two year,46,108.9,No,19.3,Low,False
8024-XNAFQ,Two year,72,107.4,No,1.4,Low,True
3647-GMGDH,Month-to-month,22,94.7,Yes,39.7,Medium,False
2988-GBIVW,Month-to-month,70,90.85,No,20.7,Low,False
2832-SCUCO,Month-to-month,2,19.9,No,19.5,Low,False
7036-ZZKBD,Month-to-month,31,66.4,No,6.9,Low,False
3791-LGQCY,Month-to-month,56,100.65,Yes,48.3,Medium,False
0265-PSUAE,Month-to-month,16,100.7,No,41.3,Medium,True
0463-TXOAK,Two year,52,25.6,No,1.3,Low,True
0594-UFTUL,Month-to-month,13,19.85,No,8.1,Low,False
9509-MPYOD,One year,35,20.75,No,1.6,Low,False
9128-CPXKI,Two year,59,95.8,No,8.6,Low,True
0129-KPTWJ,Month-to-month,72,94.65,No,16.0,Low,False
8166-ZZTFS,Two year,66,80.55,Yes,7.7,Low,False
5855-EIBDE,Two year,49,106.65,No,10.0,Low,False
5365-LLFYV,Month-to-month,2,45.85,No,50.9,Medium,False
5956-YHHRX,Month-to-month,21,104.35,No,77.9,High,False
6008-NAIXK,One year,54,55.45,No,29.3,Low,False
2956-GGUCQ,Month-to-month,24,78.85,Yes,45.2,Medium,False
1928-BXYIV,Month-to-month,1,61.15,No,46.1,Medium,False
5760-FXFVO,Month-to-month,6,78.95,No,52.5,Medium,True
6595-COKXZ,Month-to-month,1,44.45,Yes,53.2,Medium,False
0961-ZWLVI,One year,49,109.2,No,21.7,Low,False
5181-OABFK,Two year,56,61.3,No,1.2,Low,True
4007-NHVHI,Month-to-month,56,96.85,No,27.9,Low,False
7816-VGHTO,Two year,6,40.55,No,4.2,Low,True
5871-DGTXZ,One year,32,19.8,No,2.3,Low,False
7550-WIQVA,One year,50,108.25,No,23.3,Low,False
7544-ZVIKX,One year,58,105.05,No,27.3,Low,False
0016-QLJIS,Two year,65,90.45,No,1.2,Low,False
7508-DQAKK,Two year,64,86.4,No,1.6,Low,False
5176-OLSKT,Two year,66,66.9,No,1.5,Low,False
9356-AXGMP,One year,38,110.7,No,35.0,Medium,False
3556-BVQGL,One year,20,20.0,No,3.6,Low,False
0362-ZBZWJ,Month-to-month,36,84.9,Yes,55.0,Medium,False
8979-CAMGB,One year,64,102.1,No,18.0,Low,False
4211-MMAZN,Month-to-month,1,20.25,Yes,31.0,Medium,True
7581-EBBOU,One year,60,70.15,No,3.3,Low,True
4274-OWWYO,Month-to-month,1,74.35,Yes,79.1,High,False
5073-RZGBK,One year,50,80.05,No,5.1,Low,False
1541-ETJZO,Month-to-month,1,62.05,Yes,36.6,Medium,True
2192-CKRLV,Two year,72,49.2,No,4.5,Low,False
3154-HMWUU,Two year,60,20.5,No,1.5,Low,False
6119-SPUDB,Two year,46,38.25,No,1.4,Low,True
6522-OIQSX,Two year,69,54.95,No,3.3,Low,False
7813-ZGGAW,Month-to-month,31,96.6,No,39.7,Medium,False
8748-HFWBO,One year,19,19.9,No,2.5,Low,False
1052-QJIBV,Two year,71,19.9,No,0.5,Low,False
1319-YLZJG,Month-to-month,12,84.6,No,50.1,Medium,True
4106-HADHQ,One year,39,80.0,Yes,9.4,Low,False
0723-FDLAY,One year,44,85.25,No,10.5,Low,False
3050-RLLXC,Two year,56,81.25,No,1.1,Low,False
9298-WGMRW,Two year,72,115.5,No,1.7,Low,True
2369-UAPKZ,Month-to-month,5,104.1,Yes,75.5,High,False
3088-LHEFH,Month-to-month,11,79.0,No,47.5,Medium,False
2778-OCLGR,Month-to-month,24,39.1,Yes,29.3,Low,True
6583-KQJLK,Month-to-month,15,94.65,No,57.5,Medium,False
8544-JNBOX,Two year,72,20.8,No,0.5,Low,False
6681-ZSEXG,Two year,56,59.5,No,1.7,Low,True
6139-ZZRBQ,Two year,64,20.05,No,2.2,Low,False
6116-RFVHN,Month-to-month,34,100.45,No,54.0,Medium,False
0637-KVDLV,Month-to-month,2,76.5,Yes,78.2,High,False
8884-FEEWR,One year,35,20.6,No,1.6,Low,False
3125-RAHBV,One year,22,20.3,No,2.0,Low,True
6633-MPWBS,Month-to-month,5,49.2,Yes,46.1,Medium,False
0373-AIVNJ,One year,9,39.55,No,8.7,Low,True
8785-EPNCG,Month-to-month,11,23.15,Yes,12.1,Low,False
1682-VCOIO,One year,23,20.45,No,1.6,Low,False
5729-KLZAR,Month-to-month,4,80.85,Yes,61.0,High,False
2072-ZVJJX,Two year,68,25.25,No,0.8,Low,False
8849-AYPTR,Month-to-month,33,91.25,No,39.0,Medium,True
9518-IMLHK,Month-to-month,31,72.45,No,7.4,Low,False
1582-RAFML,Month-to-month,1,60.1,Yes,41.5,Medium,False
3646-ITDGM,Two year,56,19.7,No,3.0,Low,True
8740-CRYFY,Month-to-month,1,78.95,Yes,88.0,High,False
3569-VLDHH,One year,66,75.1,No,6.9,Low,False
8224-KDLKN,Two year,72,25.0,No,0.5,Low,True
7594-LZNWR,Month-to-month,34,69.15,No,25.8,Low,False
4001-TSBTV,Month-to-month,58,91.55,No,25.2,Low,False
2962-XPMCQ,Month-to-month,2,45.15,Yes,62.4,High,False
8727-XDPUD,Two year,37,35.8,No,2.7,Low,True
1043-UXOVO,Two year,71,113.15,No,2.0,Low,False
1064-FBXNK,One year,1,19.85,No,9.8,Low,False
3996-ZNWYK,Two year,71,19.8,No,0.8,Low,False
2878-DHMIN,One year,35,19.9,No,3.1,Low,False
7762-ONLJY,One year,6,19.7,No,4.6,Low,True
1678-FYZOW,Month-to-month,3,79.4,Yes,69.1,High,False
5795-BKOYE,One year,69,59.1,No,2.4,Low,False
8627-EHGIP,One year,44,53.95,Yes,27.5,Low,False
7402-PWYJJ,One year,53,91.15,No,18.9,Low,False
5480-TBGPH,Month-to-month,24,99.3,Yes,55.4,Medium,False
0018-NYROU,Month-to-month,5,68.95,No,61.8,High,False
7501-VTYLJ,Month-to-month,2,51.55,No,34.5,Medium,False
7608-RGIRO,Two year,62,24.4,No,0.8,Low,False
0480-BIXDE,Month-to-month,19,96.8,No,57.2,Medium,False
5895-QSXOD,Month-to-month,9,70.05,No,38.8,Medium,False
9814-AOUDH,Two year,53,19.5,No,1.9,Low,True
6175-IRFIT,Month-to-month,5,78.75,No,57.1,Medium,True
8760-ZRHKE,One year,71,69.2,No,2.1,Low,False
1622-HSHSF,Month-to-month,1,19.55,No,40.9,Medium,True
8854-CCVSQ,Month-to-month,18,80.65,Yes,61.1,High,False
6749-UTDVX,Two year,72,103.65,No,20.6,Low,False
5542-DHSXL,Month-to-month,4,54.7,No,19.2,Low,False
9102-OXKFY,Two year,59,54.15,No,2.9,Low,False
0511-JTEOY,Month-to-month,1,71.1,Yes,72.2,High,False
5216-WASFJ,Month-to-month,31,84.85,No,63.3,High,False
7808-DVWEP,Month-to-month,3,20.0,No,13.6,Low,False
7067-KSAZT,One year,65,106.25,Yes,26.6,Low,True
2284-VFLKH,One year,49,99.25,No,23.9,Low,False
0366-NQSHS,Month-to-month,2,19.35,No,12.7,Low,False
6532-YLWSI,One year,53,20.8,Yes,3.2,Low,False
3807-BPOMJ,One year,55,94.75,No,18.5,Low,False
3892-NXAZG,Two year,72,114.05,No,1.6,Low,False
4948-WBBKL,Month-to-month,36,74.9,No,40.5,Medium,False
4182-BGSIQ,Month-to-month,10,19.8,No,12.3,Low,False
9300-AGZNL,Month-to-month,1,94.0,Yes,94.4,High,False
0988-AADSA,Two year,72,80.85,No,0.4,Low,False
9972-NKTFD,Month-to-month,28,54.65,No,7.6,Low,True
3717-LNXKW,Month-to-month,38,91.7,No,23.5,Low,False
5734-EJKXG,One year,61,118.6,No,12.6,Low,False
2207-RYYRL,Two year,52,24.55,No,1.1,Low,False
6729-FZWSY,One year,67,19.45,No,3.8,Low,False
9695-IDRZR,Two year,34,116.15,No,5.5,Low,False
8144-DGHXP,Two year,54,80.6,No,3.3,Low,False
7814-LEEVE,Month-to-month,1,20.3,No,36.4,Medium,False
1112-CUNAO,Month-to-month,15,89.85,Yes,50.9,Medium,True
5175-AOBHI,Month-to-month,4,46.0,Yes,41.2,Medium,False
5174-RNGBH,Month-to-month,9,66.25,Yes,14.8,Low,False
8631-WUXGY,Month-to-month,46,99.8,No,38.8,Medium,False
7270-BDIOA,Month-to-month,22,90.0,Yes,53.6,Medium,False
9565-JSNFM,One year,38,70.45,Yes,13.4,Low,True
5906-DVAPM,One year,55,75.0,No,3.0,Low,False
6654-QGBZZ,Month-to-month,1,19.9,No,42.0,Medium,True
8348-JLBUG,One year,64,80.3,No,3.7,Low,False
0607-DAAHE,Two year,53,19.75,Yes,3.0,Low,False
5641-DMBFJ,Two year,58,84.3,No,4.7,Low,False
9200-NLNPD,One year,56,54.05,No,15.8,Low,False
2664-XJZNO,Two year,72,104.9,No,3.4,Low,False
9732-KPKBW,Month-to-month,1,53.95,Yes,44.1,Medium,True
3339-EAQNV,One year,72,97.25,No,16.3,Low,True
0921-OHLVP,Month-to-month,22,83.05,No,43.5,Medium,False
3389-YGYAI,Month-to-month,8,105.5,Yes,88.0,High,False
9560-ARGQJ,Month-to-month,16,81.0,Yes,45.9,Medium,False
8350-NYMVI,Month-to-month,39,41.1,No,11.6,Low,False
1600-DILPE,Month-to-month,12,45.0,No,20.6,Low,False
0536-ESJEP,Two year,54,74.55,No,2.4,Low,False
4654-GGUII,One year,18,40.2,No,7.7,Low,False
6478-HRRCZ,One year,32,70.5,No,5.3,Low,False
8510-BBWMU,One year,41,19.75,No,3.8,Low,False
6857-TKDJV,Two year,67,24.65,No,0.8,Low,False
2360-RDGRO,Month-to-month,65,104.25,No,39.1,Medium,False
0584-BJQGZ,Month-to-month,25,78.35,No,11.1,Low,False
5134-IKDAY,Month-to-month,1,69.8,Yes,84.3,High,False
1360-XFJMR,One year,67,109.7,No,21.9,Low,True
3070-DVEYC,Month-to-month,7,73.75,Yes,57.8,Medium,False
5730-RIITO,Month-to-month,43,33.45,No,20.3,Low,False
9058-MJLZC,Month-to-month,24,94.6,No,53.5,Medium,False
5707-ORNDZ,Month-to-month,9,54.55,Yes,30.4,Medium,False
0902-XKXPN,Two year,69,20.2,No,0.6,Low,False
5177-RVZNU,One year,37,20.3,No,1.5,Low,False
0056-EPFBG,Two year,20,39.4,No,2.6,Low,True
8993-IZEUX,Month-to-month,7,69.15,No,40.4,Medium,False
8696-JKZNU,Month-to-month,37,76.25,Yes,50.8,Medium,True
5380-AFSSK,Month-to-month,5,93.9,Yes,84.4,High,False
8190-ZTQFB,One year,41,51.35,No,23.4,Low,True
0931-MHTEM,One year,54,100.05,No,20.0,Low,False
2055-PDADH,Month-to-month,3,70.4,Yes,64.5,High,False
7515-LODFU,Two year,69,20.3,No,0.9,Low,True
0440-UEDAI,One year,53,94.45,No,11.6,Low,True
1337-BOZWO,One year,18,46.4,No,9.8,Low,False
0868-VJRDR,Two year,64,104.05,No,4.8,Low,True
8714-EUHJO,Month-to-month,31,91.15,Yes,41.9,Medium,True
6344-SFJVH,Month-to-month,20,24.9,No,18.7,Low,False
3950-VPYJB,One year,57,59.6,No,2.1,Low,False
8041-TMEID,Two year,63,108.5,No,9.5,Low,False
7321-ZNSLA,Two year,13,40.55,No,2.2,Low,False
6941-KXRRV,One year,48,58.95,No,12.2,Low,False
3721-CNEYS,Month-to-month,2,70.95,Yes,61.5,High,True
8727-JQFHV,Two year,57,20.75,No,1.4,Low,False
9475-NNDGC,One year,71,113.15,No,15.7,Low,False
1355-KUSBG,Month-to-month,7,48.8,No,32.6,Medium,False
3688-FTHLT,Month-to-month,16,63.05,No,33.8,Medium,False
0899-LIIBW,Month-to-month,34,100.85,No,46.4,Medium,True
2568-OIADY,Month-to-month,37,99.5,Yes,61.9,High,False
1384-RCUXW,Month-to-month,16,80.55,No,48.0,Medium,False
5825-XJOCM,One year,48,64.4,No,4.4,Low,True
6848-YLDFR,One year,58,75.2,No,6.9,Low,True
8125-QPFJD,Two year,72,84.9,No,0.8,Low,False
2320-YKQBO,Month-to-month,7,19.3,No,6.9,Low,False
1193-RTSLK,Month-to-month,38,83.9,Yes,28.6,Low,False
2302-ANTDP,Month-to-month,48,117.45,Yes,35.4,Medium,False
5923-GXUOC,Month-to-month,10,104.4,Yes,77.4,High,False
4973-RLZVI,One year,30,74.65,No,4.2,Low,True
7869-ZYDST,Month-to-month,31,59.05,No,14.0,Low,False
4501-UYKBC,One year,46,69.1,No,11.6,Low,True
1215-EXRMO,Two year,50,20.55,No,1.1,Low,False
2305-MRGLV,Month-to-month,28,76.55,No,15.1,Low,False
8404-VIOMB,Two year,66,62.5,No,1.4,Low,False
5233-GEEAX,Month-to-month,8,29.4,Yes,56.1,Medium,False
2359-KLTEK,Month-to-month,41,94.9,No,27.9,Low,False
5304-EFJLP,Two year,72,111.65,No,2.8,Low,False
2673-ZALNP,One year,7,19.9,No,3.6,Low,False
9184-GALIL,Month-to-month,38,20.45,No,4.2,Low,False
4393-RYCRE,One year,44,106.05,No,30.4,Medium,False
9746-MDMBK,One year,47,113.45,No,16.3,Low,False
3162-ZJZFU,Month-to-month,53,92.55,No,21.1,Low,False
8404-GFGCZ,Month-to-month,4,65.6,No,41.2,Medium,False
8875-AKBYH,Month-to-month,20,84.35,No,65.7,High,False
4432-ADRLB,Month-to-month,2,44.65,Yes,39.0,Medium,False
0533-UCAAU,One year,57,71.1,No,7.2,Low,False
1394-SUIUH,Month-to-month,44,85.15,No,23.5,Low,False
3521-MNKLV,Month-to-month,24,49.7,No,18.4,Low,False
2533-TIBIX,Month-to-month,15,30.2,No,19.9,Low,False
8993-PHFWD,Month-to-month,3,25.25,Yes,48.2,Medium,True
1565-RHDJD,Month-to-month,4,84.05,Yes,68.0,High,False
7137-RYLPP,Month-to-month,37,85.7,Yes,56.9,Medium,False
3765-JXVKY,Month-to-month,1,74.7,Yes,80.0,High,False
5092-STPKP,Month-to-month,24,56.35,No,5.8,Low,False
7330-WZLNC,Month-to-month,5,90.8,Yes,79.7,High,False
0114-PEGZZ,Month-to-month,33,107.55,No,26.9,Low,False
3359-DSRKA,Two year,58,19.85,No,2.2,Low,False
8639-NHQEI,Two year,72,95.9,No,0.9,Low,False
7161-DFHUF,Two year,71,23.85,No,0.5,Low,False
3957-LXOLK,Month-to-month,28,106.15,Yes,56.6,Medium,False
3720-DBRWL,Two year,51,83.85,No,1.5,Low,False
6635-MYYYZ,One year,30,85.35,Yes,7.9,Low,False
8565-WUXZU,Two year,72,84.8,No,0.9,Low,False
5281-BUZGT,Month-to-month,36,90.85,Yes,39.4,Medium,True
4994-OBRSZ,Two year,14,76.1,No,2.1,Low,False
0562-FGDCR,Two year,72,74.55,No,0.4,Low,True
2436-QBZFP,Month-to-month,22,39.2,No,30.9,Medium,False
3420-YJLQT,Month-to-month,2,79.55,No,65.2,High,False
6040-CGACY,Month-to-month,15,19.6,No,9.2,Low,False
6582-PLFUU,Two year,51,19.55,No,1.1,Low,False
8242-PDSGJ,Two year,70,39.15,No,1.7,Low,False
0264-CNITK,Two year,71,20.1,No,0.7,Low,False
0089-IIQKO,Month-to-month,39,99.95,No,40.8,Medium,False
7839-NUIAA,Month-to-month,61,59.8,No,6.3,Low,False
6075-QMNRR,Month-to-month,52,49.75,No,10.4,Low,True
5378-IKEEG,Month-to-month,1,35.75,Yes,76.1,High,False
5966-EMAZU,One year,64,108.5,No,20.1,Low,True
0440-EKDCF,Two year,62,60.15,No,1.0,Low,False
4774-HHGGS,Two year,30,19.05,No,0.5,Low,False
2718-GAXQD,Month-to-month,4,46.0,Yes,44.1,Medium,False
2055-BFOCC,One year,63,84.0,No,5.2,Low,False
8180-AKMJV,Month-to-month,1,44.55,No,50.4,Medium,False
4298-OYIFC,Month-to-month,15,103.45,No,72.5,High,False
5566-SOEZD,One year,27,80.65,No,9.2,Low,True
9842-EFSYY,Month-to-month,4,57.2,No,36.9,Medium,True
2272-WUSPA,Two year,72,110.75,No,1.6,Low,True
4584-LBNMK,One year,45,24.7,No,5.4,Low,False
3898-GUYTS,Month-to-month,45,97.05,No,30.0,Low,False
0930-EHUZA,One year,36,76.35,No,4.2,Low,False
6413-XKKPU,Month-to-month,17,89.4,Yes,46.7,Medium,False
9975-SKRNR,Month-to-month,1,18.9,No,17.2,Low,False
3703-KBKZP,Month-to-month,16,74.45,No,47.4,Medium,False
1449-XQEMT,Month-to-month,3,19.8,Yes,19.7,Low,False
2626-URJFX,Month-to-month,4,50.9,Yes,57.8,Medium,False
4973-MGTON,Two year,71,84.4,No,0.8,Low,False
3682-YEUWS,Month-to-month,10,24.4,No,10.2,Low,False
1223-UNPKS,Two year,20,20.05,No,1.2,Low,False
2612-RRIDN,Month-to-month,4,81.0,Yes,69.6,High,False
4735-ASGMA,Month-to-month,26,98.35,Yes,77.9,High,True
3446-QDSZF,Month-to-month,4,55.5,No,27.5,Low,False
3669-LVWZB,Month-to-month,5,51.0,Yes,51.5,Medium,False
6892-EZDTG,Month-to-month,4,91.65,Yes,80.1,High,False
5117-IFGPS,Month-to-month,29,84.3,No,66.8,High,False
7379-FNIUJ,Month-to-month,2,100.2,No,55.3,Medium,False
1627-AFWVJ,Two year,29,19.4,No,1.4,Low,False
9725-SCPZG,Month-to-month,1,90.85,Yes,85.3,High,False
5884-GCYMI,Month-to-month,1,69.4,Yes,76.0,High,False
3217-FZDMN,Month-to-month,8,94.45,Yes,73.9,High,False
4486-EFAEB,Month-to-month,13,20.4,No,11.4,Low,False
0060-FUALY,Month-to-month,59,94.75,No,25.0,Low,False
7853-GVUDZ,Month-to-month,1,20.15,Yes,36.9,Medium,False
7480-QNVZJ,Month-to-month,50,95.7,Yes,55.0,Medium,False
6954-OOYZZ,Month-to-month,18,44.35,No,19.6,Low,False
7088-FBAWU,Month-to-month,17,74.55,No,12.1,Low,False
8313-AFGBW,Two year,47,73.6,No,4.2,Low,False
3943-KDREE,Month-to-month,26,74.95,Yes,30.2,Medium,False
9239-ZBZZV,Month-to-month,6,47.95,Yes,65.1,High,False
3097-IDVPU,Month-to-month,19,50.1,No,16.7,Low,False
4398-HSCJH,Month-to-month,3,63.6,Yes,52.3,Medium,False
2197-OMWGI,Two year,68,53.0,No,8.2,Low,False
2303-PJYHN,Month-to-month,2,19.85,No,15.7,Low,False
9795-VOWON,One year,7,24.35,No,16.5,Low,False
1237-WIYYZ,Month-to-month,18,19.55,No,9.4,Low,False
1987-AUELQ,Two year,71,25.05,No,0.6,Low,False
7852-LECYP,Month-to-month,13,93.8,No,44.1,Medium,False
4430-UZIPO,Month-to-month,3,36.85,Yes,44.8,Medium,False
4822-LPTYJ,Two year,72,103.75,No,10.5,Low,False
8165-CBKXO,Two year,66,56.75,No,3.5,Low,False
6527-PZFPV,One year,24,20.8,No,2.7,Low,True
4855-SNKMY,Month-to-month,1,44.1,Yes,62.3,High,False
9593-CVZKR,Two year,56,24.45,No,1.2,Low,False
8595-SIZNC,One year,22,25.6,No,5.6,Low,False
8008-HAWED,Month-to-month,14,50.75,Yes,55.2,Medium,False
7124-UGSUR,One year,61,104.4,Yes,18.8,Low,True
1862-SKORY,Month-to-month,40,39.3,Yes,39.3,Medium,False
5236-XMZJY,Month-to-month,42,59.65,No,9.0,Low,True
4827-DPADN,Two year,72,83.3,No,0.7,Low,False
2694-CIUMO,Month-to-month,12,79.55,No,54.0,Medium,True
5846-ABOBJ,Two year,71,24.45,No,0.7,Low,False
1439-LCGVL,One year,26,19.2,No,0.8,Low,False
0909-SDHNU,Month-to-month,7,29.8,No,18.0,Low,False
4647-XXZAM,Month-to-month,6,45.5,No,22.4,Low,False
1502-XFCVR,One year,58,106.45,Yes,32.8,Medium,False
7740-KKCXF,Month-to-month,51,30.05,No,18.0,Low,False
5360-XGYAZ,Two year,72,65.65,No,0.7,Low,False
9692-TUSXH,Month-to-month,18,96.05,Yes,55.7,Medium,True
7912-SYRQT,Month-to-month,7,75.1,Yes,64.3,High,True
3557-HTYWR,Two year,47,74.05,No,1.6,Low,False
4816-JBHOV,Month-to-month,2,44.7,Yes,61.8,High,False
8920-NAVAY,One year,62,110.75,No,16.9,Low,False
1699-TLDLZ,Two year,16,19.7,No,1.9,Low,False
5600-PDUJF,Month-to-month,6,49.5,No,27.1,Low,True
8292-TYSPY,Month-to-month,19,55.0,Yes,25.7,Low,False
0567-XRHCU,Two year,69,43.95,No,2.2,Low,False
1867-BDVFH,Month-to-month,11,74.35,Yes,62.0,High,True
2067-QYTCF,Month-to-month,64,111.15,No,22.8,Low,False
2359-QWQUL,One year,39,104.7,Yes,27.0,Low,False
9103-TCIHJ,Month-to-month,15,55.7,Yes,19.2,Low,True
7407-SUJIZ,Month-to-month,25,20.6,No,4.9,Low,False
9150-KPBJQ,Two year,6,19.65,No,1.9,Low,False
0052-DCKON,One year,66,115.8,No,22.8,Low,False
3654-ARMGP,Two year,61,88.65,No,2.0,Low,False
9699-UBQFS,Month-to-month,43,94.5,No,44.8,Medium,False
9367-TCUYN,Month-to-month,12,20.1,No,8.9,Low,True
1261-FWTTE,Month-to-month,23,34.65,No,35.4,Medium,True
3528-HFRIQ,Month-to-month,71,52.3,No,22.3,Low,False
0708-SJDIS,Month-to-month,34,65.0,No,9.6,Low,False
4140-WJAWW,Month-to-month,5,19.85,Yes,11.5,Low,False
2073-QBVBI,One year,41,35.45,No,5.6,Low,False
6928-ONTRW,Two year,72,19.7,No,0.5,Low,False
3320-VEOYC,Month-to-month,14,95.6,No,70.8,High,True
5231-FIQPA,Two year,41,19.85,No,1.5,Low,False
6617-WLBQC,One year,23,81.85,No,7.2,Low,False
2599-CIPQE,Two year,71,109.3,No,4.4,Low,False
6653-CBBOM,Month-to-month,1,70.3,Yes,79.2,High,False
8774-GSBUN,Two year,72,25.4,No,0.5,Low,False
7326-RIGQZ,Month-to-month,6,69.8,No,56.6,Medium,False
1401-FTHFQ,One year,23,20.0,No,2.2,Low,False
3247-ZVOUO,Month-to-month,10,85.55,Yes,70.2,High,False
0254-FNMCI,Two year,72,109.9,No,2.7,Low,False
1848-LBZHY,Month-to-month,7,50.3,No,21.8,Low,True
6101-IMRMM,Month-to-month,6,94.5,Yes,66.8,High,False
8118-TJAFG,Month-to-month,9,101.5,No,61.7,High,False
5429-LWCMV,Month-to-month,12,89.15,No,71.9,High,False
7298-IZWLY,Month-to-month,1,19.4,No,44.5,Medium,False
9758-MFWGD,One year,48,29.9,No,7.5,Low,True
3955-JBZZM,Month-to-month,20,78.8,No,38.3,Medium,False
1268-ASBGA,Month-to-month,16,85.35,Yes,59.2,Medium,False
8943-URTMR,Month-to-month,2,79.65,Yes,70.9,High,False
4815-TUMEQ,One year,10,19.3,No,3.1,Low,False
4713-LZDRV,Month-to-month,2,79.6,Yes,75.4,High,True
9909-IDLEK,Month-to-month,20,96.8,No,26.8,Low,False
4092-OFQZS,One year,20,20.65,No,2.1,Low,False
1561-BWHIN,One year,19,19.8,No,3.2,Low,False
4325-NFSKC,Month-to-month,19,90.6,Yes,54.7,Medium,False
9927-DSWDF,Month-to-month,22,104.6,No,53.9,Medium,True
9500-LTVBP,Month-to-month,35,80.05,No,27.0,Low,False
7252-NTGSS,Month-to-month,1,45.15,No,49.6,Medium,False
8149-AIQCG,Month-to-month,39,73.15,No,38.7,Medium,False
1360-JYXKQ,One year,54,99.1,No,31.5,Medium,True
2955-PSXOE,Month-to-month,1,20.2,Yes,40.1,Medium,True
7762-URZQH,Two year,66,106.05,Yes,40.8,Medium,False
0899-WZRSD,Month-to-month,56,105.35,No,27.8,Low,False
3255-GRXMG,Month-to-month,18,45.65,No,20.5,Low,False
4828-FAZPK,Month-to-month,16,79.95,No,44.5,Medium,False
6094-ZIVKX,One year,68,54.45,No,2.9,Low,False
6925-BAYGL,Two year,53,25.1,No,2.7,Low,False
3262-EIDHV,Two year,72,84.7,No,0.7,Low,False
7354-OIJLX,Month-to-month,9,75.85,No,64.2,High,True
1376-HHBDV,Month-to-month,30,48.8,No,8.9,Low,False
6907-NZZIJ,Month-to-month,36,99.15,Yes,53.4,Medium,False
6133-OZILE,Month-to-month,18,35.2,No,36.7,Medium,False
4135-FRWKJ,One year,55,76.25,No,4.3,Low,False
2911-UREFD,Month-to-month,39,55.9,Yes,30.4,Medium,False
3744-ZRRDZ,Month-to-month,21,82.35,Yes,57.1,Medium,False
5673-TIYIB,Month-to-month,2,40.4,Yes,53.8,Medium,False
6551-ZCOTS,One year,33,24.9,No,5.0,Low,False
7191-ADRGF,Two year,44,54.3,No,7.3,Low,True
5018-LXQQG,Month-to-month,30,66.3,No,5.7,Low,True
6892-BOGQE,Two year,71,20.9,No,0.7,Low,False
1602-IJQQE,Month-to-month,4,75.35,Yes,60.4,High,False
4628-WQCQQ,One year,35,85.15,Yes,23.3,Low,False
1746-TGTWV,Month-to-month,1,75.35,No,69.0,High,False
5995-SNNEW,Month-to-month,23,104.45,No,71.5,High,False
8050-WYBND,One year,22,49.45,No,27.7,Low,False
2821-WARNZ,One year,49,19.45,No,1.7,Low,False
4879-GZLFH,Month-to-month,42,92.15,No,31.6,Medium,False
1644-IRKSF,One year,33,93.8,Yes,29.2,Low,False
8314-HTWVE,Two year,7,19.85,No,1.7,Low,True
9402-ROUMJ,One year,67,100.25,No,12.5,Low,True
2507-QZPQS,Month-to-month,15,95.7,No,42.3,Medium,False
7159-NOKYQ,Two year,67,93.15,No,11.9,Low,True
5707-ZMDJP,Two year,53,69.7,No,0.8,Low,False
8779-YIQQA,One year,21,19.8,No,3.2,Low,True
7136-IHZJA,Month-to-month,40,71.35,No,9.2,Low,False
8966-OIQHG,One year,22,20.75,No,2.2,Low,False
7074-STDCN,Month-to-month,39,40.6,No,21.3,Low,False
3705-PSNGL,One year,45,20.4,Yes,3.3,Low,True
8739-QOTTN,Month-to-month,2,20.35,No,12.0,Low,False
1399-OUPJN,Two year,57,19.75,No,1.6,Low,False
0277-BKSQP,Month-to-month,8,54.4,No,41.2,Medium,False
6502-HCJTI,Month-to-month,7,94.7,Yes,71.4,High,False
2606-RMDHZ,Month-to-month,6,30.5,Yes,38.1,Medium,True
5774-XZTQC,Month-to-month,7,20.45,No,7.0,Low,False
2676-SSLTO,Two year,49,66.15,No,2.8,Low,True
6266-QHOJZ,One year,65,89.85,No,6.3,Low,False
7269-JISCY,One year,55,45.05,No,4.7,Low,False
0363-SVHYR,Two year,71,86.85,No,0.9,Low,False
8547-NSBBO,Month-to-month,35,96.75,No,14.7,Low,False
8258-GSTJK,Month-to-month,3,77.0,Yes,78.5,High,True
6861-OKBCE,Month-to-month,11,20.1,Yes,7.7,Low,False
9940-RHLFB,Month-to-month,1,75.3,Yes,73.5,High,True
6591-QGOYB,Month-to-month,17,106.65,No,34.9,Medium,False
9070-BCKQP,Two year,72,110.15,No,1.8,Low,True
6421-SZVEM,One year,28,82.85,No,19.8,Low,True
1328-EUZHC,Two year,18,20.1,No,1.6,Low,False
2995-UPRYS,One year,40,99.2,Yes,24.9,Low,True
8878-RYUKI,Month-to-month,52,59.45,No,19.8,Low,False
9633-DENPU,Month-to-month,47,58.6,No,17.3,Low,True
7811-JIVPF,Month-to-month,23,49.7,No,12.6,Low,False
7113-HIPFI,Two year,66,65.85,No,1.0,Low,False
8541-QVFKM,Month-to-month,8,73.5,No,67.3,High,True
6686-YPGHK,Month-to-month,47,85.5,Yes,23.4,Low,False
1383-EZRWL,Month-to-month,7,20.05,Yes,9.5,Low,False
9258-CNWAC,Two year,71,113.65,No,2.1,Low,False
5371-VYLSX,Month-to-month,50,83.4,No,30.3,Medium,False
6374-AFWOX,Two year,46,65.65,No,1.4,Low,True
4759-TRPLW,Month-to-month,1,70.4,Yes,71.3,High,False
5317-FLPJF,Two year,66,61.35,No,1.8,Low,False
7621-VPNET,Month-to-month,42,85.9,No,23.8,Low,False
6034-YMTOB,Month-to-month,5,75.65,No,49.1,Medium,True
8563-IIOXK,One year,7,49.75,Yes,14.3,Low,False
4903-CNOZC,One year,29,70.9,No,6.7,Low,False
4353-HYOJD,Month-to-month,27,49.85,No,7.5,Low,True
8020-BWHYL,Month-to-month,15,75.3,Yes,51.2,Medium,False
7267-FRMJW,Two year,25,20.1,No,1.1,Low,False
2982-VPSGI,Month-to-month,11,94.0,Yes,82.7,High,False
4188-FRABG,Month-to-month,57,103.05,No,30.6,Medium,False
8199-ZLLSA,One year,67,118.35,Yes,32.4,Medium,False
4128-ETESU,Month-to-month,47,99.7,No,51.2,Medium,False
0620-DLSLK,Month-to-month,13,81.9,No,52.6,Medium,False
4625-EWPTF,Month-to-month,8,30.45,Yes,42.0,Medium,False
5980-NOPLP,Month-to-month,44,96.1,Yes,53.1,Medium,False
3850-OKINF,One year,71,66.2,No,3.4,Low,False
6892-XPFPU,Month-to-month,24,104.25,Yes,75.7,High,True
8010-EZLOU,Month-to-month,15,80.2,Yes,62.1,High,False
1156-ZFYDO,Month-to-month,1,19.75,No,34.8,Medium,False
3295-YVUSR,Month-to-month,2,72.6,No,71.4,High,False
8016-NCFVO,Month-to-month,55,116.5,No,31.4,Medium,False
4119-ZYPZY,Two year,71,106.8,No,20.1,Low,False
5549-ZGHFB,Two year,50,24.95,No,1.2,Low,False
7577-SWIFR,Month-to-month,1,89.25,No,85.5,High,False
0303-WMMRN,Month-to-month,5,19.25,No,8.0,Low,False
6408-OTUBZ,One year,66,104.55,No,8.7,Low,False
5204-HMGYF,One year,49,87.2,No,3.7,Low,True
1078-TDCRN,Month-to-month,3,30.75,No,67.0,High,False
3727-OVPRY,One year,66,25.7,No,2.0,Low,False
3797-FKOGQ,Month-to-month,11,86.2,No,51.0,Medium,False
7622-NXQZR,Month-to-month,28,30.1,No,13.1,Low,False
6196-HBOBZ,Two year,65,99.35,No,8.4,Low,False
3970-XGJDU,Two year,62,19.2,No,0.8,Low,True
7017-VFULY,Month-to-month,2,20.1,No,15.4,Low,True
5562-YJQGT,Month-to-month,2,20.35,No,10.7,Low,False
8807-OPMBM,Two year,55,25.65,No,1.4,Low,False
5439-WIKXB,Month-to-month,41,94.55,No,41.4,Medium,False
9874-QLCLH,Month-to-month,17,104.2,Yes,65.1,High,False
8294-UIMBA,One year,30,94.4,No,21.8,Low,False
8109-YUOHE,One year,17,56.1,No,4.9,Low,False
5840-NVDCG,Two year,16,68.25,No,2.3,Low,False
8092-NLTGF,Two year,72,24.75,No,0.6,Low,False
5928-QLDHB,Month-to-month,9,76.25,No,65.4,High,False
9840-EFJQB,Month-to-month,1,74.35,No,69.1,High,False
0696-UKTOX,Month-to-month,23,54.15,No,11.3,Low,False
4801-KFYKL,Month-to-month,8,19.45,No,8.6,Low,False
3472-OAOOR,Month-to-month,19,34.95,No,21.4,Low,False
6135-OZQVA,Month-to-month,7,53.65,No,36.7,Medium,False
8062-YBDOE,Month-to-month,1,69.65,Yes,87.7,High,False
2252-JHJGE,One year,61,104.0,No,22.4,Low,True
4188-PCPIG,Two year,57,70.35,No,1.2,Low,False
6000-APYLU,Month-to-month,9,80.8,Yes,59.2,Medium,True
7105-BENQF,One year,15,64.85,No,8.0,Low,False
7721-DVEKZ,Month-to-month,1,19.65,No,34.0,Medium,False
3566-VVORZ,Month-to-month,12,45.9,No,17.4,Low,False
9507-HSMMZ,Two year,54,20.0,No,2.2,Low,False
2480-SQIOB,Month-to-month,4,44.8,No,36.4,Medium,True
0947-IDHRQ,Month-to-month,7,80.3,Yes,64.7,High,False
7813-TKCVO,One year,20,20.35,No,2.2,Low,False
0128-MKWSG,Month-to-month,26,45.8,No,11.2,Low,False
3672-YITQD,Month-to-month,36,84.1,Yes,61.0,High,True
4350-ZTLPI,One year,53,108.95,No,27.2,Low,False
9048-JVYVF,Month-to-month,3,69.35,Yes,43.4,Medium,True
0361-HJRDX,Two year,68,64.35,No,1.5,Low,False
5727-MYATE,Two year,72,90.8,No,0.5,Low,True
3823-KYNQY,One year,12,24.95,No,4.6,Low,False
8988-ECPJR,Month-to-month,34,79.6,Yes,40.9,Medium,True
7570-WELNY,Two year,68,84.7,No,3.4,Low,False
3021-VLNRJ,One year,50,70.8,No,3.1,Low,False
3776-EKTKM,Month-to-month,1,36.45,Yes,84.6,High,False
2080-CAZNM,Month-to-month,41,104.4,No,61.1,High,False
1028-FFNJK,Month-to-month,30,101.5,No,59.4,Medium,False
6907-FLBER,Month-to-month,1,54.3,No,59.2,Medium,False
3001-UNBTL,Month-to-month,29,103.95,No,67.6,High,False
5982-PSMKW,Two year,23,91.1,No,1.8,Low,False
3507-GASNP,Two year,60,19.95,No,1.4,Low,False
7096-ZNBZI,Two year,72,26.45,No,0.5,Low,False
1902-XBTFB,Month-to-month,22,89.4,Yes,46.1,Medium,True
1676-MQAOA,Two year,72,75.1,No,0.8,Low,False
0786-IVLAW,One year,66,108.1,No,12.6,Low,False
7566-DSRLQ,Two year,72,110.15,No,3.4,Low,False
0643-OKLRP,Month-to-month,47,80.35,Yes,26.5,Low,False
7245-JMTTQ,One year,51,111.5,No,26.9,Low,False
6050-IJRHS,One year,70,106.5,No,16.7,Low,False
6202-JVYEU,One year,9,19.9,No,5.9,Low,False
8591-TKMZH,Two year,59,111.1,No,4.4,Low,True
0734-OXWBT,Month-to-month,3,70.7,No,28.7,Low,False
4282-ACRXS,Month-to-month,38,24.85,No,36.5,Medium,False
0365-TRTPY,Month-to-month,37,91.2,No,13.0,Low,True
7349-ALMUX,Two year,37,65.6,No,1.5,Low,False
9381-NDKME,Month-to-month,24,40.65,Yes,38.8,Medium,True
6502-KUGLL,Month-to-month,14,59.45,No,8.8,Low,False
1841-YSJGV,Two year,72,109.95,No,2.3,Low,False
2794-XIMMO,One year,53,60.45,Yes,18.8,Low,False
8382-SHQEH,Month-to-month,8,84.9,Yes,79.8,High,False
3511-BFTJW,Two year,72,38.5,No,1.2,Low,True
7668-XCFYV,Month-to-month,17,92.55,No,67.9,High,False
2983-ZANRP,Month-to-month,2,73.55,Yes,58.2,Medium,False
7845-URHJN,Month-to-month,8,20.15,Yes,10.7,Low,False
3034-ZBEQN,One year,48,34.7,Yes,6.4,Low,False
5018-HEKFO,Month-to-month,10,24.5,No,13.3,Low,False
2923-ARZLG,One year,0,19.7,No,20.4,Low,True
3976-NLDEZ,Month-to-month,1,20.6,No,37.2,Medium,True
2282-YGNOR,One year,29,58.0,No,2.0,Low,False
5336-UFNZP,One year,65,107.45,No,12.1,Low,False
6854-EXGSF,Month-to-month,8,65.5,No,17.4,Low,True
1241-EZFMJ,Two year,61,25.45,No,1.0,Low,False
9233-PSYHO,One year,45,100.15,No,37.2,Medium,False
5376-PCKNB,One year,72,104.45,No,14.3,Low,False
8044-BGWPI,Month-to-month,12,21.15,No,13.1,Low,False
4060-LDNLU,Month-to-month,7,96.2,No,78.0,High,False
3589-PPVKW,Month-to-month,9,44.4,No,23.4,Low,False
8327-LZKAS,One year,43,107.55,Yes,47.8,Medium,False
5887-IKKYO,Two year,58,94.35,No,5.9,Low,False
1075-BGWOH,Month-to-month,16,98.75,Yes,80.5,High,False
1755-RMCXH,Month-to-month,2,20.3,No,10.7,Low,False
0302-JOIVN,Month-to-month,8,101.15,Yes,66.4,High,False
3858-XHYJO,One year,40,105.75,No,29.5,Low,True
4299-SIMNS,Month-to-month,9,81.15,No,55.0,Medium,False
7025-IWFHT,One year,41,89.55,No,13.2,Low,False
6261-LHRTG,Month-to-month,26,54.75,No,11.2,Low,False
7841-FCRQD,One year,33,53.75,No,4.0,Low,False
2056-EVGZL,One year,68,105.75,No,20.7,Low,False
8777-MBMTS,Two year,65,105.85,No,10.1,Low,False
7753-USQYQ,One year,55,64.2,No,7.9,Low,False
5366-IJEQJ,Month-to-month,20,88.7,Yes,60.6,High,False
7661-CPURM,One year,19,87.7,No,15.3,Low,False
6233-HXJMX,Month-to-month,45,89.3,No,32.0,Medium,False
5902-WBLSE,Two year,70,20.15,No,0.6,Low,False
1981-INRFU,Month-to-month,2,79.75,Yes,71.2,High,False
4971-PUYQO,Month-to-month,27,94.55,Yes,53.0,Medium,False
3239-TPHPZ,Two year,12,20.05,No,4.5,Low,False
5115-GZDEL,Two year,72,67.2,No,0.6,Low,False
3338-CVVEH,Month-to-month,12,94.55,No,72.6,High,True
8485-GJCDN,Month-to-month,5,69.05,Yes,59.6,Medium,False
2615-YVMYX,Month-to-month,71,107.5,No,27.2,Low,False
2851-STERV,One year,35,73.0,No,17.7,Low,False
4393-GEADV,Two year,70,114.75,No,7.5,Low,False
8486-AYEQH,Month-to-month,31,76.05,No,42.5,Medium,False
1527-SXDPN,Two year,52,96.25,Yes,6.7,Low,False
6029-WTIPC,Month-to-month,37,101.1,Yes,62.9,High,False
8634-CILSZ,One year,69,104.7,Yes,36.5,Medium,False
5419-JKZNQ,Month-to-month,30,77.9,No,39.7,Medium,False
2495-KZNFB,Month-to-month,33,90.65,No,35.9,Medium,False
1409-PHXTF,Two year,54,110.45,No,26.2,Low,False
4560-WQAQW,One year,59,68.7,No,3.7,Low,True
9591-YVTEB,Month-to-month,55,44.85,No,29.7,Low,False
9309-BZGNT,One year,69,29.8,No,5.4,Low,False
4274-DRSQT,One year,66,88.9,No,12.7,Low,False
2027-DNKIV,One year,37,58.75,No,3.3,Low,False
8075-GXIUB,One year,9,19.85,No,3.9,Low,False
2885-HIJDH,Two year,69,86.9,No,2.5,Low,True
5424-RLQLC,Month-to-month,10,59.65,No,22.5,Low,False
6682-QJDGB,Month-to-month,40,55.25,Yes,12.6,Low,True
6507-DTJZV,Month-to-month,13,66.4,No,15.8,Low,False
8780-IXSTS,Month-to-month,6,90.1,Yes,79.2,High,False
7673-BQGKU,Two year,69,20.15,No,0.8,Low,False
6723-WSNTY,One year,66,108.1,No,18.3,Low,False
9530-EHPOH,Month-to-month,11,53.75,Yes,33.1,Medium,False
2725-IWWBA,One year,46,56.9,No,4.0,Low,False
0345-HKJVM,Month-to-month,6,89.3,Yes,67.3,High,False
1061-PNTHC,Month-to-month,56,109.6,No,18.4,Low,False
0394-YONDK,Two year,70,25.15,No,0.7,Low,False
6574-MCOEH,One year,33,79.15,No,17.2,Low,False
7399-QHBJS,Two year,72,66.75,No,0.6,Low,False
3049-SOLAY,Month-to-month,3,95.2,Yes,84.6,High,False
0997-YTLNY,Month-to-month,19,48.8,No,12.0,Low,True
3317-HRTNN,Month-to-month,5,45.7,Yes,61.4,High,False
9479-HYNYL,Two year,71,80.7,No,1.3,Low,False
3235-ETOOB,Month-to-month,8,74.5,Yes,54.3,Medium,False
9708-KFDBY,Month-to-month,1,20.55,No,29.5,Low,False
8058-INTPH,Month-to-month,1,79.65,Yes,88.6,High,False
3642-GKTCT,One year,61,115.1,No,9.6,Low,False
0774-RMNUW,Two year,71,59.7,No,0.8,Low,False
1334-PDUKM,One year,68,86.45,No,6.8,Low,False
0756-MPZRL,One year,46,33.7,No,3.7,Low,False
2242-MFOTG,One year,33,80.1,No,8.5,Low,False
2927-CVULT,Two year,53,104.05,No,6.2,Low,False
2144-BFDSO,Month-to-month,50,108.75,No,28.9,Low,False
8745-PVESG,One year,57,41.1,No,3.7,Low,False
7647-GYYKX,Two year,54,20.35,No,1.7,Low,False
5647-FXOTP,Month-to-month,60,105.9,No,44.9,Medium,False
5569-OUICF,Month-to-month,28,101.3,Yes,53.6,Medium,False
8821-XNHVZ,Month-to-month,1,80.05,Yes,86.0,High,True
2082-OJVTK,Month-to-month,29,89.2,Yes,51.3,Medium,False
9700-ISPUP,Month-to-month,10,65.5,No,25.1,Low,True
9839-ETQOE,Month-to-month,43,40.45,No,17.3,Low,False
6078-VESFR,Month-to-month,13,70.45,No,36.2,Medium,False
9027-TMATR,Two year,43,78.8,No,3.9,Low,False
5940-NFXKV,Month-to-month,19,83.65,Yes,63.3,High,False
1941-HOSAM,Month-to-month,1,90.1,No,84.5,High,False
9110-HSGTV,Two year,69,82.45,No,2.4,Low,False
0704-VCUMB,Two year,61,20.25,No,0.8,Low,False
6171-ZTVYB,Month-to-month,43,66.25,No,7.9,Low,False
8053-WWDRO,Month-to-month,6,19.5,Yes,10.1,Low,True
9564-KCLHR,Month-to-month,1,51.25,Yes,34.1,Medium,False
1935-IMVBB,Month-to-month,56,89.7,No,21.1,Low,False
2535-PBCGC,Two year,70,64.55,No,1.7,Low,False
2082-CEFLT,Month-to-month,1,45.6,Yes,70.1,High,False
1470-PSXNM,One year,49,93.65,No,25.8,Low,True
1213-NGCUN,Month-to-month,6,49.65,Yes,25.4,Low,False
2498-XLDZR,Two year,32,73.6,No,1.8,Low,False
9866-OCCKE,Two year,72,109.75,No,2.0,Low,True
5338-YHWYT,Two year,37,61.45,No,1.4,Low,False
7718-UPSKJ,One year,69,106.4,No,14.5,Low,False
8731-WBBMB,Month-to-month,26,81.9,No,10.7,Low,False
1448-CYWKC,One year,58,105.2,No,26.3,Low,False
7901-IIDQV,One year,24,54.6,No,4.9,Low,False
2690-DVRVK,One year,5,20.55,No,4.7,Low,False
5688-KZTSN,Month-to-month,15,20.0,Yes,15.8,Low,False
1270-XKUCC,Two year,30,19.7,No,1.4,Low,False
0334-ZFJSR,One year,55,66.05,No,2.8,Low,False
2894-QOJRX,Month-to-month,25,34.0,Yes,30.8,Medium,False
5747-PMBSQ,Month-to-month,10,92.5,Yes,56.7,Medium,False
5583-EJXRD,Two year,44,54.05,No,2.3,Low,False
4565-EVZMJ,One year,47,58.9,No,3.5,Low,False
3143-JQEGI,Month-to-month,13,88.35,Yes,44.6,Medium,False
6386-SZZKH,Two year,49,107.95,Yes,16.5,Low,False
3327-YBAKM,One year,64,96.9,No,8.1,Low,False
9441-QHEVC,Month-to-month,1,19.1,No,17.2,Low,False
6705-LNMDD,Month-to-month,20,50.0,No,11.4,Low,False
2580-ASVVY,Two year,37,45.4,No,4.4,Low,False
3370-GQEAL,Month-to-month,30,85.45,No,47.2,Medium,False
5032-USPKF,One year,38,84.1,No,9.8,Low,False
2982-IHMFT,Month-to-month,1,74.45,Yes,86.8,High,False
3521-SYVOR,Month-to-month,37,64.75,Yes,32.3,Medium,False
4254-QPEDE,Two year,52,66.25,No,1.9,Low,False
6283-GITPX,Two year,71,76.9,No,0.8,Low,True
9526-JAWYF,Month-to-month,26,89.8,Yes,40.4,Medium,False
0771-CHWSK,Two year,66,74.6,No,5.3,Low,False
9788-HNGUT,Two year,72,116.95,No,2.8,Low,False
9495-REDIY,One year,25,40.65,No,8.9,Low,False
5375-XLDOF,Two year,69,114.35,No,13.0,Low,False
1172-VIYBP,Two year,53,69.7,No,1.4,Low,False
5649-VUKMC,One year,12,95.5,Yes,41.4,Medium,False
6559-PDZLR,Month-to-month,26,98.65,No,62.3,High,False
8992-OBVDG,Month-to-month,21,61.65,No,10.2,Low,False
4273-MBHYA,Month-to-month,1,89.35,No,85.3,High,False
4724-WXVWF,Month-to-month,48,95.4,No,24.6,Low,True
5701-GUXDC,One year,26,35.4,No,6.4,Low,True
1460-UZPRJ,Two year,60,19.95,No,1.0,Low,False
6082-GLJIX,Month-to-month,18,19.25,No,4.7,Low,False
5143-EGQFK,Month-to-month,10,29.65,Yes,42.9,Medium,False
4919-IKATY,Month-to-month,5,84.5,Yes,59.2,Medium,True
2495-TTHBQ,One year,4,20.4,No,4.3,Low,False
0485-ZBSLN,Two year,65,24.75,No,0.8,Low,False
3810-PJUHR,Two year,70,25.35,No,0.6,Low,False
9050-QLROH,Month-to-month,18,90.7,Yes,46.4,Medium,True
0847-HGRML,Two year,62,20.0,No,0.9,Low,False
8232-CTLKO,Two year,66,59.75,No,3.0,Low,False
9227-YBAXE,Two year,65,82.5,No,2.3,Low,False
6168-WFVVF,Month-to-month,3,70.3,Yes,64.4,High,False
9860-LISIZ,Month-to-month,34,20.35,No,4.4,Low,True
0112-QAWRZ,Month-to-month,16,90.8,No,51.5,Medium,False
0877-SDMBN,One year,54,103.95,Yes,29.5,Low,False
2786-GCDPI,Month-to-month,50,104.95,No,50.2,Medium,False
4043-MKDTV,Two year,71,105.25,No,11.1,Low,False
8065-YKXKD,Month-to-month,10,74.75,Yes,65.0,High,False
9637-EIHEQ,Month-to-month,1,50.8,Yes,53.8,Medium,False
9229-RQABD,One year,18,23.75,No,3.7,Low,False
8313-KTIHG,Month-to-month,4,61.3,No,36.6,Medium,False
5320-BRKGK,Two year,58,75.8,No,0.9,Low,False
6284-KMNUF,One year,56,98.0,No,30.2,Medium,True
9689-PTNPG,Month-to-month,2,80.25,Yes,71.9,High,False
9465-RWMXL,Month-to-month,32,78.9,Yes,52.8,Medium,True
6229-UOLQL,One year,56,52.0,No,4.7,Low,False
2362-IBOOY,Month-to-month,36,84.75,Yes,55.0,Medium,False
3137-LUPIX,Month-to-month,4,64.4,No,33.0,Medium,False
0843-WTBXE,Month-to-month,53,85.45,Yes,31.1,Medium,False
6143-JQKEA,Month-to-month,10,45.8,No,25.8,Low,False
8676-OOQEJ,Month-to-month,4,30.5,No,38.1,Medium,False
5515-IDEJJ,Month-to-month,1,19.9,Yes,41.9,Medium,False
9701-CDXHR,Month-to-month,51,69.15,No,14.4,Low,True
7450-NWRTR,Month-to-month,12,99.45,Yes,90.2,High,False
8124-NZVGJ,One year,6,49.25,No,30.6,Medium,False
2162-FRZAA,Two year,63,39.35,No,2.0,Low,False
5376-DEQCP,Month-to-month,1,70.6,Yes,79.2,High,True
5118-MUEYH,Month-to-month,48,105.1,No,33.1,Medium,False
9095-HFAFX,Month-to-month,5,81.0,Yes,65.6,High,False
5627-TVBPP,One year,35,20.1,No,2.2,Low,False
2379-ENZGV,Month-to-month,6,84.85,Yes,66.6,High,False
3936-QQFLL,Month-to-month,2,19.75,No,14.2,Low,False
2589-AYCRP,One year,50,19.75,No,3.0,Low,False
4067-HLYQI,Month-to-month,33,70.4,No,35.5,Medium,True
5124-EOGYE,Two year,31,20.45,No,0.9,Low,False
5057-RKGLH,Two year,9,20.35,No,1.3,Low,True
0292-WEGCH,Month-to-month,54,86.2,No,14.7,Low,False
8910-ICHIU,One year,46,95.65,No,8.8,Low,False
4097-YODCF,One year,34,103.8,No,26.2,Low,False
9715-WZCLW,Two year,71,97.2,No,6.5,Low,True
9786-YWNHU,Two year,63,63.55,No,0.5,Low,False
6407-GSJNL,Two year,51,24.95,No,1.3,Low,False
6005-OBZPH,Month-to-month,26,89.15,Yes,64.1,High,False
4049-ZPALD,Two year,64,99.0,No,5.1,Low,False
7932-WPTDS,Month-to-month,1,24.8,Yes,81.5,High,False
3733-UOCWF,One year,61,85.55,No,7.0,Low,True
6833-JMZYP,Month-to-month,15,94.0,No,49.3,Medium,False
2722-VOJQL,One year,64,105.65,Yes,27.6,Low,False
1310-QRITU,Month-to-month,18,50.3,No,41.1,Medium,True
8961-QDZZJ,One year,57,95.0,No,19.4,Low,False
9715-SBVSU,Two year,14,61.4,No,2.6,Low,False
8490-BXHEO,Month-to-month,18,80.55,No,47.4,Medium,False
7173-TETGO,Two year,72,78.5,No,1.2,Low,False
7929-SKFGK,Two year,70,114.3,No,7.6,Low,False
2300-RQGOI,Two year,38,20.05,No,1.2,Low,False
3563-SVYLG,Two year,68,62.65,No,0.9,Low,True
5228-EXCET,Month-to-month,13,80.85,Yes,53.2,Medium,True
6435-VWCCY,Two year,65,92.7,No,3.6,Low,False
4998-IKFSE,Month-to-month,30,100.45,No,41.5,Medium,False
8630-QSGXK,Two year,51,75.2,No,2.9,Low,False
2455-USLMV,Month-to-month,31,84.75,No,31.8,Medium,False
7394-FKDNK,Month-to-month,9,89.45,Yes,62.3,High,False
9488-FVZCC,Two year,72,79.5,No,0.5,Low,False
6331-LWDTQ,Month-to-month,10,72.15,Yes,41.8,Medium,True
5995-WWKKG,One year,37,19.8,No,5.4,Low,False
1597-FZREH,Month-to-month,2,76.4,Yes,49.4,Medium,False
7879-CGSFV,One year,55,100.9,No,17.5,Low,True
9921-EZKBY,Month-to-month,33,95.3,No,24.1,Low,False
7432-FFVAR,One year,46,90.95,No,9.6,Low,False
7246-ZGQDF,Month-to-month,1,54.5,No,32.3,Medium,False
7000-WCEVQ,Month-to-month,20,61.6,Yes,40.1,Medium,False
0727-IWKVK,Month-to-month,9,79.9,Yes,58.2,Medium,False
5959-BELXA,Month-to-month,32,96.15,Yes,56.5,Medium,False
4456-RHSNB,Month-to-month,19,49.6,No,19.4,Low,False
3512-IZIKN,Two year,70,65.3,Yes,2.2,Low,False
2481-SBOYW,Two year,61,25.0,No,1.0,Low,False
7109-MFBYV,Month-to-month,26,45.45,No,13.9,Low,False
1833-TCXKK,Month-to-month,45,107.75,No,40.6,Medium,True
1832-PEUTS,Two year,62,89.1,No,4.0,Low,False
6141-OOXUQ,Month-to-month,1,19.65,Yes,32.8,Medium,False
8660-BUETV,Month-to-month,3,44.75,No,30.3,Medium,False
0580-PIQHM,One year,41,101.6,No,18.3,Low,False
5696-CEIQJ,Two year,67,103.15,No,5.3,Low,True
7503-ZGUZJ,Month-to-month,1,84.65,Yes,87.8,High,False
1696-HXOWK,One year,71,95.65,No,2.1,Low,False
3026-ATZYV,One year,37,75.1,No,8.4,Low,False
4012-YCFAI,Two year,60,61.35,No,0.7,Low,True
2506-TNFCO,Month-to-month,1,69.55,Yes,89.1,High,False
9970-QBCDA,Month-to-month,6,19.7,No,9.5,Low,False
8718-PTMEZ,Month-to-month,13,31.05,Yes,41.3,Medium,False
9496-IVVRP,Month-to-month,11,51.0,No,12.0,Low,False
2207-OBZNX,Month-to-month,7,51.0,Yes,21.3,Low,False
2657-VPXTA,Month-to-month,10,88.85,No,63.2,High,False
6551-VLJMV,Two year,34,20.05,No,1.0,Low,False
1221-GHZEP,Two year,62,65.1,No,0.9,Low,False
9289-LBQVU,One year,64,70.15,No,5.6,Low,True
6142-VSJQO,Month-to-month,1,44.35,Yes,52.8,Medium,False
3458-IDMFK,Two year,25,20.75,No,1.2,Low,False
6933-FHBZC,One year,26,56.05,No,4.6,Low,True
0221-NAUXK,One year,10,19.95,No,3.7,Low,False
9770-KXGQU,One year,53,98.6,No,8.4,Low,False
6437-UKHMV,Month-to-month,7,79.7,Yes,70.6,High,False
6538-POCHL,Month-to-month,33,79.0,No,33.2,Medium,False
6726-NNFWD,Two year,71,89.45,No,2.1,Low,True
3002-WQZWT,Month-to-month,29,74.2,No,41.4,Medium,False
4277-UDIEF,Month-to-month,24,81.0,No,9.0,Low,False
1208-NBVFH,Month-to-month,20,49.6,No,31.9,Medium,False
4912-PIGUY,Month-to-month,1,84.6,No,90.0,High,False
1114-CENIM,Month-to-month,54,55.0,Yes,21.3,Low,False
6060-DRTNL,Month-to-month,5,84.85,Yes,70.7,High,False
2725-TTRIQ,Two year,72,84.2,No,0.7,Low,False
3374-TTZTK,Two year,52,106.3,No,21.4,Low,False
8990-ZXLSU,Month-to-month,9,69.05,No,43.2,Medium,False
2275-RBYQS,Month-to-month,1,45.4,No,59.6,Medium,False
8473-VUVJN,Month-to-month,1,73.65,Yes,86.7,High,False
6289-CPNLD,One year,33,73.9,Yes,14.2,Low,False
5536-SLHPM,Month-to-month,55,77.75,Yes,36.0,Medium,False
4419-UJMUS,Two year,69,99.35,No,13.8,Low,True
7794-JASDG,Month-to-month,1,50.75,No,48.1,Medium,False
7609-YBPXG,Two year,54,87.1,No,2.1,Low,False
5519-TEEUH,One year,33,20.15,No,2.4,Low,True
7856-GANIL,One year,45,98.7,No,19.1,Low,False
0804-XBFBV,Month-to-month,11,25.2,No,25.2,Low,False
2676-OXPPQ,Month-to-month,6,55.7,No,20.2,Low,False
3703-TTEPD,Month-to-month,21,65.35,No,10.9,Low,False
2799-TSLAG,Two year,65,25.3,No,0.7,Low,False
0196-VULGZ,Month-to-month,6,84.35,Yes,83.9,High,False
8837-VVWLQ,Month-to-month,8,84.95,Yes,51.6,Medium,False
2696-NARTR,Month-to-month,11,73.85,Yes,49.0,Medium,False
2208-NKVVH,Two year,43,24.25,No,1.6,Low,False
7614-QVWQL,One year,49,51.8,Yes,23.5,Low,False
1976-CFOCS,Month-to-month,1,46.0,Yes,70.3,High,False
4631-OACRM,Month-to-month,15,79.4,Yes,67.5,High,True
7139-JZFVG,Two year,60,60.5,No,0.7,Low,False
4987-GQWPO,Month-to-month,17,25.1,No,17.9,Low,False
3755-JBMNH,Month-to-month,16,71.8,Yes,53.9,Medium,False
1757-TCATG,One year,35,20.05,No,1.9,Low,False
6345-ULYRW,One year,44,88.4,Yes,19.5,Low,False
4776-XSKYQ,One year,12,30.25,No,7.5,Low,False
8048-DSDFQ,Month-to-month,1,20.2,No,34.4,Medium,False
5753-QQWPW,One year,28,59.9,No,4.2,Low,True
6010-DDPPW,Two year,70,25.15,No,0.8,Low,False
1809-DMJHQ,Month-to-month,5,46.0,Yes,27.2,Low,True
6693-FRIRW,Month-to-month,18,101.3,No,33.5,Medium,False
6586-MYGKD,Two year,70,76.95,No,4.4,Low,False
3173-NVMPX,Month-to-month,9,55.3,No,30.9,Medium,True
0248-PGHBZ,Two year,67,92.45,No,2.4,Low,False
0623-GDISB,Month-to-month,1,48.45,No,47.0,Medium,False
2892-GESUL,Two year,18,19.35,No,1.8,Low,True
6923-EFPNL,Month-to-month,4,51.75,Yes,40.8,Medium,False
7472-EQOAV,One year,71,86.7,No,2.6,Low,False
9574-RKJIF,Month-to-month,30,94.4,Yes,44.2,Medium,False
2043-WVTQJ,Month-to-month,1,55.7,No,41.2,Medium,False
8034-RYTVV,One year,55,84.25,No,7.7,Low,True
3863-QSTYI,Month-to-month,59,64.65,No,11.9,Low,False
2619-WFQWU,Month-to-month,1,70.15,Yes,75.5,High,False
5044-LRQAQ,Month-to-month,7,69.2,No,52.3,Medium,False
1716-LSAMB,Two year,45,54.65,No,1.8,Low,True
1333-PBMXB,One year,54,24.75,No,3.2,Low,False
6546-OPBBH,One year,51,23.95,No,3.3,Low,False
5985-BEHZK,One year,72,105.0,No,6.0,Low,False
9127-QRZMH,One year,44,59.85,No,4.1,Low,False
5919-VCZYM,Month-to-month,2,20.05,No,12.3,Low,False
9644-KVCNC,One year,66,92.15,No,13.2,Low,False
2137-DQMEV,One year,68,44.8,No,5.0,Low,False
8174-LNWMW,Two year,31,20.9,No,1.4,Low,False
9279-CJEOJ,Month-to-month,21,95.4,No,57.4,Medium,True
7964-VEXDG,Month-to-month,21,80.35,No,29.0,Low,False
2404-JIBFC,Two year,55,85.1,No,1.7,Low,False
0778-NELLA,Month-to-month,9,34.7,Yes,40.5,Medium,True
8029-XYPWT,Two year,71,115.05,No,2.4,Low,False
4614-NUVZD,Month-to-month,1,81.1,Yes,85.1,High,False
4632-PAOYU,One year,22,19.95,No,2.5,Low,False
3803-KMQFW,Month-to-month,1,20.55,Yes,39.4,Medium,False
6804-GDMOI,Two year,61,106.6,Yes,30.2,Medium,False
2990-OGYTD,Two year,67,86.15,No,2.6,Low,False
6646-JPPHA,Month-to-month,14,78.85,No,40.9,Medium,False
9572-MTILT,Month-to-month,59,106.75,Yes,33.1,Medium,False
7658-UYUQS,Month-to-month,21,86.55,No,32.4,Medium,False
7880-XSOJX,Month-to-month,4,42.4,No,23.4,Low,False
9611-CTWIH,Month-to-month,3,89.45,Yes,72.3,High,True
4589-IUAJB,Two year,70,24.25,No,0.8,Low,False
0329-GTIAJ,Month-to-month,3,97.9,Yes,73.2,High,False
8746-BFOAJ,One year,21,20.5,No,2.8,Low,False
8457-XIGKN,Month-to-month,20,19.6,No,7.2,Low,True
6072-NUQCB,One year,22,20.25,No,2.1,Low,False
6629-CZTTH,Month-to-month,1,55.7,Yes,61.4,High,False
8838-GPHZP,Two year,63,20.6,No,0.8,Low,False
8750-QWZAJ,Two year,70,19.8,No,0.9,Low,False
5364-EVNIB,Month-to-month,13,79.8,Yes,52.4,Medium,False
6918-UMQCG,Month-to-month,5,80.2,No,59.7,Medium,False
0675-NCDYU,Two year,72,116.4,No,1.3,Low,False
6339-DKLMK,Month-to-month,13,31.65,No,41.2,Medium,False
1346-PJWTK,Month-to-month,61,94.15,No,10.5,Low,True
5088-QZLRL,Month-to-month,1,20.65,No,35.0,Medium,False
8023-QHAIO,Month-to-month,56,76.85,No,20.5,Low,False
4397-FRLTA,Month-to-month,4,20.15,No,11.7,Low,False
3057-VJJQE,Two year,35,55.25,No,1.7,Low,False
5087-SUURX,Month-to-month,18,39.05,Yes,59.1,Medium,False
2302-OUZXB,Two year,72,82.15,No,1.2,Low,False
8133-ANHHJ,One year,49,103.0,No,13.0,Low,False
2270-CHBFN,Month-to-month,44,95.1,No,14.6,Low,False
0013-EXCHZ,Month-to-month,3,83.9,Yes,68.4,High,False
5982-FPVQN,Month-to-month,37,95.15,No,34.7,Medium,False
9107-UKCKY,One year,61,79.8,No,14.5,Low,True
4654-ULTTN,Two year,70,74.8,No,4.1,Low,True
5550-VFRLC,Month-to-month,1,69.85,Yes,87.4,High,False
5546-BYZSM,Month-to-month,41,20.45,No,6.7,Low,False
1492-KGETH,One year,70,78.35,No,6.7,Low,False
4929-BSTRX,Month-to-month,1,53.55,Yes,64.6,High,False
4163-HFTUK,One year,51,19.1,No,1.3,Low,False
8215-NGSPE,Two year,42,20.0,No,1.1,Low,False
2225-ZRGSG,Two year,70,93.9,Yes,2.8,Low,False
8859-YSTWS,One year,48,19.95,No,2.0,Low,False
5271-YNWVR,Two year,68,113.15,Yes,6.8,Low,True
7601-DHFWZ,Two year,48,24.0,No,2.1,Low,False
2657-ALMWY,Month-to-month,26,84.95,Yes,43.5,Medium,False
6330-JKLPC,Month-to-month,11,80.5,Yes,58.0,Medium,False
4667-OHGKG,Month-to-month,1,19.3,Yes,35.1,Medium,True
1998-VHJHK,One year,27,19.15,No,0.7,Low,False
1707-HABPF,One year,46,91.3,No,11.1,Low,True
1660-HSOOQ,Month-to-month,1,49.65,Yes,53.4,Medium,False
7253-UVNDW,Two year,46,54.35,Yes,2.9,Low,False
0487-VVUVK,Month-to-month,25,19.15,No,3.7,Low,False
7228-OMTPN,Month-to-month,4,88.45,Yes,73.2,High,False
5063-IUOKK,Two year,13,19.75,No,1.8,Low,True
4508-OEBEY,One year,31,75.5,No,6.9,Low,False
0027-KWYKW,Month-to-month,23,83.75,No,52.7,Medium,False
2308-STERM,Month-to-month,2,19.4,No,16.2,Low,True
5982-XMDEX,Two year,65,26.5,No,0.8,Low,False
6284-AHOOQ,Month-to-month,22,90.5,Yes,42.2,Medium,True
6051-PTVNS,One year,55,19.15,No,0.7,Low,False
2344-JMOGN,Month-to-month,9,94.85,Yes,54.4,Medium,False
3799-ISUZQ,Month-to-month,7,69.95,Yes,48.4,Medium,False
2877-VDUER,One year,35,40.9,No,4.6,Low,True
9152-AMKAK,Two year,6,80.25,No,4.3,Low,False
1794-HBQTJ,Month-to-month,1,48.6,Yes,45.1,Medium,False
9432-VOFYX,Month-to-month,17,70.8,No,53.5,Medium,False
8049-WJCLQ,Month-to-month,10,60.2,No,16.6,Low,False
6586-PSJOX,One year,15,55.2,No,8.4,Low,False
2460-FPSYH,Month-to-month,40,55.8,Yes,32.7,Medium,False
9705-ZJBCG,One year,13,54.15,No,5.5,Low,False
4818-DRBQT,Month-to-month,29,80.15,Yes,39.4,Medium,False
1320-HTRDR,Month-to-month,3,75.5,Yes,72.6,High,True
6847-KJLTS,Month-to-month,58,100.4,No,35.4,Medium,False
9670-BPNXF,One year,45,62.55,No,3.6,Low,False
3913-FCUUW,Two year,72,70.45,No,0.5,Low,True
3301-VKTGC,One year,68,85.5,No,8.9,Low,True
1493-AMTIE,Month-to-month,1,20.2,Yes,39.1,Medium,True
9555-SAHUZ,Month-to-month,38,54.5,No,12.6,Low,False
0816-TSPHQ,Month-to-month,2,20.75,No,11.2,Low,True
9932-WBWIK,Month-to-month,11,20.35,No,6.2,Low,False
4619-EVPHY,One year,20,91.0,No,28.9,Low,True
5286-YHCVC,Two year,72,104.8,No,8.7,Low,False
6424-ELEYH,Month-to-month,3,74.75,Yes,71.1,High,False
4391-RESHN,Month-to-month,23,104.05,Yes,61.2,High,False
9115-YQHGA,Month-to-month,40,51.1,No,15.3,Low,True
4462-CYWMH,Month-to-month,62,89.8,No,18.6,Low,False
8963-MQVYN,Month-to-month,22,20.55,No,12.4,Low,False
2458-EOMRE,Month-to-month,11,64.05,No,13.4,Low,False
9334-GWGOW,Month-to-month,7,74.85,No,74.0,High,True
6821-BUXUX,Month-to-month,13,96.65,Yes,63.0,High,True
5028-HTLJB,Month-to-month,1,20.05,Yes,54.6,Medium,False
9801-GDWGV,Month-to-month,39,103.45,Yes,56.6,Medium,False
6542-LWGXJ,Month-to-month,3,25.0,No,47.5,Medium,True
5567-GZKQY,Two year,58,20.3,No,1.8,Low,False
1222-LRYKO,Month-to-month,6,26.35,No,10.4,Low,False
2320-JRSDE,Month-to-month,1,19.9,Yes,54.5,Medium,False
2087-QAREY,Month-to-month,22,54.7,No,24.2,Low,True
0601-WZHJF,Month-to-month,14,46.35,Yes,50.3,Medium,False
4423-JWZJN,One year,64,90.25,No,9.5,Low,False
5143-WMWOG,Month-to-month,1,19.95,Yes,43.1,Medium,False
6490-FGZAT,Month-to-month,6,20.65,No,8.2,Low,False
5393-RXQSZ,Month-to-month,1,79.6,Yes,84.1,High,False
7452-FOLON,One year,39,25.45,No,2.7,Low,False
2320-TZRRH,One year,20,19.5,No,2.6,Low,True
0231-LXVAP,Month-to-month,1,75.9,Yes,70.4,High,False
9444-JTXHZ,Month-to-month,1,76.2,Yes,79.9,High,False
4942-VZZOM,One year,64,66.15,No,4.6,Low,False
5510-BOIUJ,Month-to-month,1,19.25,Yes,21.3,Low,False
7502-BNYGS,Month-to-month,46,69.1,No,17.7,Low,False
4291-HYEBC,One year,28,39.1,No,25.9,Low,False
6147-CBCRA,Month-to-month,33,20.05,No,6.4,Low,False
6047-SUHPR,One year,39,59.8,No,8.5,Low,False
4471-KXAUH,Month-to-month,42,84.3,Yes,40.3,Medium,False
9752-ZNQUT,Month-to-month,1,48.6,No,67.6,High,True
7638-QVMVY,Month-to-month,7,79.0,Yes,68.8,High,False
1576-PFZIW,Two year,70,105.35,No,14.8,Low,False
5666-MBJPT,Two year,65,25.1,No,1.0,Low,True
7312-XSBAT,Month-to-month,1,49.75,No,40.1,Medium,False
3096-GKWEB,Month-to-month,18,94.75,No,68.0,High,False
2371-JQHZZ,Month-to-month,24,93.0,No,63.7,High,False
0674-GCDXG,Two year,63,71.9,No,1.5,Low,False
1121-QSIVB,One year,44,77.55,No,10.9,Low,False
4396-KLSEH,Month-to-month,4,19.85,No,23.8,Low,True
3244-DCJWY,Month-to-month,1,70.25,Yes,78.9,High,True
2824-MYYBN,Month-to-month,37,95.25,No,47.1,Medium,False
0875-CABNR,Month-to-month,10,84.6,Yes,61.4,High,False
6345-HOVES,Month-to-month,34,25.05,No,18.7,Low,False
8318-LCNBW,One year,35,53.15,No,10.9,Low,False
6469-QJKZW,Month-to-month,4,20.15,No,15.3,Low,False
0147-ESWWR,Month-to-month,39,101.25,No,54.3,Medium,False
1217-VASWC,One year,43,100.55,No,29.9,Low,True
7812-FZHPE,Month-to-month,17,24.1,Yes,8.1,Low,False
6370-ZVHDV,Two year,61,25.3,No,0.8,Low,True
5915-DGNVC,One year,49,71.8,No,6.4,Low,False
6260-XLACS,One year,4,19.7,No,5.1,Low,False
3566-CAAYU,Two year,64,49.85,No,3.5,Low,False
4983-CCWMC,Month-to-month,3,69.6,No,55.7,Medium,True
9103-CXVOK,Month-to-month,1,19.75,No,33.9,Medium,False
2896-TBNBE,One year,40,80.8,No,14.3,Low,False
4797-AXPXK,Month-to-month,1,60.0,Yes,49.8,Medium,False
5229-PRWKT,Month-to-month,8,86.55,Yes,78.5,High,False
6982-UQZLY,Month-to-month,1,20.85,Yes,63.4,High,False
2522-WLNSF,One year,34,64.2,No,4.7,Low,True
3841-CONLJ,Month-to-month,1,35.0,No,69.0,High,False
5057-LCOUI,Month-to-month,39,50.75,Yes,30.9,Medium,False
0193-ESZXP,One year,58,105.5,Yes,24.0,Low,False
4475-NVTLU,Two year,45,19.2,No,1.1,Low,False
4369-HTUIF,Month-to-month,6,85.15,Yes,56.2,Medium,False
9386-LDCZR,One year,43,90.65,No,4.9,Low,False
9585-KKMFD,Two year,41,20.0,No,1.1,Low,False
5399-ZIMKF,Month-to-month,5,74.65,No,61.5,High,False
0336-KXKFK,Two year,72,61.2,No,0.9,Low,False
5619-XZZKR,One year,4,19.95,No,4.8,Low,True
3948-FVVRP,Month-to-month,9,54.8,No,13.9,Low,True
5327-XOKKY,Two year,72,73.45,No,4.1,Low,False
0983-TATYJ,One year,33,51.45,No,3.6,Low,True
1813-JYWTO,Two year,72,80.45,No,0.7,Low,False
0156-FVPTA,Month-to-month,22,54.2,Yes,30.3,Medium,False
1984-FCOWB,One year,70,109.5,Yes,40.1,Medium,False
0654-HMSHN,Month-to-month,21,104.4,Yes,53.4,Medium,False
6719-OXYBR,Month-to-month,15,85.3,No,40.2,Medium,False
3312-ZWLGF,Month-to-month,29,79.3,No,50.6,Medium,True
6476-YHMGA,Month-to-month,15,76.5,No,15.1,Low,False
5287-QWLKY,Month-to-month,71,105.1,Yes,20.9,Low,False
0795-XCCTE,Two year,72,25.4,No,0.9,Low,False
0168-XZKBB,Month-to-month,19,86.85,No,64.4,High,False
3785-NRHYR,Month-to-month,1,19.65,No,32.8,Medium,False
5196-SGOAK,Month-to-month,1,75.7,Yes,85.1,High,True
4537-DKTAL,Month-to-month,2,45.55,No,45.5,Medium,False
7072-MBHEV,Month-to-month,11,78.1,No,54.0,Medium,False
5602-BVFMK,One year,12,19.3,No,2.1,Low,False
6297-NOOPG,Two year,70,110.5,No,11.2,Low,True
1891-UAWWU,Month-to-month,20,90.8,Yes,55.2,Medium,False
8204-TIFGJ,Month-to-month,23,20.3,No,6.2,Low,False
8050-DVOJX,Two year,49,81.35,No,2.2,Low,False
6108-OQZDQ,Month-to-month,4,97.95,Yes,86.3,High,False
0363-QJVFX,Month-to-month,32,108.15,Yes,23.0,Low,True
8903-XEBGX,Month-to-month,2,55.3,No,68.8,High,True
8169-SAEJD,Two year,69,56.55,No,3.7,Low,False
9840-DVNDC,Month-to-month,6,80.5,Yes,64.1,High,True
1089-XZWHH,Two year,24,19.7,No,1.7,Low,False
2325-WINES,One year,32,104.05,No,29.0,Low,False
6064-ZATLR,Two year,27,52.85,No,1.4,Low,True
3096-JRDSO,Month-to-month,27,104.3,Yes,48.2,Medium,False
7824-PANSQ,Month-to-month,58,80.65,No,15.6,Low,False
8042-JVNFH,Month-to-month,1,71.35,Yes,75.5,High,False
9648-BCHKM,Two year,18,24.65,No,2.1,Low,True
2888-ADFAO,Two year,47,21.3,No,1.4,Low,False
8707-HOEDG,Two year,70,110.2,No,16.3,Low,False
3374-LXDEV,Month-to-month,13,89.4,Yes,49.0,Medium,True
4072-IPYLT,Month-to-month,36,51.05,No,6.0,Low,False
7167-PCEYD,Two year,67,19.8,No,1.2,Low,True
4936-YPJNK,Month-to-month,10,19.9,No,10.5,Low,False
1580-BMCMR,Month-to-month,19,87.3,No,39.9,Medium,False
4817-KEQSP,Two year,71,19.85,No,0.8,Low,False
6408-WHTEF,Two year,72,89.4,No,0.5,Low,False
9251-AWQGT,Two year,48,20.0,No,1.1,Low,False
8749-CLJXC,Month-to-month,1,20.05,No,39.6,Medium,True
7989-VCQOH,Month-to-month,18,83.25,No,17.3,Low,False
5049-GLYVG,Month-to-month,1,20.6,Yes,37.2,Medium,False
4199-QHJNM,Two year,67,102.9,No,7.9,Low,False
8882-TLVRW,Two year,69,39.1,No,1.4,Low,False
5883-GTGVD,Month-to-month,19,99.95,Yes,74.4,High,False
5135-GRQJV,Two year,72,114.5,No,2.3,Low,False
2384-OVPSA,Two year,38,20.2,No,1.6,Low,False
1371-WEPDS,One year,40,55.8,No,13.2,Low,False
3580-GICBM,Two year,61,24.2,No,0.8,Low,True
4817-QRJSX,Month-to-month,10,81.0,Yes,62.9,High,False
9730-DRTMJ,One year,32,72.8,No,5.6,Low,False
4686-UXDML,Month-to-month,21,99.85,No,62.2,High,True
3349-ANQNH,One year,59,99.5,No,36.8,Medium,False
2398-YPMUR,Month-to-month,13,70.15,Yes,54.8,Medium,False
0932-YIXYU,Two year,47,20.25,No,1.1,Low,False
7480-SPLEF,Two year,69,26.0,No,0.8,Low,False
7636-XUHWW,Month-to-month,2,19.9,No,13.1,Low,False
1431-CYWMH,Month-to-month,22,19.05,No,3.2,Low,False
5937-EORGB,Month-to-month,15,96.5,No,65.6,High,False
6349-JDHQP,Two year,53,19.85,No,1.9,Low,True
5539-HIVAK,Month-to-month,28,25.7,No,10.8,Low,False
5847-MXBEO,One year,22,20.3,No,1.9,Low,False
9985-MWVIX,Month-to-month,1,70.15,Yes,75.5,High,False
4583-PARNH,Month-to-month,16,91.55,No,46.0,Medium,False
1116-FRYVH,Two year,48,39.4,No,1.2,Low,False
1421-HCERK,Month-to-month,30,105.7,No,32.5,Medium,False
9633-XQABV,Month-to-month,3,70.25,No,60.8,High,False
0716-BQNDX,Two year,57,93.75,No,8.8,Low,False
1265-XTECC,One year,68,96.55,Yes,14.0,Low,False
1183-CANVH,One year,23,60.0,No,4.0,Low,False
1972-XMUWV,Two year,65,59.8,No,1.6,Low,False
8679-LZBMD,One year,44,90.65,No,17.2,Low,False
3407-JMJQQ,Two year,71,109.0,No,7.7,Low,False
6252-DFGTK,One year,37,68.1,No,4.2,Low,False
1539-LNKHM,Month-to-month,12,20.4,No,6.1,Low,False
8645-KOMJQ,Two year,69,81.95,No,3.6,Low,False
0289-IVARM,Month-to-month,35,60.55,No,7.6,Low,True
9761-XUJWD,Month-to-month,5,65.6,No,25.7,Low,False
4057-FKCZK,Two year,58,82.5,No,5.4,Low,False
4291-TPNFG,Two year,72,82.3,No,0.6,Low,False
6087-YPWHO,Two year,72,68.15,No,0.6,Low,False
3090-QFUVD,Month-to-month,1,20.3,No,24.7,Low,True
2237-ZFSMY,One year,39,95.55,Yes,12.7,Low,False
1722-LDZJS,One year,53,20.2,No,3.1,Low,False
1818-ESQMW,Month-to-month,27,89.2,No,38.2,Medium,False
4871-JTKJF,Month-to-month,1,69.65,Yes,88.0,High,False
1415-YFWLT,Month-to-month,1,89.3,Yes,89.1,High,False
7401-RUBNK,Month-to-month,18,74.8,No,33.9,Medium,False
0506-YLVKJ,Two year,46,20.2,No,0.9,Low,False
8661-BOYNW,Two year,72,84.4,No,0.8,Low,False
6711-VTNRE,Month-to-month,36,87.55,Yes,30.8,Medium,True
4815-GBTCD,Month-to-month,4,25.15,No,56.3,Medium,False
2805-AUFQN,Two year,25,19.8,No,1.4,Low,True
0980-PVMRC,Month-to-month,40,50.85,No,28.5,Low,False
7233-DRTRF,Month-to-month,63,102.4,No,38.5,Medium,False
3500-RMZLT,Month-to-month,15,96.3,Yes,43.3,Medium,False
3873-NFTGI,Month-to-month,14,55.5,No,25.4,Low,False
1162-ECVII,Two year,72,109.75,No,3.3,Low,False
7048-GXDAY,Month-to-month,39,106.4,No,50.1,Medium,False
8571-ZCMCX,Two year,47,60.0,No,3.4,Low,False
1169-WCVAK,Month-to-month,19,88.8,No,24.7,Low,True
4548-SDBKE,Month-to-month,5,85.2,Yes,80.9,High,False
8066-POXGX,Month-to-month,13,35.1,Yes,46.4,Medium,False
7129-CAKJW,Month-to-month,17,80.05,No,30.6,Medium,False
8695-ARGXZ,Month-to-month,34,75.55,No,53.6,Medium,False
3570-YUEKJ,Month-to-month,42,49.55,No,19.9,Low,False
4143-OOBWZ,Month-to-month,5,81.3,Yes,76.8,High,False
1555-HAPSU,Two year,71,23.9,No,0.6,Low,True
1697-NVVGY,Month-to-month,19,66.4,No,12.5,Low,False
7854-EKTJL,Month-to-month,2,19.6,Yes,23.2,Low,True
8464-EETCQ,Two year,57,18.8,No,0.7,Low,False
2419-FSORS,Two year,72,108.4,No,13.4,Low,False
8132-YPVBX,Month-to-month,6,85.95,No,62.7,High,True
9102-IAYHT,Month-to-month,17,85.45,Yes,62.0,High,False
6754-LZUKA,Two year,61,80.9,No,2.5,Low,False
3422-LYEPQ,Month-to-month,1,71.0,Yes,79.3,High,True
8099-MZPUJ,Two year,48,111.8,No,9.0,Low,False
0787-LHDYT,Month-to-month,16,20.6,No,8.4,Low,False
2642-DTVCO,Month-to-month,9,85.05,Yes,78.9,High,False
0374-IOEGQ,Month-to-month,3,44.6,No,38.2,Medium,False
4361-JEIVL,Month-to-month,1,44.4,Yes,61.3,High,False
3197-NNYNB,Two year,65,105.1,No,10.4,Low,False
3396-DKDEL,Two year,70,115.15,No,3.9,Low,True
1752-OZXFY,One year,60,59.8,No,3.0,Low,False
9066-QRSDU,One year,69,26.3,No,2.7,Low,False
9112-WSNPU,Month-to-month,35,70.55,No,41.8,Medium,True
9867-NNXLC,Month-to-month,22,20.05,No,9.0,Low,False
5321-NTRKC,Two year,66,79.85,No,5.4,Low,False
1363-TXLSL,Month-to-month,1,70.3,Yes,84.0,High,False
9507-EXLTT,Month-to-month,1,79.35,Yes,86.9,High,True
3161-GETRM,Month-to-month,34,90.05,No,32.4,Medium,False
0402-OAMEN,Two year,72,24.45,No,0.4,Low,True
6933-VLYFX,One year,31,59.95,No,6.8,Low,False
6754-WKSHP,One year,30,25.35,No,2.5,Low,False
9846-GKXAS,Month-to-month,9,90.8,Yes,66.6,High,False
6017-PPLPX,Month-to-month,20,70.45,Yes,49.6,Medium,False
4976-LNFVV,Month-to-month,19,34.3,No,34.8,Medium,False
5055-MGMGF,Month-to-month,65,105.05,No,34.5,Medium,False
4641-FROLU,Two year,30,19.3,No,0.9,Low,False
2862-JVEOY,One year,6,19.15,No,1.3,Low,False
2969-QWUBZ,Month-to-month,2,51.4,No,53.7,Medium,False
9822-BIIGN,Month-to-month,53,71.85,No,8.7,Low,True
2077-MPJQO,Month-to-month,7,75.4,No,71.7,High,True
1534-OULXE,One year,61,49.7,No,3.5,Low,False
7136-RVDTZ,One year,70,45.25,Yes,31.0,Medium,False
2971-SGAFL,Month-to-month,13,78.75,No,38.7,Medium,True
1480-IVEVR,One year,35,81.6,No,19.1,Low,False
2905-KFQUV,Month-to-month,2,70.4,No,59.9,Medium,False
4581-SSPWD,Month-to-month,3,75.8,Yes,74.8,High,False
3370-HXOPH,Month-to-month,3,76.1,No,62.4,High,False
9391-YZEJW,One year,62,94.0,No,21.6,Low,False
9958-MEKUC,Two year,72,103.95,No,2.3,Low,False
0281-CNTZX,Two year,63,19.95,No,1.4,Low,False
6927-WTFIV,Month-to-month,20,71.3,Yes,27.6,Low,False
4118-CEVPF,One year,35,110.8,No,15.2,Low,False
3398-ZOUAA,Month-to-month,21,69.1,Yes,52.2,Medium,False
9114-VEPUF,One year,62,96.1,No,9.0,Low,False
7876-BEUTG,Month-to-month,15,48.8,No,29.7,Low,True
2338-BQEZT,Month-to-month,55,50.55,No,10.2,Low,False
9873-MNDKV,Month-to-month,11,44.65,No,19.2,Low,False
0378-NHQXU,Month-to-month,17,88.25,Yes,47.9,Medium,False
8241-JUIQO,One year,61,19.45,No,2.0,Low,True
2194-IIQOF,Two year,71,89.3,No,0.8,Low,False
4512-ZUIYL,Month-to-month,2,70.0,Yes,50.3,Medium,True
9631-RXVJM,Two year,35,19.25,No,0.7,Low,False
9584-EXCDZ,Month-to-month,17,70.5,No,33.5,Medium,False
7969-AULMZ,Month-to-month,21,97.35,Yes,79.5,High,False
5093-FEGLU,Two year,47,19.65,No,1.6,Low,False
2621-UDNLU,Month-to-month,3,20.85,No,17.4,Low,False
7526-IVLYU,Month-to-month,3,19.65,No,18.9,Low,False
2428-HYUNX,Two year,44,19.35,No,1.8,Low,False
9214-EKVXR,Month-to-month,1,44.0,No,52.0,Medium,False
3410-MHHUM,One year,44,94.4,No,17.9,Low,False
0568-ONFPC,Month-to-month,5,25.9,Yes,15.9,Low,False
0733-VUNUW,Month-to-month,24,55.65,Yes,9.9,Low,True
4550-EVXNY,Month-to-month,1,69.65,Yes,83.4,High,False
2122-YWVYA,Month-to-month,18,75.4,No,34.2,Medium,False
2968-SSGAA,Month-to-month,10,100.6,Yes,88.2,High,False
2296-DKZFP,Two year,65,71.0,No,1.7,Low,False
4844-JJWUY,Month-to-month,1,86.0,Yes,86.2,High,False
6777-TGHTM,One year,53,106.95,Yes,26.9,Low,True
8909-BOLNL,One year,3,21.2,No,6.0,Low,True
6603-YRDCJ,Two year,33,61.05,No,1.0,Low,False
3538-WZPHD,Month-to-month,3,29.6,Yes,66.2,High,False
3229-USWAR,One year,34,79.95,No,8.5,Low,True
2138-VFAPZ,Two year,14,19.7,No,1.8,Low,False
6131-JLWZM,Month-to-month,13,20.3,No,6.7,Low,False
4785-QRJHC,One year,46,59.9,Yes,15.3,Low,True
0269-XFESX,One year,23,24.35,No,2.6,Low,False
1709-EJDOX,Two year,47,19.75,No,1.5,Low,True
4316-XCSLJ,Month-to-month,17,50.3,No,14.4,Low,False
8610-WFCJF,Month-to-month,49,95.6,Yes,47.4,Medium,False
9693-XMUOB,Month-to-month,59,50.25,No,37.2,Medium,False
0383-CLDDA,Two year,69,85.35,No,3.4,Low,False
4905-JEFDW,One year,11,41.6,Yes,27.8,Low,True
2709-UQGNP,Month-to-month,10,51.65,No,17.0,Low,False
3549-ZTMNH,Two year,12,24.0,No,2.1,Low,False
7881-INRLC,Month-to-month,45,100.85,Yes,47.7,Medium,False
8033-ATFAS,Month-to-month,39,59.85,No,19.5,Low,False
1635-NZATJ,Two year,71,25.45,No,0.9,Low,False
0562-HKHML,Two year,71,23.9,No,0.7,Low,False
8277-RVRSV,One year,33,24.15,No,3.0,Low,False
9943-VSZUV,Month-to-month,67,75.7,No,24.7,Low,False
0117-LFRMW,Month-to-month,37,40.2,Yes,13.0,Low,False
6172-FECYY,Month-to-month,49,84.5,Yes,39.0,Medium,False
7054-ENNGU,Month-to-month,9,50.85,No,16.8,Low,True
1455-HFBXA,Two year,52,91.6,No,2.7,Low,False
9402-CXWPL,One year,70,98.9,No,19.4,Low,False
1628-BIZYP,Month-to-month,1,85.0,No,83.1,High,True
1965-AKTSX,Month-to-month,14,78.95,Yes,70.3,High,False
0082-LDZUE,Month-to-month,1,44.3,No,52.6,Medium,False
4786-UKSNZ,Month-to-month,1,20.2,Yes,34.4,Medium,False
5343-SGUBI,One year,52,80.2,No,10.7,Low,False
0856-NAOES,Month-to-month,6,60.9,No,19.8,Low,False
1976-AZZPJ,Month-to-month,7,34.2,No,22.5,Low,False
7248-VZQLC,Month-to-month,47,85.2,Yes,34.7,Medium,False
6156-UZDLF,One year,26,87.15,No,7.2,Low,False
3099-OONVS,Month-to-month,25,54.3,No,11.4,Low,False
9500-WBGRP,Two year,69,19.1,No,0.7,Low,False
5183-KLYEM,Two year,72,112.75,No,1.7,Low,False
5144-PQCDZ,Month-to-month,4,19.95,No,15.5,Low,False
8514-VZHEB,Two year,59,19.5,No,2.2,Low,False
6625-IUTTT,Two year,67,65.55,No,1.9,Low,False
9355-NPPFS,Month-to-month,26,78.8,No,43.2,Medium,False
0068-FIGTF,One year,27,78.2,No,6.9,Low,False
5965-GGPRW,Two year,72,105.25,No,4.9,Low,False
8035-PWSEV,Month-to-month,6,89.25,No,59.3,Medium,False
2236-HILPA,Two year,62,20.65,No,0.7,Low,True
1840-BIUOG,One year,20,68.7,No,15.4,Low,False
1356-MKYSK,Month-to-month,6,78.65,No,18.1,Low,False
6080-LNESI,Two year,51,24.75,No,1.3,Low,True
1830-IPXVJ,Two year,61,19.75,No,0.8,Low,True
5828-DWPIL,Month-to-month,62,89.1,No,15.1,Low,False
8398-TBIYD,Two year,72,84.7,No,0.9,Low,False
0011-IGKFF,Month-to-month,13,98.0,Yes,73.2,High,False
4192-GORJT,Month-to-month,5,94.45,Yes,77.6,High,False
6496-SLWHQ,Month-to-month,3,105.0,Yes,85.7,High,False
9912-GVSEQ,Month-to-month,26,93.85,Yes,64.7,High,False
2931-FSOHN,Month-to-month,13,59.9,No,34.8,Medium,False
9418-RUKPH,Two year,38,19.95,No,1.2,Low,False
5383-MMTWC,Month-to-month,8,84.0,Yes,82.2,High,False
9971-ZWPBF,Month-to-month,34,108.9,No,30.4,Medium,False
4712-AUQZO,Month-to-month,18,33.6,No,15.7,Low,False
9711-FJTBX,One year,56,85.85,No,5.1,Low,False
2908-ZTPNF,Month-to-month,36,34.85,No,10.6,Low,False
7240-ETPTR,Month-to-month,9,48.75,Yes,63.3,High,False
2202-CUYXZ,Month-to-month,1,84.85,Yes,84.9,High,True
5995-OIGLP,Month-to-month,12,56.65,Yes,11.0,Low,False
8421-WZOOW,Month-to-month,57,95.3,No,15.6,Low,False
6261-RCVNS,One year,42,73.9,Yes,7.5,Low,False
7951-QKZPL,Two year,33,24.5,Yes,1.5,Low,False
1414-YADCW,Two year,70,84.6,No,2.2,Low,False
8756-RDDLT,Month-to-month,68,44.95,No,11.8,Low,False
2862-PFNIK,Month-to-month,1,24.7,No,67.2,High,False
5816-QVHRX,Month-to-month,37,100.3,No,32.6,Medium,False
4430-YHXGG,Month-to-month,4,25.45,No,15.2,Low,False
6888-SBYAI,Month-to-month,1,50.7,No,48.1,Medium,False
7395-XWZOY,Month-to-month,20,55.0,No,26.4,Low,True
7169-YWAMK,Two year,72,68.4,No,0.5,Low,False
3640-PHQXK,Month-to-month,31,89.9,Yes,50.2,Medium,False
6877-LGWXO,Month-to-month,18,78.55,Yes,45.5,Medium,False
6859-RKMZJ,Month-to-month,11,55.05,No,32.0,Medium,False
2729-VNVAP,Two year,33,19.8,No,1.1,Low,False
2957-JIRMN,One year,62,84.45,No,11.6,Low,False
2049-BAFNW,Month-to-month,1,35.9,No,38.5,Medium,False
3842-QTGDL,Month-to-month,16,80.75,No,23.5,Low,False
7163-OCEQI,One year,22,78.65,No,12.7,Low,False
9782-LGXMC,Month-to-month,49,61.75,No,7.6,Low,False
5975-BAICR,One year,36,63.7,No,6.1,Low,True
8019-ENHXU,Month-to-month,42,99.45,Yes,48.6,Medium,False
5167-GBFRE,Month-to-month,4,25.2,Yes,56.4,Medium,False
9033-EOXWV,One year,12,74.05,Yes,18.6,Low,True
4673-KKSLS,Month-to-month,31,87.6,No,20.7,Low,False
4853-OITSN,Month-to-month,5,89.15,No,66.8,High,False
9800-OUIGR,Two year,66,20.0,No,0.7,Low,False
1324-NLTJE,Month-to-month,15,55.0,Yes,28.2,Low,False
2324-EFHVG,Two year,64,104.4,No,12.2,Low,False
7094-MSZAO,Month-to-month,10,20.05,No,7.8,Low,False
1522-VVDMG,Month-to-month,7,89.75,Yes,60.9,High,True
6907-CQGPN,Month-to-month,29,34.3,No,13.9,Low,False
0780-XNZFN,Two year,57,20.65,No,1.8,Low,False
0239-OXEXL,Month-to-month,46,84.25,No,15.0,Low,False
2675-IJRGJ,Two year,53,19.65,No,2.7,Low,False
7049-GKVZY,One year,17,79.85,No,7.3,Low,False
8577-QSOCG,Two year,38,20.2,No,0.9,Low,False
3721-CNZHX,One year,15,19.8,No,3.3,Low,False
0212-ISBBF,Month-to-month,22,50.35,No,51.9,Medium,False
9185-TQCVP,Month-to-month,14,85.15,Yes,77.3,High,False
3585-YNADK,One year,57,74.6,No,3.5,Low,False
5271-DBYSJ,Month-to-month,11,79.15,No,55.0,Medium,False
1099-GODLO,Two year,1,20.35,No,5.1,Low,False
6828-HMKWP,Two year,12,21.05,No,1.4,Low,False
5567-WSELE,Month-to-month,3,94.6,Yes,87.7,High,False
1472-TNCWL,Month-to-month,36,94.7,No,31.5,Medium,False
8063-RJYNF,Month-to-month,16,94.25,Yes,58.2,Medium,False
0687-ZVTHB,One year,65,72.45,Yes,6.6,Low,False
2080-GKCWQ,Month-to-month,2,74.95,No,47.0,Medium,False
9661-ACXBS,Month-to-month,42,105.2,Yes,56.2,Medium,False
2193-SFWQW,Two year,72,111.95,No,1.0,Low,False
5656-JAMLX,Two year,62,19.85,No,1.1,Low,False
3462-BJQQA,Month-to-month,6,89.75,No,77.3,High,False
0442-TDYUO,Two year,48,20.05,No,1.6,Low,False
6733-LRIZX,Two year,35,108.95,No,29.8,Low,True
9503-XJUME,One year,52,19.65,No,2.1,Low,False
4367-NHWMM,Month-to-month,1,24.9,No,58.8,Medium,False
3727-RJMEO,Month-to-month,6,82.85,Yes,80.3,High,False
3779-OSWCF,Two year,71,93.2,No,0.9,Low,False
6736-DHUQI,One year,67,84.8,No,6.0,Low,False
3915-ODIYG,One year,60,71.75,No,7.1,Low,False
1360-RCYRT,Month-to-month,23,30.35,No,13.9,Low,False
2724-FJDYW,One year,39,54.85,No,10.3,Low,False
4451-RWASJ,One year,15,19.5,No,3.7,Low,False
6646-VRFOL,Month-to-month,53,103.85,Yes,60.4,High,False
3460-TJBWI,Two year,24,24.2,No,1.4,Low,False
5917-HBSDW,Month-to-month,37,19.35,No,10.5,Low,False
5685-IIXLY,Month-to-month,5,83.6,Yes,66.3,High,False
5671-UUNXD,One year,50,100.65,No,33.3,Medium,False
0956-ACVZC,One year,54,94.1,No,19.8,Low,False
2325-NBPZG,Month-to-month,3,74.55,No,51.7,Medium,True
4250-ZBWLV,One year,68,108.45,Yes,37.0,Medium,False
4482-FTFFX,Month-to-month,5,56.15,No,30.4,Medium,False
8859-DZTGQ,Two year,33,20.35,No,0.9,Low,False
0440-MOGPM,One year,41,80.55,No,19.7,Low,False
0020-JDNXP,One year,34,61.25,No,5.7,Low,False
3752-CQSJI,Month-to-month,13,20.45,No,6.2,Low,False
5025-GOOKI,Month-to-month,20,18.9,No,3.7,Low,True
4698-KVLLG,Two year,51,19.6,No,1.7,Low,True
5095-AESKG,Month-to-month,3,91.5,Yes,80.1,High,False
2887-JPYLU,Month-to-month,41,45.2,No,7.7,Low,False
4770-QAZXN,Month-to-month,13,19.45,No,5.6,Low,False
4896-CPRPF,Two year,35,25.45,No,1.2,Low,False
1871-MOWRM,Month-to-month,12,80.85,Yes,31.7,Medium,False
9714-EDSUC,Month-to-month,4,94.9,No,48.3,Medium,False
2027-OAQQC,Month-to-month,43,49.05,Yes,25.8,Low,False
0282-NVSJS,Month-to-month,12,29.3,No,23.5,Low,False
9090-SGQXL,Month-to-month,68,105.3,Yes,53.5,Medium,False
6595-YGXIT,Month-to-month,25,88.95,Yes,66.3,High,False
7353-YOWFP,One year,7,20.25,No,3.4,Low,False
9835-ZIITK,One year,66,110.85,Yes,39.9,Medium,False
8008-ESFLK,One year,53,110.5,No,22.9,Low,False
7537-CBQUZ,Month-to-month,63,109.4,No,20.2,Low,False
1555-DJEQW,Two year,70,114.2,Yes,9.0,Low,False
5649-TJHOV,Month-to-month,27,36.5,Yes,36.9,Medium,False
0519-XUZJU,Month-to-month,1,70.75,Yes,70.7,High,False
3363-EWLGO,Month-to-month,5,19.95,No,12.2,Low,False
4750-UKWJK,One year,37,19.6,No,3.6,Low,False
6338-AVWCY,Month-to-month,3,40.15,Yes,58.8,Medium,True
1689-YQBYY,Month-to-month,12,76.6,No,54.6,Medium,False
4487-ZYJZK,One year,38,19.6,No,1.9,Low,False
2959-FENLU,Month-to-month,9,85.3,No,59.3,Medium,False
0708-LGSMF,Month-to-month,13,65.85,No,33.0,Medium,False
9253-QXKBE,Month-to-month,29,94.45,Yes,68.3,High,False
7634-HLQJR,Two year,47,20.05,No,0.8,Low,False
0487-RPVUM,Month-to-month,61,99.4,No,16.4,Low,False
4079-ULGFR,Month-to-month,16,20.0,No,7.3,Low,False
2516-XSJKX,Two year,41,78.45,No,3.5,Low,False
0057-QBUQH,Two year,43,25.1,No,4.5,Low,True
9445-SZLCH,Month-to-month,36,97.35,Yes,39.7,Medium,False
6599-SFQVE,Month-to-month,6,55.0,No,51.8,Medium,False
8331-ZXFOE,One year,58,71.1,No,2.8,Low,False
4003-FUSHP,Month-to-month,19,61.55,No,21.1,Low,True
0356-ERHVT,Month-to-month,11,45.9,No,23.8,Low,False
7325-ENZFI,One year,39,40.3,No,4.2,Low,False
4884-ZTHVF,Month-to-month,8,87.1,No,66.9,High,False
3920-HIHMQ,Month-to-month,26,49.5,No,12.3,Low,False
3055-OYMSE,Month-to-month,53,73.8,No,23.2,Low,False
0613-WUXUM,Two year,70,19.2,No,0.4,Low,False
7568-PODML,Month-to-month,1,45.3,Yes,77.5,High,False
4458-KVRBJ,Two year,59,25.0,No,1.2,Low,False
5349-IECLD,Month-to-month,2,94.95,Yes,65.2,High,False
1397-XKKWR,One year,7,35.3,No,10.3,Low,False
3945-GFWQL,Month-to-month,12,44.55,Yes,28.8,Low,False
8097-OMULG,One year,59,76.75,No,4.5,Low,False
6013-BHCAW,Two year,61,81.0,No,2.7,Low,True
0401-WDBXM,Two year,72,105.55,No,6.7,Low,False
3387-PLKUI,Month-to-month,13,18.8,No,2.8,Low,False
6096-EGVTU,One year,64,24.9,No,1.2,Low,True
3797-VTIDR,Month-to-month,1,23.45,Yes,73.6,High,False
5081-NWSUP,One year,10,64.9,No,10.0,Low,True
2580-ATZSQ,One year,65,61.35,No,2.1,Low,False
8085-MSNLK,Two year,62,113.95,No,4.4,Low,False
9691-HKOVS,One year,55,90.15,No,6.0,Low,False
9881-VCZEP,Month-to-month,25,54.1,No,19.4,Low,False
9526-BIHHD,Month-to-month,1,29.7,Yes,41.9,Medium,False
8757-TFHHJ,Month-to-month,1,49.8,No,38.0,Medium,True
4523-WXCEF,Month-to-month,59,101.1,Yes,32.1,Medium,False
1468-DEFNC,Two year,64,24.4,No,1.0,Low,False
5119-KEPFY,Month-to-month,36,95.0,No,40.7,Medium,False
8364-TRMMK,Month-to-month,3,50.65,Yes,50.1,Medium,False
0916-KNFAJ,Two year,61,69.9,No,1.9,Low,False
8319-QBEHW,One year,26,39.95,No,9.6,Low,False
3063-QFSZL,Month-to-month,1,55.4,Yes,76.9,High,True
8775-LHDJH,Month-to-month,1,90.6,Yes,91.3,High,False
9625-QNLUX,Two year,68,103.25,No,5.9,Low,False
3097-NQYSN,Month-to-month,2,86.85,Yes,83.3,High,False
4024-CSNBY,Two year,72,94.25,No,0.6,Low,False
7110-BDTWG,Two year,71,47.05,No,6.6,Low,False
7493-GVFIO,Two year,57,20.55,No,1.1,Low,False
0690-SRQID,Month-to-month,4,19.65,No,17.1,Low,False
9605-WGJVW,Month-to-month,1,70.2,No,83.1,High,False
9114-DPSIA,Two year,72,81.0,No,0.5,Low,True
4700-UBQMV,One year,21,75.9,No,11.6,Low,True
7711-GQBZC,Two year,71,24.7,No,0.5,Low,False
3565-UNOCC,Month-to-month,29,99.05,Yes,63.4,High,False
4627-MIHJH,Two year,69,110.25,No,17.3,Low,True
9795-NREXC,Two year,64,85.0,No,2.4,Low,False
8573-CGOCC,Month-to-month,16,19.75,No,7.2,Low,False
7356-AYNJP,One year,4,23.9,No,8.9,Low,True
9249-FXSCK,One year,52,111.25,Yes,17.7,Low,False
5493-SDRDQ,Month-to-month,2,55.1,Yes,42.8,Medium,False
6286-SUUWT,Month-to-month,1,19.95,No,40.8,Medium,True
4819-HJPIW,Month-to-month,18,25.15,No,18.3,Low,True
8654-DHAOW,Month-to-month,2,54.15,No,42.3,Medium,False
5438-QMDDL,Month-to-month,19,59.8,No,24.9,Low,True
9812-GHVRI,Month-to-month,40,83.85,No,32.5,Medium,True
5553-AOINX,One year,66,104.9,No,22.5,Low,False
1228-ZLNBX,Month-to-month,21,75.3,No,26.7,Low,False
4226-KKDON,Month-to-month,8,66.65,No,28.1,Low,True
3831-YCPUO,Two year,72,109.5,No,0.9,Low,True
7445-WMRBW,One year,48,73.85,No,5.4,Low,False
3308-DGHKL,Two year,69,19.3,No,1.1,Low,False
9924-JPRMC,Two year,72,118.2,No,3.8,Low,False
0080-EMYVY,One year,14,51.45,No,5.9,Low,False
6218-KNUBD,Month-to-month,6,59.45,No,24.5,Low,False
7337-CINUD,Two year,8,19.5,No,1.7,Low,True
7609-NRNCA,One year,17,19.55,No,2.7,Low,False
0623-EJQEG,One year,65,93.55,No,11.4,Low,False
7153-CHRBV,One year,57,59.3,No,2.8,Low,False
0871-URUWO,Month-to-month,13,102.25,Yes,69.4,High,True
9190-MFJLN,Month-to-month,19,95.9,Yes,45.8,Medium,False
6198-PNNSZ,One year,56,109.8,No,17.6,Low,True
3317-VLGQT,Month-to-month,14,78.1,No,61.7,High,False
4132-POCZS,Month-to-month,52,39.9,No,21.4,Low,False
5614-DNZCE,Two year,58,64.9,No,0.9,Low,False
1095-JUDTC,Month-to-month,47,95.05,Yes,38.5,Medium,False
3896-RCYYE,Month-to-month,67,53.4,No,13.9,Low,True
9638-JIQYA,Month-to-month,2,24.9,No,49.6,Medium,True
3258-SANFR,Month-to-month,6,44.7,No,23.5,Low,False
3726-TBHQT,Two year,71,114.0,No,2.9,Low,False
3190-ITQXP,Two year,46,20.25,No,0.8,Low,False
0870-VEMYL,Month-to-month,5,53.85,Yes,18.9,Low,True
4833-QTJNO,Month-to-month,67,83.85,No,17.9,Low,False
3039-MJSLN,Month-to-month,3,20.2,No,11.2,Low,False
0178-CIIKR,Month-to-month,3,19.95,No,14.7,Low,True
5385-SUIRI,Month-to-month,52,104.2,Yes,56.3,Medium,False
3982-XWFZQ,Month-to-month,42,50.25,Yes,21.8,Low,True
5774-QPLTF,One year,50,20.35,No,2.0,Low,True
2322-VCZHZ,Month-to-month,23,90.0,No,36.1,Medium,False
5010-IPEAQ,Two year,67,54.2,No,1.1,Low,False
4009-ALQFH,Month-to-month,25,99.5,Yes,68.5,High,False
6383-ZTSIW,One year,39,99.1,No,22.1,Low,True
8990-YOZLV,Two year,69,66.9,No,1.1,Low,False
3069-SSVSN,One year,1,25.85,No,25.9,Low,True
5222-IMUKT,Month-to-month,32,91.05,No,39.4,Medium,False
3627-FCRDW,Month-to-month,9,71.0,Yes,45.2,Medium,False
7562-GSUHK,Month-to-month,16,93.2,Yes,35.6,Medium,False
6685-XSHHU,Two year,60,20.95,No,0.9,Low,False
8901-UPRHR,Two year,72,109.2,No,3.9,Low,False
4903-UYAVB,Month-to-month,5,19.35,Yes,12.6,Low,False
0118-JPNOY,Month-to-month,26,85.8,No,29.6,Low,False
6776-TLWOI,Month-to-month,3,19.85,Yes,14.6,Low,True
3845-FXCYS,Month-to-month,2,19.65,No,28.2,Low,False
5857-XRECV,One year,2,20.5,No,5.1,Low,True
0725-CXOTM,One year,36,89.65,No,6.8,Low,True
4343-EJVQB,Month-to-month,7,74.35,No,35.0,Medium,False
9000-PLFUZ,Two year,60,49.45,No,5.5,Low,False
3427-GGZZI,Month-to-month,19,89.1,No,58.3,Medium,False
7779-ORAEL,Two year,45,75.15,No,2.6,Low,False
0644-OQMDK,Month-to-month,4,70.65,No,62.2,High,False
4077-CROMM,Month-to-month,31,104.2,Yes,49.5,Medium,False
3154-CFSZG,Month-to-month,47,90.05,No,16.8,Low,False
2868-MZAGQ,Month-to-month,1,79.25,Yes,87.9,High,False
4847-QNOKA,Month-to-month,1,44.9,Yes,54.3,Medium,False
2220-IAHLS,Month-to-month,1,19.4,No,24.6,Low,False
1658-XUHBX,Month-to-month,59,88.75,No,23.2,Low,False
6379-RXJRQ,Month-to-month,10,70.1,Yes,56.5,Medium,False
2378-HTWFW,Month-to-month,35,91.0,No,25.2,Low,False
8650-RHRKE,Month-to-month,4,29.65,Yes,56.1,Medium,True
4377-VDHYI,One year,32,90.8,No,16.2,Low,True
0475-RIJEP,Month-to-month,43,77.85,Yes,42.4,Medium,False
1260-TTRXI,Month-to-month,4,54.3,Yes,45.5,Medium,False
3719-TDVQB,Two year,54,18.95,No,2.1,Low,False
6328-ZPBGN,Month-to-month,11,95.15,Yes,74.7,High,True
0201-MIBOL,Two year,66,102.4,No,8.5,Low,False
4937-QPZPO,One year,61,99.9,No,34.9,Medium,True
2925-VDZHY,Two year,72,88.7,No,0.5,Low,True
6981-TDRFT,One year,44,54.3,No,18.4,Low,False
3413-CSSTH,Month-to-month,41,55.7,No,14.9,Low,True
8033-VCZGH,One year,50,103.95,No,36.6,Medium,True
4789-KWMXN,One year,47,110.85,Yes,26.7,Low,False
0224-NIJLP,Two year,8,20.15,No,1.6,Low,False
7542-CYDDM,Month-to-month,18,20.05,No,6.6,Low,False
4718-WXBGI,Two year,72,91.95,No,0.5,Low,False
2867-UIMSS,Month-to-month,1,80.5,Yes,80.6,High,True
8495-PRWFH,Month-to-month,42,55.65,No,24.3,Low,True
0439-IFYUN,Month-to-month,18,74.7,No,46.5,Medium,False
5716-LIBJC,One year,13,104.15,No,42.8,Medium,False
2868-LLSKM,One year,68,83.65,No,9.4,Low,False
8111-RKSPX,Month-to-month,4,72.2,Yes,67.5,High,False
2988-QRAJY,Two year,69,110.05,No,21.8,Low,False
1585-MQSSU,Month-to-month,17,51.5,Yes,12.9,Low,False
0071-NDAFP,Two year,25,25.5,No,1.6,Low,False
2856-NNASM,Month-to-month,43,89.55,Yes,34.8,Medium,False
7328-ZJAJO,Two year,59,19.5,No,0.9,Low,False
6458-CYIDZ,Month-to-month,5,80.7,No,43.4,Medium,False
8559-CIZFV,One year,21,77.5,Yes,5.0,Low,False
1090-PYKCI,One year,69,105.1,No,6.4,Low,False
3058-WQDRE,Month-to-month,13,25.15,No,28.6,Low,False
7547-EKNFS,Month-to-month,42,95.25,Yes,34.6,Medium,False
2279-AXJJK,Month-to-month,52,95.65,No,24.9,Low,True
6769-DYBQN,Month-to-month,46,85.0,Yes,26.6,Low,True
0909-SELIE,Two year,61,80.8,No,1.5,Low,True
3417-TSCIC,One year,29,24.85,No,7.4,Low,False
1042-HFUCW,One year,25,54.75,No,4.2,Low,False
4439-JMPMT,Month-to-month,5,85.75,Yes,62.9,High,False
6537-OTKMY,One year,15,50.75,No,32.2,Medium,False
8999-EXMNO,Two year,19,20.15,No,1.3,Low,False
6725-TPKJO,Two year,44,20.05,No,1.1,Low,False
2446-BEGGB,Month-to-month,6,98.25,Yes,88.2,High,False
7162-WPHPM,Two year,58,71.6,No,1.1,Low,False
1599-MMYRQ,One year,62,81.45,No,3.9,Low,False
8821-KVZKQ,One year,70,58.4,No,6.5,Low,False
1496-GGSUK,Month-to-month,1,25.7,Yes,73.9,High,False
6434-TTGJP,Two year,10,53.7,No,2.7,Low,True
0042-JVWOJ,One year,26,19.6,No,3.0,Low,False
0130-SXOUN,Month-to-month,66,89.4,No,22.6,Low,False
2575-GFSOE,Month-to-month,7,69.0,Yes,55.7,Medium,False
2330-PQGDQ,One year,51,84.2,No,10.4,Low,False
1452-UZOSF,Two year,72,106.1,No,2.1,Low,False
2097-YVPKN,Two year,65,25.75,No,0.7,Low,False
2842-JTCCU,Month-to-month,2,46.05,Yes,46.8,Medium,False
8597-CTXVJ,One year,70,64.95,No,2.3,Low,False
6631-HMANX,Two year,72,85.45,No,1.4,Low,False
9962-BFPDU,Month-to-month,1,20.05,No,41.3,Medium,True
3296-SILRA,Month-to-month,1,76.4,Yes,88.4,High,False
9681-OXGVC,Month-to-month,5,100.5,Yes,88.5,High,False
6394-HHHZM,Month-to-month,3,20.7,No,11.7,Low,False
5995-LFTLE,Two year,58,25.3,No,1.7,Low,False
5180-UCIIQ,Month-to-month,22,40.05,Yes,29.3,Low,False
1932-UEDCX,Month-to-month,33,100.6,No,48.0,Medium,False
7153-OANIO,Month-to-month,1,69.95,Yes,76.5,High,False
5188-HGMLP,Month-to-month,54,74.0,No,26.7,Low,False
0665-XHDJU,Two year,72,99.4,No,9.0,Low,True
6521-YYTYI,Month-to-month,1,93.3,Yes,90.9,High,False
8878-HMWBV,Month-to-month,3,49.15,Yes,56.8,Medium,False
8265-HKSOW,Two year,72,107.45,No,1.6,Low,False
3544-FBCAS,Two year,72,83.6,No,0.7,Low,False
5331-RGMTT,Month-to-month,54,99.05,No,58.4,Medium,True
4759-PXTAN,One year,59,80.1,No,10.7,Low,True
7054-DMVAS,Two year,54,65.3,No,1.5,Low,False
3428-MMGUB,Two year,60,89.55,No,9.7,Low,False
6549-BTYPG,Two year,60,60.8,No,1.6,Low,False
7823-JSOAG,Month-to-month,3,74.5,No,60.2,High,False
3705-RHRFR,Two year,69,99.15,No,6.6,Low,False
9374-YOLBJ,Month-to-month,1,19.25,No,24.5,Low,True
9074-KGVOX,Month-to-month,50,39.45,No,11.9,Low,False
6128-DAFVY,Month-to-month,56,44.85,No,29.3,Low,False
9933-QRGTX,Two year,60,97.2,No,5.3,Low,False
4476-OSWTN,One year,69,110.55,No,26.8,Low,False
3751-KTZEL,Month-to-month,1,35.05,Yes,59.8,Medium,False
1977-STDKI,Month-to-month,1,73.0,Yes,83.5,High,False
5066-GFJMM,Month-to-month,3,19.9,No,17.3,Low,False
2661-GKBTK,Two year,60,76.95,No,1.1,Low,False
0458-HEUZG,Two year,13,35.4,No,3.8,Low,False
7268-WNTCP,Two year,62,20.45,No,0.7,Low,False
0824-VWDPO,One year,45,96.75,No,10.4,Low,False
8409-WQJUX,One year,25,54.2,No,15.1,Low,True
2578-JQPHZ,Two year,44,100.1,No,6.6,Low,False
3278-FSIXX,Month-to-month,2,45.25,No,54.3,Medium,False
5813-UECBU,Month-to-month,33,83.85,Yes,48.2,Medium,False
0328-GRPMV,Month-to-month,1,70.1,Yes,78.9,High,False
9746-UGFAC,One year,22,20.85,No,3.1,Low,True
2946-KIQSP,Month-to-month,35,33.45,No,14.7,Low,False
0625-AFOHS,Two year,29,20.2,No,0.7,Low,True
6726-WEXXK,One year,27,85.9,No,15.6,Low,False
4636-OLWOE,One year,54,61.0,No,6.3,Low,False
4342-HENTK,Month-to-month,2,70.65,Yes,64.7,High,True
4685-ERGHK,One year,57,86.9,No,20.3,Low,False
0885-HMGPY,Two year,62,69.4,No,0.9,Low,False
5003-OKNNK,One year,15,20.35,No,2.4,Low,False
4195-SMMNX,Month-to-month,2,20.35,Yes,14.2,Low,False
7208-PSIHR,Two year,70,104.3,No,19.1,Low,False
4012-ZTHBR,Month-to-month,21,44.95,No,30.0,Low,False
0489-WMEMG,One year,23,49.45,No,10.7,Low,False
7435-ZNUYY,One year,6,20.6,No,3.2,Low,False
1354-YZFNB,Two year,4,19.55,No,1.9,Low,False
6956-SMUCM,Month-to-month,3,99.0,Yes,75.4,High,False
2985-FMWYF,Month-to-month,23,93.5,No,67.4,High,True
2812-ENYMO,One year,26,54.55,No,7.1,Low,False
2717-HVIZY,Month-to-month,8,20.05,No,8.4,Low,False
3223-WZWJM,Month-to-month,26,83.95,Yes,60.4,High,False
3422-GALYP,Month-to-month,2,79.45,No,77.4,High,False
9053-JZFKV,Two year,67,116.2,Yes,12.8,Low,False
2530-ENDWQ,Two year,71,93.7,Yes,5.7,Low,False
2890-WFBHU,One year,59,79.85,No,4.1,Low,False
0327-WFZSY,One year,39,100.0,No,31.2,Medium,True
7977-HXJKU,Two year,21,19.6,No,1.5,Low,False
6615-ZGEDR,Month-to-month,1,19.7,Yes,33.4,Medium,False
7033-CLAMM,Two year,48,20.2,No,1.0,Low,False
4023-RTIQM,One year,31,50.4,No,12.9,Low,False
0864-FVJNJ,One year,64,113.35,No,6.4,Low,False
7356-IWLFW,Month-to-month,46,80.0,No,26.9,Low,False
9541-PWTWO,Two year,52,80.95,No,3.6,Low,False
3967-VQOGC,Two year,67,24.9,No,0.6,Low,True
7872-RDDLZ,Month-to-month,67,54.9,No,15.2,Low,False
9250-WYPLL,Month-to-month,5,75.55,Yes,56.9,Medium,False
6308-CQRBU,Two year,71,109.25,No,15.3,Low,False
2754-XBHTB,Month-to-month,9,77.65,Yes,58.2,Medium,True
1597-LHYNC,Month-to-month,26,95.0,Yes,55.2,Medium,False
0186-CAERR,One year,71,116.3,No,16.7,Low,False
3043-SUDUA,Month-to-month,32,19.9,No,6.4,Low,False
5442-BHQNG,Month-to-month,2,70.35,No,52.0,Medium,True
2169-RRLFW,Two year,71,25.6,No,0.6,Low,True
5872-OEQNH,One year,60,44.45,No,10.8,Low,False
3162-KKZXO,One year,55,100.15,No,44.4,Medium,False
7055-VKGDA,One year,54,105.4,Yes,18.8,Low,False
0754-UKWQP,Month-to-month,2,95.85,Yes,74.1,High,False
8873-GLDMH,Month-to-month,6,73.85,No,67.3,High,True
5696-JVVQY,Two year,48,70.1,No,2.3,Low,True
8946-BFWSG,Two year,63,25.25,No,0.7,Low,False
7493-TPUWZ,Month-to-month,1,79.15,Yes,90.1,High,False
0547-HURJB,Month-to-month,12,21.05,No,6.8,Low,False
8904-OPDCK,Month-to-month,54,24.95,No,23.4,Low,False
8845-LWKGE,One year,30,64.5,No,5.8,Low,False
1577-HKTFG,Month-to-month,30,19.65,Yes,8.6,Low,False
8752-STIVR,Month-to-month,4,79.0,Yes,70.5,High,True
0691-NIKRI,One year,40,105.95,No,39.0,Medium,False
5022-JNQEQ,Month-to-month,9,75.85,No,46.4,Medium,True
4558-FANTW,Month-to-month,17,91.85,Yes,37.6,Medium,False
3249-VHRIP,Two year,62,43.6,No,4.4,Low,False
3736-BLEPA,One year,28,91.25,No,13.2,Low,False
4701-LKOZD,Two year,70,89.75,No,2.0,Low,False
6603-QWSPR,Two year,46,104.4,No,10.6,Low,False
9921-QFQUL,Month-to-month,23,90.15,No,30.1,Medium,False
1929-ZCBHE,One year,47,40.3,No,4.4,Low,True
4378-MYPGO,Two year,68,105.25,No,10.3,Low,True
8651-ENBZX,One year,60,106.0,Yes,31.1,Medium,False
4129-LYCOI,Two year,67,104.0,No,11.2,Low,False
7798-JVXYM,Month-to-month,14,69.65,No,28.7,Low,False
8647-SDTWQ,Month-to-month,57,74.3,No,33.5,Medium,False
2696-ECXKC,One year,55,100.9,No,13.2,Low,False
2081-KJSQF,Month-to-month,1,20.25,No,38.6,Medium,False
7623-TRNQN,Month-to-month,1,49.9,Yes,32.8,Medium,True
3323-CPBWR,Month-to-month,23,96.9,No,37.5,Medium,False
9330-IJWIO,Month-to-month,13,100.35,Yes,68.7,High,False
3384-CTMSF,Month-to-month,47,104.1,No,58.0,Medium,False
0902-RFHOF,One year,38,20.1,No,2.0,Low,False
9286-DOJGF,Month-to-month,38,74.95,Yes,43.9,Medium,True
6048-QBXKL,Month-to-month,2,56.55,No,58.2,Medium,True
9661-MHUMO,Month-to-month,1,49.25,Yes,45.4,Medium,True
7718-RXDGG,Month-to-month,15,68.6,No,46.2,Medium,False
1025-FALIX,Month-to-month,26,69.05,No,20.5,Low,False
3451-VAWLI,Two year,35,19.7,No,0.9,Low,False
3407-QGWLG,Month-to-month,3,20.05,No,16.9,Low,False
1842-EZJMK,Month-to-month,50,103.7,Yes,39.9,Medium,False
2347-WKKAE,Month-to-month,42,94.4,No,36.3,Medium,False
8735-DCXNF,Month-to-month,10,54.95,No,17.3,Low,False
3214-IYUUQ,One year,61,93.7,No,6.3,Low,False
1936-UAFEH,Two year,68,110.25,No,8.3,Low,True
3587-PMCOY,One year,10,98.9,No,67.6,High,True
8079-XRJRS,One year,65,89.75,Yes,7.6,Low,False
1027-LKKQQ,Two year,72,80.45,No,0.5,Low,False
7148-XZPHA,Month-to-month,55,79.4,No,17.6,Low,False
8073-IJDCM,Month-to-month,1,20.3,Yes,38.1,Medium,False
5309-TAIKL,Month-to-month,7,62.8,No,16.8,Low,False
6856-RAURS,Month-to-month,2,74.9,No,68.7,High,True
8778-LMWTJ,Month-to-month,9,74.85,No,47.8,Medium,True
9717-IOAAF,Two year,27,25.85,No,1.7,Low,False
8884-ADFVN,Month-to-month,7,101.95,Yes,89.7,High,True
2845-KDHVX,Two year,64,68.3,No,1.2,Low,False
0848-SOMKO,Two year,70,48.4,No,2.0,Low,False
2720-WGKHP,Month-to-month,2,94.0,Yes,87.4,High,False
6734-FQAJX,Two year,67,105.05,No,11.3,Low,True
2869-ADAWR,Month-to-month,45,89.3,Yes,29.7,Low,False
1535-VTJOQ,Two year,24,25.15,No,2.1,Low,False
6368-TZZDT,Two year,4,19.5,No,1.6,Low,False
0943-ZQPXH,Month-to-month,44,92.95,No,26.0,Low,False
1293-BSEUN,Two year,72,20.7,No,0.4,Low,False
9894-EZEWG,Month-to-month,1,74.3,Yes,75.0,High,False
1302-TPUBN,Two year,66,19.35,No,1.6,Low,False
7851-FLGGQ,Month-to-month,1,44.65,Yes,48.5,Medium,True
0637-UBJRP,Month-to-month,13,84.05,Yes,48.3,Medium,False
0940-OUQEC,Month-to-month,10,80.7,Yes,60.0,Medium,False
2378-VTKDH,Month-to-month,65,104.35,No,41.1,Medium,False
0927-CNGRH,Month-to-month,1,19.55,No,30.5,Medium,False
8608-OZTLB,One year,38,74.05,No,7.6,Low,False
2335-GSODA,Two year,23,40.1,No,1.8,Low,True
1952-DVVSW,One year,10,20.1,No,3.8,Low,True
0702-PGIBZ,Month-to-month,4,101.7,Yes,85.1,High,False
6656-GULJQ,Two year,72,83.55,No,0.8,Low,False
9853-JFZDU,Month-to-month,35,56.85,No,10.0,Low,False
1963-VAUKV,Month-to-month,1,20.4,Yes,30.3,Medium,True
3777-XROBG,Two year,58,19.55,No,1.4,Low,False
6994-FGRHH,One year,70,106.15,No,29.3,Low,False
4000-VGMQP,One year,38,78.95,No,11.6,Low,False
3999-WRNGR,Month-to-month,60,49.75,No,23.8,Low,False
3466-RITXD,Month-to-month,26,92.4,No,40.3,Medium,True
2680-XKKNJ,One year,8,58.2,No,5.2,Low,False
3058-HJCUY,One year,41,102.6,Yes,41.2,Medium,False
2974-GGUXS,Month-to-month,36,91.95,No,34.4,Medium,False
7994-XIRTR,One year,54,65.25,No,6.8,Low,False
3259-FDWOY,Two year,71,106.0,Yes,29.5,Low,False
2101-RANCD,Month-to-month,55,73.1,No,32.9,Medium,True
7921-BEPCI,Two year,72,59.75,No,0.5,Low,False
0807-ZABDG,Month-to-month,3,55.1,Yes,32.2,Medium,False
8510-TMWYB,Two year,54,59.8,No,2.6,Low,False
3258-ZKPAI,Two year,72,116.6,No,2.0,Low,False
1428-IEDPR,Two year,52,109.3,No,30.2,Medium,False
5298-GSTLM,One year,60,101.4,No,18.8,Low,False
4450-YOOHP,Month-to-month,39,50.65,No,22.1,Low,False
6728-CZFEI,One year,15,56.15,No,7.8,Low,False
5748-RNCJT,Two year,69,106.5,Yes,37.9,Medium,False
3653-NCRDJ,One year,43,19.2,No,1.4,Low,False
6121-TNHBO,One year,63,83.0,No,2.5,Low,False
5119-NZPTV,Month-to-month,2,70.1,No,56.3,Medium,False
6519-ZHPXP,Two year,72,108.3,No,2.0,Low,True
7739-LAXOG,Month-to-month,32,91.05,Yes,36.6,Medium,False
3472-QPRCH,Two year,40,25.25,No,1.2,Low,False
8224-UAXBZ,One year,58,45.35,No,15.6,Low,False
9610-WCESF,Two year,67,43.9,No,4.6,Low,True
9776-CLUJA,Month-to-month,51,77.5,Yes,31.1,Medium,False
2486-WYVVE,One year,31,79.3,No,15.0,Low,False
3865-ZYKAD,Month-to-month,69,84.9,No,19.5,Low,True
1422-DGUBX,One year,32,79.25,No,23.1,Low,False
2999-AANRQ,Two year,21,71.05,No,1.8,Low,False
8668-KNZTI,One year,52,53.75,No,6.0,Low,False
0480-KYJVA,Two year,72,24.25,No,0.4,Low,True
6034-ZRYCV,Two year,72,54.2,Yes,7.8,Low,False
9746-YKGXB,One year,52,44.25,No,9.1,Low,False
3926-YZVVX,One year,41,50.05,No,2.8,Low,True
6000-UKLWI,Two year,41,20.15,No,1.2,Low,False
2079-FBMZK,Month-to-month,6,69.25,Yes,52.5,Medium,False
6332-FBZRI,One year,67,69.35,No,3.4,Low,True
2096-XOTMO,Month-to-month,16,19.35,No,8.1,Low,False
3266-FTKHB,Two year,17,19.15,No,0.6,Low,False
8221-EQDGL,Month-to-month,35,61.0,No,6.6,Low,False
2346-LOCWC,Two year,58,20.5,No,1.4,Low,True
6608-QQLVK,Month-to-month,1,50.5,Yes,68.5,High,True
0298-XACET,Two year,52,50.2,No,2.0,Low,True
7560-QJAVJ,Two year,70,79.6,No,2.9,Low,True
2995-YWTCD,Two year,19,24.9,No,2.0,Low,False
3551-HUAZH,Month-to-month,1,74.4,Yes,88.2,High,False
9137-UIYPG,Month-to-month,35,106.9,No,23.6,Low,False
2809-ZMYOQ,Month-to-month,32,101.35,No,56.2,Medium,False
5084-OOVCJ,Month-to-month,17,55.35,No,15.7,Low,False
0254-WWRKD,One year,67,50.55,No,2.7,Low,False
7727-SHVZV,Month-to-month,9,19.5,No,9.6,Low,False
6302-JGYRJ,One year,31,79.45,Yes,12.1,Low,False
5339-PXDVH,Month-to-month,4,90.65,No,56.7,Medium,True
2205-LPVGL,One year,58,89.85,No,4.9,Low,False
8782-NUUOL,One year,60,79.0,No,3.8,Low,True
3685-YLCMQ,One year,58,104.65,Yes,49.0,Medium,False
7601-WFVZV,Month-to-month,1,19.55,No,31.6,Medium,False
4609-KNNWG,Two year,27,19.9,No,0.9,Low,False
4868-AADLV,One year,66,116.25,No,20.7,Low,False
9529-OFXHY,Month-to-month,15,87.75,No,42.5,Medium,False
8634-MPHTR,Month-to-month,47,100.05,Yes,65.4,High,False
2669-QVCRG,Month-to-month,41,81.3,No,28.8,Low,True
2478-EEWWM,Month-to-month,59,44.3,No,40.7,Medium,True
9174-IHETN,Two year,50,70.35,No,2.6,Low,False
2233-TXSIU,One year,17,44.45,No,7.8,Low,True
9644-UMGQA,Month-to-month,6,49.15,No,33.1,Medium,False
3256-EZDBI,Month-to-month,51,29.45,No,25.4,Low,False
8761-NSOBC,Month-to-month,44,100.55,Yes,30.6,Medium,False
0419-YAAPX,Month-to-month,49,85.3,No,29.5,Low,False
8413-VONUO,Month-to-month,2,95.65,Yes,57.7,Medium,False
0872-CASZJ,One year,59,69.1,No,4.5,Low,False
4726-DLWQN,Month-to-month,50,70.35,No,11.2,Low,False
8164-OCKUJ,Two year,59,20.6,No,0.8,Low,False
3094-JOJAI,Month-to-month,18,74.15,No,31.1,Medium,True
9494-MRNYX,Month-to-month,10,75.05,No,50.1,Medium,False
2599-CZABP,One year,14,44.6,No,8.8,Low,False
7945-PRBVF,Two year,35,21.45,No,1.2,Low,False
4544-RXFMG,One year,8,43.45,No,10.7,Low,False
0859-YGKFW,One year,18,20.05,No,2.5,Low,False
1150-FTQGN,One year,60,94.15,No,5.3,Low,False
9223-UCPVT,Month-to-month,1,94.4,Yes,84.8,High,False
7196-LIWRH,Two year,6,19.55,No,2.1,Low,False
5448-VWNAM,Month-to-month,19,75.9,No,9.7,Low,False
1177-XZBJL,One year,53,64.15,No,2.7,Low,False
3518-FSTWG,Two year,72,109.55,No,2.0,Low,False
9330-VOFSZ,Two year,60,110.8,No,8.5,Low,True
4351-QLCSU,Month-to-month,1,55.0,Yes,65.9,High,False
0939-EREMR,Month-to-month,13,53.45,No,11.3,Low,False
9389-ACWBI,Month-to-month,5,69.95,No,48.0,Medium,True
5419-JPRRN,Month-to-month,1,101.45,Yes,94.4,High,False
3644-QXEHN,Month-to-month,13,97.0,No,45.1,Medium,False
2911-IJORQ,One year,37,90.6,No,5.6,Low,False
5921-NGYRH,Month-to-month,64,73.55,No,10.1,Low,True
2100-BDNSN,Month-to-month,5,67.95,Yes,31.5,Medium,False
5998-DZLYR,Two year,61,94.35,No,3.0,Low,False
0488-GSLFR,Month-to-month,1,69.5,Yes,84.9,High,False
9318-NKNFC,Month-to-month,1,18.85,Yes,28.0,Low,False
3985-HOYPM,One year,26,19.4,No,2.1,Low,True
9728-FTTVZ,Month-to-month,1,69.2,Yes,84.9,High,False
9548-LERKT,Two year,24,19.75,No,1.6,Low,True
6576-FBXOJ,One year,17,54.6,No,25.4,Low,False
4310-KEDTB,Month-to-month,26,29.8,No,16.7,Low,False
7254-IQWOZ,Month-to-month,1,69.65,Yes,84.0,High,False
2474-BRUCM,Month-to-month,40,101.85,Yes,50.5,Medium,False
4062-HBMOS,Month-to-month,52,103.05,No,56.5,Medium,False
0742-NXBGR,Month-to-month,1,82.3,Yes,81.6,High,False
2676-ISHSF,Month-to-month,1,20.3,No,29.7,Low,False
9236-NDUCW,Two year,21,35.1,No,2.8,Low,False
4753-PADAS,One year,67,105.7,No,26.5,Low,True
6103-QCKFX,Month-to-month,44,56.25,No,10.5,Low,False
7781-EWARA,One year,70,60.35,No,9.8,Low,False
6110-OHIHY,Month-to-month,3,79.25,Yes,59.1,Medium,False
7018-FPXHH,Two year,56,59.8,No,1.2,Low,False
5889-LFOLL,Month-to-month,13,84.6,Yes,76.5,High,False
5708-EVONK,Month-to-month,58,93.4,Yes,20.0,Low,False
8708-XPXHZ,Month-to-month,42,94.2,Yes,55.5,Medium,False
0616-ATFGB,Month-to-month,1,25.05,Yes,75.7,High,True
0572-ZJKLT,Two year,46,99.65,No,3.6,Low,False
5135-RDDQL,Two year,63,50.65,No,1.6,Low,False
1353-LJWEM,Month-to-month,11,60.9,No,25.3,Low,False
1794-SWWKL,Month-to-month,15,59.65,No,17.5,Low,False
6166-YIPFO,Two year,72,64.7,No,2.1,Low,False
7016-BPGEU,Month-to-month,29,25.1,Yes,18.4,Low,False
6876-ADESB,Month-to-month,1,48.95,Yes,56.6,Medium,False
9332-GYWLO,Month-to-month,6,54.85,No,33.5,Medium,False
1963-SVUCV,Month-to-month,1,45.3,Yes,58.0,Medium,False
4184-VODJZ,One year,63,91.35,No,14.2,Low,True
0220-EBGCE,Month-to-month,2,85.85,Yes,72.9,High,False
1092-WPIVQ,Two year,18,25.1,No,1.6,Low,False
7233-IOQNP,Month-to-month,43,34.0,No,10.9,Low,True
2834-JKOOW,One year,15,45.9,No,7.8,Low,True
2754-VDLTR,Month-to-month,10,95.2,Yes,63.5,High,False
2400-FEQME,Two year,55,20.5,No,1.4,Low,False
3190-XFANI,One year,49,100.6,Yes,28.4,Low,False
7551-DACSP,Month-to-month,6,55.3,Yes,35.9,Medium,False
4957-SREEC,Two year,70,20.35,No,0.6,Low,False
7235-NXZCP,Month-to-month,2,74.85,Yes,74.1,High,True
0230-UBYPQ,One year,63,36.1,No,4.2,Low,True
4923-ADWXJ,Month-to-month,25,65.8,No,8.9,Low,False
1763-KUAAW,One year,18,20.35,No,2.8,Low,False
1104-TNLZA,Month-to-month,28,105.8,No,55.5,Medium,False
5195-KPUNQ,One year,53,96.75,No,10.0,Low,False
0520-FDVVT,One year,35,102.35,Yes,20.6,Low,False
3439-GVUSX,Month-to-month,1,24.4,No,51.3,Medium,False
1444-VVSGW,One year,70,115.65,Yes,22.5,Low,True
5712-PTIWW,Month-to-month,2,79.85,Yes,65.5,High,False
5949-HGVJL,Month-to-month,26,73.05,No,18.4,Low,True
5203-XEHAX,One year,34,64.35,No,5.1,Low,False
1635-HDGFT,Two year,19,20.5,No,1.1,Low,False
3315-TOTBP,Month-to-month,15,76.0,Yes,53.9,Medium,False
8050-XGRVL,One year,62,54.75,No,2.0,Low,False
6661-HBGWL,Month-to-month,42,104.75,Yes,54.1,Medium,True
1518-VOWAV,Month-to-month,9,74.65,Yes,33.4,Medium,False
9828-QHFBK,Month-to-month,24,51.15,No,16.6,Low,False
3908-MKIMJ,Two year,68,41.95,No,9.9,Low,False
5012-YSPJJ,Month-to-month,31,54.35,No,6.5,Low,False
5909-ECHUI,Month-to-month,1,56.25,Yes,72.5,High,False
1309-BXVOQ,Month-to-month,21,106.1,Yes,74.9,High,False
6728-VOIFY,One year,63,96.0,No,18.4,Low,False
9317-WZPGV,Month-to-month,2,79.75,Yes,73.8,High,False
4891-NLUBA,Two year,61,61.45,No,1.1,Low,False
2856-HYAPG,Month-to-month,1,68.65,Yes,79.1,High,False
8969-PRHFK,One year,18,19.65,No,2.9,Low,False
0661-KQHNK,One year,6,19.0,No,1.2,Low,False
8709-KRDVL,Month-to-month,33,100.0,No,53.3,Medium,True
4488-PSYCG,Month-to-month,16,20.25,Yes,6.6,Low,False
1427-VERSM,Month-to-month,56,98.7,No,36.7,Medium,False
9801-NOSHQ,One year,23,19.8,No,2.4,Low,False
6339-YPSAH,Month-to-month,9,73.8,No,53.5,Medium,False
3621-CEOVK,Month-to-month,14,100.2,Yes,78.1,High,False
6906-ANDWJ,Month-to-month,15,74.9,Yes,55.0,Medium,False
2159-TURXX,Month-to-month,5,20.05,No,10.0,Low,True
1548-FEHVL,Month-to-month,61,106.2,No,34.2,Medium,False
3795-CAWEX,Two year,70,116.55,No,6.0,Low,False
6215-NQCPY,Month-to-month,15,99.7,No,72.5,High,False
5647-URDKA,Two year,8,19.7,No,1.9,Low,False
2229-DPMBI,Two year,8,19.5,No,1.7,Low,False
9626-WEQRM,Month-to-month,4,29.15,No,33.5,Medium,False
2188-SXWVT,One year,34,55.0,No,3.2,Low,True
6258-PVZWJ,Two year,68,90.8,No,2.5,Low,False
1094-BKOSX,One year,45,51.0,No,9.2,Low,False
6969-MVBAI,Month-to-month,9,90.1,No,78.8,High,True
2978-XXSOG,Month-to-month,22,59.05,No,10.3,Low,False
2342-CKIAO,Month-to-month,2,20.3,No,11.0,Low,False
6953-PBDIN,Two year,70,72.95,No,3.4,Low,True
3898-BSJYF,One year,10,73.55,No,11.5,Low,False
3938-YFPXD,Two year,72,84.3,No,0.9,Low,False
7696-AMHOD,One year,49,78.0,No,6.2,Low,False
2453-SAFNS,One year,54,72.1,No,4.3,Low,False
9558-IHEZX,Two year,71,106.75,No,5.4,Low,False
9617-UDPEU,One year,22,19.25,No,2.3,Low,False
6340-DACFT,Two year,50,20.55,No,1.0,Low,True
4955-VCWBI,One year,43,20.0,No,2.2,Low,True
6813-GZQCG,Two year,45,24.65,No,1.9,Low,False
7426-GSWPO,Month-to-month,64,103.5,No,22.0,Low,False
3389-KTRXV,Two year,23,23.85,No,1.6,Low,False
3118-UHVVQ,Two year,68,25.8,No,0.7,Low,False
1031-IIDEO,Month-to-month,1,70.85,Yes,79.8,High,False
5832-XKAES,Month-to-month,2,69.8,Yes,57.0,Medium,False
3205-MXZRA,One year,26,59.45,No,4.1,Low,False
4701-AHWMW,Month-to-month,55,54.55,Yes,20.3,Low,True
8317-BVKSO,Month-to-month,14,20.05,No,14.6,Low,False
5702-KVQRD,Two year,71,82.55,No,2.0,Low,True
0083-PIVIK,One year,64,81.25,No,4.5,Low,False
9210-IAHGH,Month-to-month,7,70.75,Yes,26.5,Low,False
6169-PGNCD,Two year,57,74.3,No,1.3,Low,False
0023-XUOPT,Month-to-month,13,94.1,Yes,54.0,Medium,True
4592-IWTJI,Month-to-month,3,29.7,Yes,30.2,Medium,False
4909-JOUPP,Two year,72,109.7,No,2.6,Low,False
4657-FWVFY,Month-to-month,40,96.35,No,33.7,Medium,False
2257-BOVXD,Month-to-month,14,66.6,No,23.3,Low,True
7729-JTEEC,Month-to-month,2,44.5,No,50.4,Medium,False
7632-MNYOY,One year,66,110.9,Yes,31.9,Medium,False
6518-LGAOV,Month-to-month,38,105.0,Yes,58.5,Medium,False
7242-QZLXF,Month-to-month,1,25.3,Yes,67.3,High,False
4576-CSAJH,One year,22,55.15,Yes,11.7,Low,False
1000-AJSLD,Month-to-month,1,20.1,Yes,48.9,Medium,False
9696-RMYBA,Month-to-month,5,80.1,No,65.5,High,False
8690-UPCZI,One year,29,69.05,No,2.6,Low,True
1062-LHZOD,Month-to-month,1,69.9,Yes,79.3,High,False
9770-LXDBK,Month-to-month,3,20.4,No,12.4,Low,False
4086-WITJG,Two year,71,19.7,No,0.8,Low,True
8344-WFMFH,Month-to-month,9,50.1,No,32.6,Medium,False
9600-NAXZN,Month-to-month,43,101.4,Yes,64.3,High,False
8822-KNBHV,One year,48,83.45,No,8.2,Low,False
8404-FYDIB,Month-to-month,26,86.65,No,26.7,Low,False
2791-SFVEW,Month-to-month,9,20.15,No,9.1,Low,False
6457-USBER,Month-to-month,1,80.8,Yes,84.7,High,False
6762-NSODU,Two year,46,19.4,No,1.0,Low,False
4662-EKDPQ,Month-to-month,2,62.05,Yes,43.8,Medium,False
9248-OJYKK,Month-to-month,1,76.45,Yes,92.1,High,True
9888-ZCUMM,Two year,64,60.05,No,1.1,Low,False
3398-FSHON,Month-to-month,12,91.3,Yes,78.4,High,False
3319-DWOEP,Month-to-month,6,95.75,Yes,78.5,High,False
1074-WVEVG,One year,59,20.35,No,1.5,Low,False
9979-RGMZT,One year,7,94.05,No,56.6,Medium,True
6437-UDQJM,Two year,72,84.1,No,1.3,Low,False
1226-IENZN,Month-to-month,16,78.75,No,51.6,Medium,False
2108-GLPQB,Month-to-month,25,55.55,No,11.3,Low,False
9259-PACGQ,Month-to-month,34,62.65,Yes,11.4,Low,False
4415-IJZTP,Month-to-month,1,74.5,Yes,85.2,High,True
1465-VINDH,Month-to-month,10,102.1,Yes,78.3,High,False
5474-LAMUQ,One year,24,20.1,No,2.1,Low,False
3468-DRVQJ,One year,10,70.3,No,9.8,Low,False
1122-YJBCS,One year,69,53.65,No,3.7,Low,True
4990-ALDGW,Two year,57,20.75,No,1.6,Low,False
4816-OKWNX,One year,50,103.4,No,20.7,Low,False
3315-IKYZQ,One year,28,50.8,No,4.0,Low,False
2810-FTLEM,Month-to-month,16,50.15,Yes,30.5,Medium,False
4747-LCAQL,Month-to-month,25,79.0,No,9.6,Low,False
3411-WLRSQ,Month-to-month,3,74.6,No,63.5,High,False
0898-XCGTF,One year,61,96.5,No,23.2,Low,False
8006-PYCSW,Month-to-month,2,20.1,No,14.3,Low,False
8249-THVEC,One year,51,19.4,No,2.6,Low,False
8722-PRFDV,Two year,71,77.55,No,1.3,Low,False
2164-SOQXL,Month-to-month,20,20.05,No,6.5,Low,False
4020-KIUDI,Month-to-month,6,19.85,No,7.8,Low,False
5850-BDWCY,Month-to-month,6,20.2,No,9.1,Low,True
2038-YSEZE,Month-to-month,29,67.45,No,4.7,Low,False
0827-ITJPH,Two year,36,18.55,No,0.6,Low,False
8799-OXZMD,Month-to-month,28,29.75,No,18.5,Low,False
1925-TIBLE,Month-to-month,7,86.5,Yes,79.8,High,False
1705-GUHPV,Two year,63,24.2,No,0.8,Low,True
4779-ZGICK,Two year,48,23.55,No,1.6,Low,True
0048-PIHNL,One year,49,20.45,No,1.8,Low,True
0818-OCPZO,Month-to-month,27,81.45,Yes,49.6,Medium,False
3967-KXAPS,Two year,72,92.3,No,0.6,Low,True
1447-GIQMR,Month-to-month,1,69.15,Yes,85.4,High,False
3704-IEAXF,Two year,72,53.65,No,1.0,Low,False
6810-VCAEX,One year,47,39.65,No,3.1,Low,False
0674-EYYZV,Month-to-month,1,54.65,No,73.1,High,False
4480-MBMLB,One year,36,104.8,No,25.4,Low,False
1395-OFUWC,Month-to-month,43,29.3,No,13.7,Low,True
0822-QGCXA,Month-to-month,27,83.85,No,25.7,Low,False
0872-NXJYS,Month-to-month,9,79.55,Yes,61.7,High,False
2832-KJCRD,Month-to-month,38,103.65,No,53.6,Medium,False
3588-WSTTJ,Month-to-month,35,99.05,No,54.2,Medium,False
4075-WKNIU,Two year,0,73.35,No,5.9,Low,False
5090-EMGTC,Two year,59,100.05,No,3.5,Low,False
2346-CZYIL,Two year,27,20.35,No,0.9,Low,False
3798-EPWRR,Month-to-month,2,43.95,No,44.9,Medium,False
6258-NGCNG,Month-to-month,7,23.5,No,13.1,Low,True
4186-ZBUEW,One year,36,70.7,No,8.9,Low,False
5274-XHAKY,Month-to-month,41,94.3,No,26.0,Low,False
1442-BQPVU,Month-to-month,13,29.15,No,26.0,Low,False
3978-YNKDD,Two year,19,20.85,No,1.3,Low,True
4940-KHCWD,Two year,60,37.7,No,1.6,Low,True
9412-ARGBX,Two year,48,95.5,Yes,2.3,Low,True
1389-CXMLU,Month-to-month,3,91.05,Yes,76.6,High,False
9589-ABEPT,Two year,69,92.45,No,3.3,Low,False
9388-ZEYVT,One year,43,44.15,No,7.9,Low,False
0305-SQECB,One year,11,36.05,No,6.2,Low,False
7605-SNLQG,Month-to-month,45,50.25,No,11.3,Low,False
4670-TABXH,Two year,72,109.75,No,4.3,Low,False
5561-NWEVX,Month-to-month,2,79.2,Yes,73.7,High,False
0064-SUDOG,Two year,12,20.3,No,1.2,Low,False
8561-NMTBD,One year,67,112.35,No,13.4,Low,False
5161-XEUVX,Two year,37,94.3,No,5.6,Low,True
8292-FRFZQ,One year,39,41.15,No,3.8,Low,False
8591-NXRCV,Month-to-month,41,74.65,No,11.9,Low,False
7895-VONWT,Month-to-month,25,48.25,No,38.9,Medium,False
4526-RMTLL,Two year,8,76.15,No,3.8,Low,False
6253-GNHWH,Two year,71,71.1,No,0.7,Low,False
4566-NECEV,Month-to-month,5,96.55,No,67.1,High,False
8080-POTJR,One year,30,79.3,No,14.2,Low,False
6906-MPARY,One year,40,89.6,No,12.1,Low,False
3662-FXJFO,Two year,54,20.5,No,1.9,Low,False
8107-RZLNV,Two year,72,106.3,No,9.7,Low,False
0516-OOHAR,One year,28,100.35,No,20.1,Low,True
2027-CWDNU,Month-to-month,18,85.6,No,39.8,Medium,False
2737-WFVYW,Month-to-month,2,45.25,Yes,74.6,High,False
9912-OMZDS,One year,59,106.15,No,29.3,Low,False
3733-ZEECP,Month-to-month,22,51.1,No,24.5,Low,False
7878-RTCZG,Month-to-month,1,19.9,No,42.0,Medium,False
2452-MRMZF,Two year,72,25.7,No,0.8,Low,False
2272-QAGFO,Month-to-month,14,74.3,Yes,71.5,High,False
7103-IPXPJ,One year,50,99.4,No,29.7,Low,False
4342-HFXWS,One year,48,69.7,No,4.1,Low,False
3545-CNWRG,Month-to-month,49,98.35,No,49.6,Medium,False
1785-BPHTP,Month-to-month,28,85.45,No,40.1,Medium,False
4989-LIXVT,Month-to-month,68,95.9,No,37.6,Medium,False
7315-WYOAW,Month-to-month,13,100.75,No,58.9,Medium,False
1173-XZPYF,Month-to-month,11,89.2,No,67.0,High,False
9850-OWRHQ,Month-to-month,3,74.1,Yes,71.9,High,False
3768-NLUBH,Month-to-month,57,100.6,Yes,49.9,Medium,False
8676-TRMJS,Month-to-month,3,75.0,Yes,58.7,Medium,True
2509-TFPJU,Two year,72,25.75,No,0.5,Low,False
9530-GRMJG,Two year,70,84.1,No,6.1,Low,True
6898-RBTLU,Two year,49,79.3,No,1.7,Low,False
5481-NTDOH,One year,67,107.05,No,18.2,Low,False
2068-WWXQZ,Two year,46,20.05,No,1.2,Low,False
7359-SSBJK,Two year,64,70.2,Yes,1.3,Low,False
2061-VVFST,Month-to-month,37,19.5,No,7.4,Low,True
0685-MLYYM,Month-to-month,2,70.75,Yes,56.5,Medium,True
0749-IRGQE,Month-to-month,13,45.3,No,50.5,Medium,True
2380-DAMQP,Two year,72,115.15,No,2.3,Low,False
2256-YLYLP,Two year,68,72.95,No,3.7,Low,False
1272-ILHFG,One year,15,19.65,No,3.5,Low,False
0164-XAIRP,Two year,24,19.55,No,1.7,Low,True
5666-CYCYZ,Month-to-month,24,89.55,No,47.6,Medium,False
4011-ARPHK,Month-to-month,27,50.35,No,5.9,Low,False
8182-PNAGI,Month-to-month,12,50.25,Yes,13.9,Low,False
6365-HITVU,Two year,71,87.25,No,0.6,Low,True
7558-IMLMT,Two year,67,20.8,No,0.7,Low,False
9488-FYQAU,Two year,63,109.25,No,9.7,Low,False
3590-TCXTB,Month-to-month,1,20.35,No,29.7,Low,False
6994-KERXL,Month-to-month,4,55.9,No,47.3,Medium,False
7957-RYHQD,Month-to-month,40,79.2,Yes,30.7,Medium,True
2180-DXNEG,Month-to-month,12,96.0,Yes,74.1,High,False
1960-UOTYM,Two year,52,79.2,No,2.7,Low,False
2740-JFBOK,Month-to-month,10,24.0,No,21.0,Low,False
6500-JVEGC,One year,68,101.35,No,11.4,Low,False
5515-AKOAJ,Month-to-month,54,100.1,Yes,52.3,Medium,False
8976-OQHGT,Month-to-month,4,56.5,Yes,21.9,Low,False
5245-VDBUR,One year,52,35.45,No,4.1,Low,True
6230-BSUXY,Month-to-month,1,85.0,Yes,87.7,High,True
8469-SNFFH,One year,70,79.4,No,4.9,Low,False
2144-ESWKO,One year,43,35.2,No,6.2,Low,False
1241-FPMOF,Two year,52,19.65,No,2.2,Low,False
9928-BZVLZ,Two year,12,49.85,No,3.7,Low,False
4114-QMKVN,One year,56,68.75,No,4.0,Low,False
2775-SEFEE,Two year,0,61.9,No,3.7,Low,False
9003-CPATH,Month-to-month,42,79.9,No,33.3,Medium,False
1754-GKYPY,Month-to-month,22,89.75,No,45.0,Medium,False
5294-CDGWY,One year,51,59.3,Yes,17.0,Low,False
7956-XQWGU,Month-to-month,27,19.4,No,6.3,Low,False
1591-MQJTP,One year,51,93.65,No,18.2,Low,False
5295-PCJOO,Month-to-month,4,49.4,Yes,41.9,Medium,False
2369-FEVNO,Month-to-month,1,19.9,No,49.0,Medium,True
9863-JZAIC,Month-to-month,35,55.0,Yes,12.2,Low,False
7471-MQPOS,One year,71,72.9,No,5.1,Low,True
7660-HDPJV,Month-to-month,1,69.2,Yes,84.9,High,False
5115-SQAAU,Two year,69,25.6,No,0.6,Low,False
9845-QOMAD,One year,14,19.75,No,3.3,Low,False
7672-VFMXZ,Month-to-month,57,55.7,No,11.8,Low,False
9739-JLPQJ,Two year,72,117.5,No,1.4,Low,False
9916-AYHTC,Two year,48,19.85,No,1.1,Low,False
3855-ONCAR,Month-to-month,4,78.9,No,67.8,High,False
1488-SYSFC,Month-to-month,31,20.65,No,8.4,Low,False
7931-PXHFC,One year,38,62.3,Yes,11.0,Low,False
3990-QYKBE,Month-to-month,37,92.5,Yes,52.2,Medium,False
0970-QXPXW,Month-to-month,1,19.65,No,34.0,Medium,False
3259-KNMRR,Two year,57,79.75,No,5.1,Low,False
6120-RJKLU,Two year,62,79.95,No,2.4,Low,False
9572-WUKSB,Month-to-month,3,29.9,No,52.4,Medium,True
5893-KCLGT,Two year,72,19.75,No,0.6,Low,False
0076-LVEPS,Month-to-month,29,45.0,No,7.3,Low,True
3640-JQGJG,Month-to-month,13,44.8,No,11.5,Low,False
4919-MOAVT,Month-to-month,3,69.65,Yes,48.3,Medium,False
1596-OQSPS,Month-to-month,11,51.1,No,21.5,Low,False
9867-XOBQA,Two year,21,53.15,No,2.5,Low,True
9546-KDTRB,Month-to-month,19,24.7,No,9.2,Low,False
3090-HAWSU,Two year,61,111.6,Yes,16.0,Low,False
9820-RMCQV,Month-to-month,11,48.55,Yes,12.8,Low,True
3174-RKMOW,Month-to-month,35,109.95,No,26.6,Low,False
1760-CAZHT,Month-to-month,25,20.8,No,4.8,Low,False
7839-QRKXN,Month-to-month,1,20.2,Yes,43.3,Medium,False
8441-SHIPE,Two year,67,25.6,No,0.9,Low,False
5204-QZXPU,Month-to-month,19,39.65,Yes,55.2,Medium,False
4597-ELFTS,One year,56,24.9,Yes,4.5,Low,False
1320-GVNHT,Two year,72,108.4,No,2.1,Low,False
1047-RNXZV,Two year,43,19.55,No,1.5,Low,True
3541-ZNUHK,Month-to-month,55,85.1,No,21.2,Low,False
8450-JOVAH,Month-to-month,2,56.7,Yes,27.1,Low,True
8725-JEDFD,Month-to-month,27,69.05,No,18.4,Low,False
7562-UXTPG,Month-to-month,13,70.15,No,39.6,Medium,False
8071-SBTRN,Two year,70,111.15,No,6.8,Low,False
1113-IUJYX,One year,14,105.95,Yes,34.4,Medium,False
6668-CNMFP,One year,19,89.35,No,23.2,Low,False
5626-MGTUK,Month-to-month,20,89.1,No,34.9,Medium,False
5681-LLOEI,One year,43,91.25,No,6.1,Low,False
8212-DJRCH,Month-to-month,5,90.35,No,51.7,Medium,True
4323-OHFOW,One year,70,105.55,No,18.2,Low,False
4933-BSAIP,Two year,40,19.1,No,0.6,Low,False
2030-BTZRO,Two year,6,20.4,No,1.5,Low,False
1116-DXXDF,Two year,39,100.45,No,11.3,Low,False
9274-CNFMO,Month-to-month,4,74.95,Yes,64.3,High,False
7758-XKCBS,Month-to-month,15,29.7,Yes,37.2,Medium,False
8992-JQYUN,Month-to-month,1,50.35,Yes,83.6,High,False
6563-VNPMN,Month-to-month,45,85.7,No,12.5,Low,False
0617-AQNWT,Two year,64,47.85,Yes,5.6,Low,False
2267-WTPYD,Month-to-month,57,94.0,No,26.3,Low,False
0270-THENM,Two year,72,69.85,No,0.5,Low,False
2446-PLQVO,Month-to-month,1,70.3,Yes,78.7,High,False
4707-MAXGU,Two year,72,25.85,No,0.5,Low,False
2710-WYVXG,Two year,3,71.1,No,3.4,Low,False
3005-NFMTA,Month-to-month,55,98.8,Yes,50.4,Medium,False
6300-BWMJX,Month-to-month,59,93.35,No,20.4,Low,False
8784-CGILN,Month-to-month,18,99.85,Yes,56.6,Medium,False
5389-FFVKB,Month-to-month,32,80.3,Yes,43.6,Medium,False
7009-LGECI,Month-to-month,4,50.55,No,26.7,Low,False
8444-WRIDW,Month-to-month,66,80.45,Yes,30.9,Medium,False
5022-KVDQT,Month-to-month,27,81.3,No,49.3,Medium,False
7976-CICYS,Month-to-month,4,20.7,No,10.8,Low,False
1036-GUDCL,Month-to-month,60,79.05,No,5.9,Low,True
2005-DWQZJ,Two year,8,19.05,No,0.7,Low,False
8148-WOCMK,Two year,8,19.6,No,1.3,Low,False
7815-PDTHL,Two year,35,20.2,No,1.0,Low,False
9451-LPGOO,Month-to-month,7,86.8,Yes,79.3,High,False
9173-IVZVP,Two year,53,20.9,No,1.7,Low,False
9129-UXERG,Month-to-month,18,103.6,No,53.0,Medium,False
3635-JBPSG,Two year,15,38.8,No,7.9,Low,False
7964-ZRKKG,One year,67,88.4,No,16.0,Low,False
5868-YWPDW,Month-to-month,6,84.2,Yes,70.8,High,False
6229-LSCKB,Month-to-month,6,79.7,No,72.1,High,False
2025-JKFWI,Month-to-month,13,99.0,Yes,66.7,High,True
4078-SAYYN,Month-to-month,11,100.75,Yes,86.6,High,False
1724-IQWNM,Month-to-month,1,19.3,No,33.7,Medium,False
8217-QYOHV,Month-to-month,5,55.75,No,19.8,Low,False
5546-QUERU,One year,13,19.95,No,3.1,Low,False
9940-HPQPG,Month-to-month,9,91.75,Yes,48.5,Medium,False
6897-UUBNU,Month-to-month,29,89.65,No,23.5,Low,False
6127-IYJOZ,Month-to-month,1,45.85,No,69.7,High,False
6618-RYATB,Month-to-month,1,79.55,Yes,88.3,High,False
8930-XOTDP,Month-to-month,18,55.95,No,20.0,Low,True
5916-QEWPT,Month-to-month,2,69.0,No,37.5,Medium,False
5060-TQUQN,Month-to-month,30,83.55,No,32.0,Medium,False
0531-XBKMM,Two year,66,65.7,No,1.3,Low,False
8465-SBRXP,Two year,38,94.9,No,5.4,Low,False
2408-PSJVE,Month-to-month,44,61.9,No,9.0,Low,True
9079-YEXQJ,Month-to-month,54,111.1,Yes,34.7,Medium,True
9700-ZCLOT,Month-to-month,2,20.0,No,16.9,Low,False
8738-JOKAR,One year,42,67.7,No,5.8,Low,False
4534-WGCIR,Two year,58,25.15,No,1.1,Low,False
1930-WNXSB,Month-to-month,58,92.85,No,27.5,Low,False
2685-SREOM,Month-to-month,25,89.1,Yes,59.6,Medium,False
3508-CFVZL,Two year,71,111.3,No,1.4,Low,False
0402-CQAJN,Month-to-month,37,101.9,Yes,43.6,Medium,False
6692-UDPJC,Month-to-month,14,91.65,Yes,54.2,Medium,False
1273-MTETI,Month-to-month,4,88.85,Yes,83.3,High,False
0657-DOGUM,One year,48,60.6,No,3.9,Low,False
5480-HPRRX,Month-to-month,3,25.3,Yes,62.5,High,True
8792-AOROI,Two year,8,65.5,No,2.6,Low,False
0295-PPHDO,Month-to-month,1,95.45,Yes,91.9,High,True
5146-YYFRZ,Two year,67,19.95,No,1.0,Low,False
1195-OIYEJ,Month-to-month,13,91.1,Yes,71.7,High,False
5906-CVLHP,One year,45,54.15,Yes,6.3,Low,False
3452-SRFEG,Month-to-month,49,74.6,No,27.4,Low,False
4070-OKWVH,Month-to-month,52,94.6,No,24.1,Low,False
5297-MDOIR,One year,63,81.15,No,3.7,Low,True
6369-MCAKO,Two year,68,89.05,No,1.8,Low,False
4926-UMJZD,Month-to-month,31,49.2,No,10.1,Low,False
6848-HJTXY,Two year,64,19.45,No,1.2,Low,True
6341-AEVKX,One year,62,104.3,No,14.5,Low,False
4501-EQDRN,Month-to-month,1,69.7,Yes,76.7,High,False
2990-HWIML,Month-to-month,6,89.5,Yes,73.6,High,False
0682-USIXD,Month-to-month,21,86.05,No,44.5,Medium,True
6976-BWGLQ,Two year,72,25.2,No,0.4,Low,False
7078-NVFAM,Month-to-month,32,35.15,No,25.5,Low,False
8065-QBYTO,One year,71,99.65,No,3.7,Low,False
2133-TSRRM,Month-to-month,34,105.35,No,20.4,Low,False
7384-GHBPI,Month-to-month,3,35.15,Yes,70.9,High,False
7603-USHJS,Month-to-month,12,73.75,Yes,49.8,Medium,True
7234-FECYN,Month-to-month,8,101.35,Yes,82.5,High,False
2511-ALLCS,Two year,35,24.3,No,1.3,Low,False
3191-CSNMG,Month-to-month,3,80.7,No,66.1,High,False
7952-OBOYL,Month-to-month,3,89.85,No,60.8,High,True
7470-DYNOE,One year,53,61.1,No,11.6,Low,False
7853-OETYL,Month-to-month,4,29.05,No,45.2,Medium,False
1545-ACTAS,One year,48,99.7,No,19.1,Low,False
5876-HZVZM,Month-to-month,6,55.9,Yes,13.9,Low,False
1400-MMYXY,Month-to-month,3,105.9,Yes,88.8,High,True
5126-RCXYW,Two year,54,46.0,No,3.1,Low,False
3085-QUOZK,Month-to-month,1,43.95,Yes,44.1,Medium,False
2363-BJLSL,Month-to-month,62,80.4,No,8.6,Low,False
1956-YIFGE,One year,22,100.05,No,32.4,Medium,True
3926-CUQZX,Month-to-month,1,45.1,Yes,58.8,Medium,False
7921-LMDFQ,One year,51,94.0,No,23.6,Low,False
2925-MXLSX,One year,30,68.95,No,5.4,Low,False
5820-PTRYM,One year,56,68.45,No,3.1,Low,True
9609-BENEA,One year,35,69.0,No,10.8,Low,False
6211-WHMYA,Month-to-month,64,43.85,No,17.2,Low,False
4459-BBGHE,Month-to-month,30,44.5,No,24.0,Low,False
9945-PSVIP,Two year,25,18.7,No,0.8,Low,True
1041-RXHRA,Month-to-month,41,70.25,Yes,25.5,Low,False
1750-CSKKM,Month-to-month,9,55.35,Yes,35.8,Medium,False
9108-EJFJP,Month-to-month,1,53.55,No,48.5,Medium,False
0530-IJVDB,Two year,70,114.6,No,4.3,Low,False
0508-SQWPL,Two year,57,20.1,No,2.1,Low,False
2215-ZAFGX,Month-to-month,9,85.5,No,74.8,High,False
8213-TAZPM,One year,69,108.75,No,20.2,Low,False
7142-HVGBG,Month-to-month,43,103.0,Yes,65.6,High,False
1304-SEGFY,Two year,72,97.85,No,6.1,Low,False
7242-EDTYC,Two year,44,19.55,No,1.3,Low,False
2904-GGUAZ,Two year,72,84.05,No,0.9,Low,False
8267-ZNYVZ,One year,33,103.75,Yes,28.3,Low,False
5136-GFPMB,Month-to-month,54,89.4,No,26.0,Low,True
2595-KIWPV,Two year,27,19.7,No,0.9,Low,False
5243-SAOTC,Month-to-month,54,79.85,No,30.8,Medium,False
9398-MMQTO,Month-to-month,3,74.45,No,45.4,Medium,False
7619-PLRLP,One year,53,74.1,No,6.1,Low,False
6457-GIRWB,Month-to-month,1,69.35,Yes,84.5,High,False
6508-NJYRO,One year,15,18.8,No,1.2,Low,False
1450-SKCVI,Month-to-month,56,73.85,Yes,29.5,Low,False
4710-NKCAW,Month-to-month,5,64.4,No,14.3,Low,False
5306-BVTKJ,One year,48,55.8,No,7.5,Low,False
0357-NVCRI,Month-to-month,25,20.05,No,5.3,Low,False
5570-PTWEH,Month-to-month,3,75.15,Yes,71.0,High,False
2371-KFUOG,One year,58,99.15,No,14.5,Low,False
0463-ZSDNT,Month-to-month,10,56.75,No,25.1,Low,False
6502-MJQAE,Month-to-month,1,69.6,Yes,84.5,High,False
6257-DTAYD,Two year,71,104.15,No,12.5,Low,False
4616-ULAOA,Two year,65,110.8,No,5.8,Low,False
7693-LCKZL,Month-to-month,5,80.15,Yes,72.1,High,False
7746-AWNQW,Month-to-month,28,35.75,No,13.3,Low,False
5996-EBTKM,Two year,67,69.9,No,2.3,Low,False
2758-RNWXS,One year,35,89.2,No,13.9,Low,True
2314-TNDJQ,Two year,72,55.65,No,0.6,Low,False
2405-LBMUW,One year,61,50.7,No,5.7,Low,False
3454-JFUBC,Two year,68,20.0,No,1.0,Low,True
0032-PGELS,Month-to-month,1,30.5,Yes,39.3,Medium,False
9039-ZVJDC,Month-to-month,3,19.1,No,8.5,Low,False
6797-LNAQX,Two year,70,98.3,Yes,5.7,Low,True
9013-AQORL,Month-to-month,48,45.55,No,15.3,Low,True
2898-MRKPI,One year,68,101.05,No,27.7,Low,False
2750-BJLSB,One year,47,103.7,No,20.7,Low,True
3648-GZPHF,One year,32,36.25,No,7.4,Low,False
2075-RMJIK,Month-to-month,5,49.4,No,25.1,Low,False
9588-YRFHY,Two year,49,19.9,No,1.1,Low,True
6394-MFYNG,Month-to-month,48,107.4,Yes,39.1,Medium,False
1564-NTYXF,Month-to-month,13,82.0,Yes,77.9,High,False
9364-YKUVW,Month-to-month,15,19.8,No,11.5,Low,True
5392-AKEMH,Month-to-month,12,45.05,No,37.0,Medium,False
2451-YMUXS,Two year,67,64.55,No,1.7,Low,False
3914-FDRHP,Month-to-month,9,86.25,No,47.3,Medium,False
3078-ZKNTS,Two year,13,19.75,No,1.8,Low,False
1024-KPRBB,One year,38,89.1,No,21.4,Low,False
4690-PKDQG,Month-to-month,42,95.55,No,47.1,Medium,False
8155-IBNHG,Month-to-month,24,75.4,Yes,31.1,Medium,False
0886-QGENL,Month-to-month,27,101.25,Yes,57.7,Medium,False
9547-ITEFG,Month-to-month,9,102.6,No,75.3,High,False
1264-FUHCX,One year,49,56.3,No,13.1,Low,True
7789-CRUVC,Month-to-month,61,94.2,No,10.0,Low,True
6598-KELSS,One year,50,43.05,No,6.4,Low,False
8739-WWKDU,Month-to-month,25,89.5,Yes,64.3,High,True
8685-WHQPW,Month-to-month,22,74.4,Yes,44.0,Medium,False
4745-LSPLO,Month-to-month,1,20.5,Yes,37.2,Medium,False
8083-YTZES,Month-to-month,4,74.35,Yes,73.8,High,True
7240-FQLHE,Month-to-month,18,99.75,Yes,52.6,Medium,False
6664-FPDAC,One year,56,111.95,Yes,26.8,Low,True
9972-VAFJJ,One year,53,94.0,No,16.2,Low,True
0422-UXFAP,One year,51,98.85,No,39.7,Medium,True
1904-WAJAA,Two year,24,64.35,No,3.3,Low,False
5130-YPIRV,Two year,62,72.0,No,1.2,Low,False
2843-CQMEG,Month-to-month,24,49.7,No,12.8,Low,True
6439-PKTRR,Two year,70,80.7,No,2.8,Low,False
5351-QESIO,Month-to-month,1,24.2,No,47.5,Medium,True
0786-VSSUD,Month-to-month,16,39.0,Yes,42.9,Medium,False
5568-DMXZS,Month-to-month,8,65.45,No,27.1,Low,False
8468-FZTOE,Two year,72,74.35,No,1.3,Low,False
6633-SYEUS,Month-to-month,23,83.2,No,18.5,Low,False
6447-GORXK,Month-to-month,31,25.0,No,11.4,Low,False
6967-PEJLL,One year,37,40.2,No,6.1,Low,True
3976-BWUCK,Month-to-month,30,94.1,Yes,37.7,Medium,False
5981-ZVXOT,One year,35,108.35,No,20.9,Low,False
1684-FLBGS,Month-to-month,23,69.5,No,10.8,Low,False
1389-WNUIB,One year,20,76.0,No,8.3,Low,False
0376-OIWME,Month-to-month,36,93.6,No,34.0,Medium,False
3585-ISXZP,Month-to-month,8,95.65,Yes,73.9,High,True
0218-QNVAS,One year,71,100.55,No,13.6,Low,False
6583-QGCSI,Month-to-month,50,88.05,Yes,43.7,Medium,False
0804-YGEQV,One year,43,24.45,No,3.3,Low,False
7164-BPTUT,Two year,57,89.55,No,1.2,Low,False
4174-LPGTI,One year,41,66.5,Yes,8.7,Low,False
2523-EWWZL,Month-to-month,27,76.1,No,35.7,Medium,False
0928-XUTSN,Month-to-month,13,80.5,No,53.8,Medium,False
2108-XWMPY,Month-to-month,3,35.45,Yes,44.9,Medium,False
0052-YNYOT,One year,67,20.55,No,1.7,Low,True
6304-IJFSQ,Month-to-month,3,49.9,Yes,40.5,Medium,True
9586-JGQKH,Two year,64,105.4,No,5.7,Low,True
4501-VCPFK,Month-to-month,26,35.75,No,16.9,Low,False
6075-SLNIL,Month-to-month,38,95.1,No,33.2,Medium,False
9347-AERRL,One year,23,19.3,No,1.2,Low,False
0093-XWZFY,Month-to-month,40,104.5,Yes,52.5,Medium,False
2274-XUATA,Two year,72,63.1,No,1.1,Low,False
1980-KXVPM,Month-to-month,3,75.05,Yes,73.3,High,True
7703-ZEKEF,Month-to-month,23,81.0,Yes,47.1,Medium,False
0723-DRCLG,Month-to-month,1,74.45,Yes,89.1,High,False
5482-NUPNA,Month-to-month,4,60.4,Yes,18.4,Low,True
6691-CCIHA,Two year,62,84.95,No,2.7,Low,False
1685-BQULA,Month-to-month,40,93.4,No,31.8,Medium,False
9053-EJUNL,Month-to-month,41,89.2,No,40.8,Medium,False
0666-UXTJO,Month-to-month,34,85.2,No,41.9,Medium,False
1471-GIQKQ,Month-to-month,1,49.95,No,48.4,Medium,True
4807-IZYOZ,Two year,51,20.65,No,0.9,Low,False
1122-JWTJW,Month-to-month,1,70.65,Yes,75.0,High,False
9710-NJERN,Two year,39,20.15,No,1.3,Low,False
9837-FWLCH,Month-to-month,12,19.2,No,7.7,Low,False
1699-HPSBG,One year,12,59.8,Yes,15.8,Low,False
7203-OYKCT,One year,72,104.95,No,22.0,Low,False
1035-IPQPU,Month-to-month,63,103.5,No,34.8,Medium,True
7398-LXGYX,Month-to-month,44,84.8,No,22.4,Low,True
2823-LKABH,Month-to-month,18,95.05,No,34.9,Medium,False
8775-CEBBJ,Month-to-month,9,44.2,Yes,23.1,Low,False
0550-DCXLH,Month-to-month,13,73.35,No,13.8,Low,False
9281-CEDRU,Two year,68,64.1,No,1.3,Low,False
2235-DWLJU,Month-to-month,6,44.4,No,55.1,Medium,False
0871-OPBXW,Month-to-month,2,20.05,No,17.3,Low,False
3605-JISKB,One year,55,60.0,No,4.3,Low,False
6894-LFHLY,Month-to-month,1,75.75,Yes,91.6,High,False
9767-FFLEM,Month-to-month,38,69.5,No,31.1,Medium,True
0639-TSIQW,Month-to-month,67,102.95,Yes,26.3,Low,False
8456-QDAVC,Month-to-month,19,78.7,No,40.6,Medium,False
7750-EYXWZ,One year,12,60.65,No,17.0,Low,True
2569-WGERO,Two year,72,21.15,No,0.6,Low,False
6840-RESVB,One year,24,84.8,No,7.5,Low,False
2234-XADUH,One year,72,103.2,No,8.5,Low,False
4801-JZAZL,Month-to-month,11,29.6,No,29.3,Low,False
8361-LTMKD,Month-to-month,4,74.4,Yes,73.8,High,True
3186-AJIEK,Two year,66,105.65,No,14.4,Low,False
